2026-09-26 12:43:14,873 - drone_ids.main - INFO - Initializing Drone IDS...
2026-09-26 12:43:14,876 - drone_ids.engine - INFO - Added detector: GPSSpoofingDetector
2026-09-26 12:43:14,876 - drone_ids.main - INFO - Registered: GPSSpoofingDetector
2026-09-26 12:43:14,877 - drone_ids.engine - INFO - Added detector: MAVLinkAnomalyDetector
2026-09-26 12:43:14,877 - drone_ids.main - INFO - Registered: MAVLinkAnomalyDetector
2026-09-26 12:43:14,877 - drone_ids.engine - INFO - Added detector: CommandInjectionDetector
2026-09-26 12:43:14,877 - drone_ids.main - INFO - Registered: CommandInjectionDetector
2026-09-26 12:43:14,877 - drone_ids.engine - INFO - Added detector: TelemetryManipulationDetector
2026-09-26 12:43:14,877 - drone_ids.main - INFO - Registered: TelemetryManipulationDetector
2026-09-26 12:43:14,877 - drone_ids.engine - INFO - Added detector: DoSDetector
2026-09-26 12:43:14,877 - drone_ids.main - INFO - Registered: DoSDetector
2026-09-26 12:43:14,877 - drone_ids.engine - INFO - Added detector: FirmwareIntegrityDetector
2026-09-26 12:43:14,877 - drone_ids.main - INFO - Registered: FirmwareIntegrityDetector
2026-09-26 12:43:14,877 - drone_ids.alert_manager - INFO - Alert Manager started
2026-09-26 12:43:14,877 - drone_ids.main - INFO - Setting up SITL...
2026-09-26 12:43:14,877 - drone_ids.sitl_interface - INFO - Setting up SITL test environment...
2026-09-26 12:43:14,877 - drone_ids.sitl - INFO - Starting SITL: sim_vehicle.py -v copter -f quad -I 0 --speedup 1 --home -35.363261,149.165230,584,353 --no-rebuild --console --map
2026-09-26 12:43:24,883 - drone_ids.sitl - ERROR - SITL failed to start: no such option: --home
Perhaps you want --sim_vehicle_sh_compatible (-C)?

2026-09-26 12:43:24,883 - drone_ids.main - ERROR - Failed to setup SITL
2026-09-26 12:45:00,170 - drone_ids.main - INFO - Initializing Drone IDS...
2026-09-26 12:45:00,174 - drone_ids.engine - INFO - Added detector: GPSSpoofingDetector
2026-09-26 12:45:00,174 - drone_ids.main - INFO - Registered: GPSSpoofingDetector
2026-09-26 12:45:00,174 - drone_ids.engine - INFO - Added detector: MAVLinkAnomalyDetector
2026-09-26 12:45:00,175 - drone_ids.main - INFO - Registered: MAVLinkAnomalyDetector
2026-09-26 12:45:00,175 - drone_ids.engine - INFO - Added detector: CommandInjectionDetector
2026-09-26 12:45:00,175 - drone_ids.main - INFO - Registered: CommandInjectionDetector
2026-09-26 12:45:00,175 - drone_ids.engine - INFO - Added detector: TelemetryManipulationDetector
2026-09-26 12:45:00,175 - drone_ids.main - INFO - Registered: TelemetryManipulationDetector
2026-09-26 12:45:00,175 - drone_ids.engine - INFO - Added detector: DoSDetector
2026-09-26 12:45:00,175 - drone_ids.main - INFO - Registered: DoSDetector
2026-09-26 12:45:00,175 - drone_ids.engine - INFO - Added detector: FirmwareIntegrityDetector
2026-09-26 12:45:00,175 - drone_ids.main - INFO - Registered: FirmwareIntegrityDetector
2026-09-26 12:45:00,175 - drone_ids.alert_manager - INFO - Alert Manager started
2026-09-26 12:45:00,175 - drone_ids.main - INFO - Setting up SITL...
2026-09-26 12:45:00,175 - drone_ids.sitl_interface - INFO - Setting up SITL test environment...
2026-09-26 12:45:00,175 - drone_ids.sitl - INFO - Starting SITL: sim_vehicle.py -v copter -f quad -I 0 --speedup 1 --home -35.363261,149.165230,584,353 --no-rebuild --console --map
2026-09-26 12:45:10,178 - drone_ids.sitl - ERROR - SITL failed to start: no such option: --home
Perhaps you want --sim_vehicle_sh_compatible (-C)?

2026-09-26 12:45:10,178 - drone_ids.main - ERROR - Failed to setup SITL
2026-09-26 12:45:21,159 - drone_ids.main - INFO - Initializing Drone IDS...
2026-09-26 12:45:21,163 - drone_ids.engine - INFO - Added detector: GPSSpoofingDetector
2026-09-26 12:45:21,163 - drone_ids.main - INFO - Registered: GPSSpoofingDetector
2026-09-26 12:45:21,163 - drone_ids.engine - INFO - Added detector: MAVLinkAnomalyDetector
2026-09-26 12:45:21,163 - drone_ids.main - INFO - Registered: MAVLinkAnomalyDetector
2026-09-26 12:45:21,163 - drone_ids.engine - INFO - Added detector: CommandInjectionDetector
2026-09-26 12:45:21,163 - drone_ids.main - INFO - Registered: CommandInjectionDetector
2026-09-26 12:45:21,163 - drone_ids.engine - INFO - Added detector: TelemetryManipulationDetector
2026-09-26 12:45:21,163 - drone_ids.main - INFO - Registered: TelemetryManipulationDetector
2026-09-26 12:45:21,163 - drone_ids.engine - INFO - Added detector: DoSDetector
2026-09-26 12:45:21,163 - drone_ids.main - INFO - Registered: DoSDetector
2026-09-26 12:45:21,163 - drone_ids.engine - INFO - Added detector: FirmwareIntegrityDetector
2026-09-26 12:45:21,163 - drone_ids.main - INFO - Registered: FirmwareIntegrityDetector
2026-09-26 12:45:21,164 - drone_ids.alert_manager - INFO - Alert Manager started
2026-09-26 12:45:21,164 - drone_ids.main - INFO - Setting up SITL...
2026-09-26 12:45:21,164 - drone_ids.sitl_interface - INFO - Setting up SITL test environment...
2026-09-26 12:45:21,164 - drone_ids.sitl - INFO - Starting SITL: sim_vehicle.py -v copter -f quad -I 0 --speedup 1 --home -35.363261,149.165230,584,353 --no-rebuild --console --map
2026-09-26 12:45:31,166 - drone_ids.sitl - ERROR - SITL failed to start: no such option: --home
Perhaps you want --sim_vehicle_sh_compatible (-C)?

2026-09-26 12:45:31,167 - drone_ids.main - ERROR - Failed to setup SITL
2026-09-26 12:46:36,954 - drone_ids.main - INFO - Initializing Drone IDS...
2026-09-26 12:46:36,958 - drone_ids.engine - INFO - Added detector: GPSSpoofingDetector
2026-09-26 12:46:36,958 - drone_ids.main - INFO - Registered: GPSSpoofingDetector
2026-09-26 12:46:36,958 - drone_ids.engine - INFO - Added detector: MAVLinkAnomalyDetector
2026-09-26 12:46:36,958 - drone_ids.main - INFO - Registered: MAVLinkAnomalyDetector
2026-09-26 12:46:36,958 - drone_ids.engine - INFO - Added detector: CommandInjectionDetector
2026-09-26 12:46:36,958 - drone_ids.main - INFO - Registered: CommandInjectionDetector
2026-09-26 12:46:36,958 - drone_ids.engine - INFO - Added detector: TelemetryManipulationDetector
2026-09-26 12:46:36,958 - drone_ids.main - INFO - Registered: TelemetryManipulationDetector
2026-09-26 12:46:36,958 - drone_ids.engine - INFO - Added detector: DoSDetector
2026-09-26 12:46:36,958 - drone_ids.main - INFO - Registered: DoSDetector
2026-09-26 12:46:36,958 - drone_ids.engine - INFO - Added detector: FirmwareIntegrityDetector
2026-09-26 12:46:36,958 - drone_ids.main - INFO - Registered: FirmwareIntegrityDetector
2026-09-26 12:46:36,959 - drone_ids.alert_manager - INFO - Alert Manager started
2026-09-26 12:46:36,959 - drone_ids.main - INFO - Setting up SITL...
2026-09-26 12:46:36,959 - drone_ids.sitl_interface - INFO - Setting up SITL test environment...
2026-09-26 12:46:36,959 - drone_ids.sitl - INFO - Starting SITL: sim_vehicle.py -v copter -f quad -I 0 --speedup 1 -L -35.363261,149.165230,584,353 --no-rebuild --console --map
2026-09-26 12:46:46,962 - drone_ids.sitl - ERROR - SITL failed to start: SIM_VEHICLE: Start
SIM_VEHICLE: Killing tasks
geocoder not installed
SIM_VEHICLE: Killing tasks

2026-09-26 12:46:46,963 - drone_ids.main - ERROR - Failed to setup SITL
2026-09-26 12:47:21,596 - drone_ids.main - INFO - Initializing Drone IDS...
2026-09-26 12:47:21,600 - drone_ids.engine - INFO - Added detector: GPSSpoofingDetector
2026-09-26 12:47:21,600 - drone_ids.main - INFO - Registered: GPSSpoofingDetector
2026-09-26 12:47:21,600 - drone_ids.engine - INFO - Added detector: MAVLinkAnomalyDetector
2026-09-26 12:47:21,600 - drone_ids.main - INFO - Registered: MAVLinkAnomalyDetector
2026-09-26 12:47:21,600 - drone_ids.engine - INFO - Added detector: CommandInjectionDetector
2026-09-26 12:47:21,600 - drone_ids.main - INFO - Registered: CommandInjectionDetector
2026-09-26 12:47:21,600 - drone_ids.engine - INFO - Added detector: TelemetryManipulationDetector
2026-09-26 12:47:21,600 - drone_ids.main - INFO - Registered: TelemetryManipulationDetector
2026-09-26 12:47:21,600 - drone_ids.engine - INFO - Added detector: DoSDetector
2026-09-26 12:47:21,600 - drone_ids.main - INFO - Registered: DoSDetector
2026-09-26 12:47:21,600 - drone_ids.engine - INFO - Added detector: FirmwareIntegrityDetector
2026-09-26 12:47:21,600 - drone_ids.main - INFO - Registered: FirmwareIntegrityDetector
2026-09-26 12:47:21,600 - drone_ids.alert_manager - INFO - Alert Manager started
2026-09-26 12:47:21,600 - drone_ids.main - INFO - Connecting to MAVLink...
2026-09-26 12:47:21,600 - drone_ids.mavlink - INFO - Connecting to udp:127.0.0.1:14550...
2026-09-26 12:47:21,601 - drone_ids.mavlink - INFO - Waiting for heartbeat...
2026-09-26 12:47:26,605 - drone_ids.mavlink - INFO - Connected to system 0
2026-09-26 12:47:26,606 - drone_ids.main - INFO - Starting Drone IDS...
2026-09-26 12:47:26,607 - drone_ids.detector.GPSSpoofingDetector - INFO - GPS Spoofing Detector initialized
2026-09-26 12:47:26,607 - drone_ids.engine - INFO - Initialized detector: GPSSpoofingDetector
2026-09-26 12:47:26,607 - drone_ids.detector.MAVLinkAnomalyDetector - INFO - MAVLink Anomaly Detector initialized
2026-09-26 12:47:26,607 - drone_ids.engine - INFO - Initialized detector: MAVLinkAnomalyDetector
2026-09-26 12:47:26,607 - drone_ids.detector.CommandInjectionDetector - INFO - Command Injection Detector initialized
2026-09-26 12:47:26,607 - drone_ids.engine - INFO - Initialized detector: CommandInjectionDetector
2026-09-26 12:47:26,607 - drone_ids.detector.TelemetryManipulationDetector - INFO - Telemetry Manipulation Detector initialized
2026-09-26 12:47:26,607 - drone_ids.engine - INFO - Initialized detector: TelemetryManipulationDetector
2026-09-26 12:47:26,607 - drone_ids.detector.DoSDetector - INFO - DoS Detector initialized
2026-09-26 12:47:26,607 - drone_ids.engine - INFO - Initialized detector: DoSDetector
2026-09-26 12:47:26,607 - drone_ids.detector.FirmwareIntegrityDetector - INFO - Firmware Integrity Detector initialized
2026-09-26 12:47:26,607 - drone_ids.engine - INFO - Initialized detector: FirmwareIntegrityDetector
2026-09-26 12:47:26,607 - drone_ids.engine - INFO - IDS Engine started
2026-09-26 12:47:26,608 - drone_ids.main - INFO - Running for 5.0s...
2026-09-26 12:47:31,608 - drone_ids.main - INFO - Shutting down...
2026-09-26 12:47:31,608 - drone_ids.detector.GPSSpoofingDetector - INFO - GPS Spoofing Detector shutdown
2026-09-26 12:47:31,608 - drone_ids.detector.MAVLinkAnomalyDetector - INFO - MAVLink Anomaly Detector shutdown
2026-09-26 12:47:31,608 - drone_ids.detector.CommandInjectionDetector - INFO - Command Injection Detector shutdown
2026-09-26 12:47:31,609 - drone_ids.detector.TelemetryManipulationDetector - INFO - Telemetry Manipulation Detector shutdown
2026-09-26 12:47:31,609 - drone_ids.detector.DoSDetector - INFO - DoS Detector shutdown
2026-09-26 12:47:31,609 - drone_ids.detector.FirmwareIntegrityDetector - INFO - Firmware Integrity Detector shutdown
2026-09-26 12:47:31,614 - drone_ids.engine - INFO - IDS Engine stopped
2026-09-26 12:47:32,603 - drone_ids.alert_manager - INFO - Alert Manager stopped
2026-09-26 12:47:32,613 - drone_ids.mavlink - INFO - Disconnected
2026-09-26 12:47:32,613 - drone_ids.main - INFO - Shutdown complete
2026-09-26 12:49:28,376 - drone_ids.main - INFO - Initializing Drone IDS...
2026-09-26 12:49:28,380 - drone_ids.engine - INFO - Added detector: GPSSpoofingDetector
2026-09-26 12:49:28,380 - drone_ids.main - INFO - Registered: GPSSpoofingDetector
2026-09-26 12:49:28,380 - drone_ids.engine - INFO - Added detector: MAVLinkAnomalyDetector
2026-09-26 12:49:28,380 - drone_ids.main - INFO - Registered: MAVLinkAnomalyDetector
2026-09-26 12:49:28,380 - drone_ids.engine - INFO - Added detector: CommandInjectionDetector
2026-09-26 12:49:28,380 - drone_ids.main - INFO - Registered: CommandInjectionDetector
2026-09-26 12:49:28,380 - drone_ids.engine - INFO - Added detector: TelemetryManipulationDetector
2026-09-26 12:49:28,380 - drone_ids.main - INFO - Registered: TelemetryManipulationDetector
2026-09-26 12:49:28,380 - drone_ids.engine - INFO - Added detector: DoSDetector
2026-09-26 12:49:28,380 - drone_ids.main - INFO - Registered: DoSDetector
2026-09-26 12:49:28,380 - drone_ids.engine - INFO - Added detector: FirmwareIntegrityDetector
2026-09-26 12:49:28,380 - drone_ids.main - INFO - Registered: FirmwareIntegrityDetector
2026-09-26 12:49:28,380 - drone_ids.alert_manager - INFO - Alert Manager started
2026-09-26 12:49:28,380 - drone_ids.main - INFO - Connecting to MAVLink...
2026-09-26 12:49:28,380 - drone_ids.mavlink - INFO - Connecting to udp:127.0.0.1:14550...
2026-09-26 12:49:28,380 - drone_ids.mavlink - INFO - Waiting for heartbeat...
2026-09-26 12:49:28,876 - drone_ids.mavlink - INFO - Connected to system 1
2026-09-26 12:49:28,877 - drone_ids.main - INFO - Starting Drone IDS...
2026-09-26 12:49:28,877 - drone_ids.detector.GPSSpoofingDetector - INFO - GPS Spoofing Detector initialized
2026-09-26 12:49:28,877 - drone_ids.engine - INFO - Initialized detector: GPSSpoofingDetector
2026-09-26 12:49:28,877 - drone_ids.detector.MAVLinkAnomalyDetector - INFO - MAVLink Anomaly Detector initialized
2026-09-26 12:49:28,877 - drone_ids.engine - INFO - Initialized detector: MAVLinkAnomalyDetector
2026-09-26 12:49:28,877 - drone_ids.detector.CommandInjectionDetector - INFO - Command Injection Detector initialized
2026-09-26 12:49:28,877 - drone_ids.engine - INFO - Initialized detector: CommandInjectionDetector
2026-09-26 12:49:28,878 - drone_ids.detector.TelemetryManipulationDetector - INFO - Telemetry Manipulation Detector initialized
2026-09-26 12:49:28,878 - drone_ids.engine - INFO - Initialized detector: TelemetryManipulationDetector
2026-09-26 12:49:28,878 - drone_ids.detector.DoSDetector - INFO - DoS Detector initialized
2026-09-26 12:49:28,878 - drone_ids.engine - INFO - Initialized detector: DoSDetector
2026-09-26 12:49:28,878 - drone_ids.detector.FirmwareIntegrityDetector - INFO - Firmware Integrity Detector initialized
2026-09-26 12:49:28,878 - drone_ids.engine - INFO - Initialized detector: FirmwareIntegrityDetector
2026-09-26 12:49:28,878 - drone_ids.engine - INFO - IDS Engine started
2026-09-26 12:49:28,878 - drone_ids.main - INFO - Running for 10.0s...
2026-09-26 12:49:38,879 - drone_ids.main - INFO - Shutting down...
2026-09-26 12:49:38,879 - drone_ids.detector.GPSSpoofingDetector - INFO - GPS Spoofing Detector shutdown
2026-09-26 12:49:38,879 - drone_ids.detector.MAVLinkAnomalyDetector - INFO - MAVLink Anomaly Detector shutdown
2026-09-26 12:49:38,879 - drone_ids.detector.CommandInjectionDetector - INFO - Command Injection Detector shutdown
2026-09-26 12:49:38,879 - drone_ids.detector.TelemetryManipulationDetector - INFO - Telemetry Manipulation Detector shutdown
2026-09-26 12:49:38,879 - drone_ids.detector.DoSDetector - INFO - DoS Detector shutdown
2026-09-26 12:49:38,879 - drone_ids.detector.FirmwareIntegrityDetector - INFO - Firmware Integrity Detector shutdown
2026-09-26 12:49:38,888 - drone_ids.engine - INFO - IDS Engine stopped
2026-09-26 12:49:39,382 - drone_ids.alert_manager - INFO - Alert Manager stopped
2026-09-26 12:49:39,880 - drone_ids.mavlink - INFO - Disconnected
2026-09-26 12:49:39,880 - drone_ids.main - INFO - Shutdown complete
2026-09-26 12:50:23,152 - drone_ids.main - INFO - Initializing Drone IDS...
2026-09-26 12:50:23,156 - drone_ids.engine - INFO - Added detector: GPSSpoofingDetector
2026-09-26 12:50:23,156 - drone_ids.main - INFO - Registered: GPSSpoofingDetector
2026-09-26 12:50:23,156 - drone_ids.engine - INFO - Added detector: MAVLinkAnomalyDetector
2026-09-26 12:50:23,156 - drone_ids.main - INFO - Registered: MAVLinkAnomalyDetector
2026-09-26 12:50:23,156 - drone_ids.engine - INFO - Added detector: CommandInjectionDetector
2026-09-26 12:50:23,156 - drone_ids.main - INFO - Registered: CommandInjectionDetector
2026-09-26 12:50:23,156 - drone_ids.engine - INFO - Added detector: TelemetryManipulationDetector
2026-09-26 12:50:23,156 - drone_ids.main - INFO - Registered: TelemetryManipulationDetector
2026-09-26 12:50:23,156 - drone_ids.engine - INFO - Added detector: DoSDetector
2026-09-26 12:50:23,156 - drone_ids.main - INFO - Registered: DoSDetector
2026-09-26 12:50:23,156 - drone_ids.engine - INFO - Added detector: FirmwareIntegrityDetector
2026-09-26 12:50:23,156 - drone_ids.main - INFO - Registered: FirmwareIntegrityDetector
2026-09-26 12:50:23,156 - drone_ids.alert_manager - INFO - Alert Manager started
2026-09-26 12:50:23,156 - drone_ids.main - INFO - Connecting to MAVLink...
2026-09-26 12:50:23,156 - drone_ids.mavlink - INFO - Connecting to udp:127.0.0.1:14550...
2026-09-26 12:50:23,156 - drone_ids.mavlink - INFO - Waiting for heartbeat...
2026-09-26 12:50:23,885 - drone_ids.mavlink - INFO - Connected to system 1
2026-09-26 12:50:23,886 - drone_ids.main - INFO - Starting Drone IDS...
2026-09-26 12:50:23,886 - drone_ids.detector.GPSSpoofingDetector - INFO - GPS Spoofing Detector initialized
2026-09-26 12:50:23,886 - drone_ids.engine - INFO - Initialized detector: GPSSpoofingDetector
2026-09-26 12:50:23,887 - drone_ids.detector.MAVLinkAnomalyDetector - INFO - MAVLink Anomaly Detector initialized
2026-09-26 12:50:23,887 - drone_ids.engine - INFO - Initialized detector: MAVLinkAnomalyDetector
2026-09-26 12:50:23,887 - drone_ids.detector.CommandInjectionDetector - INFO - Command Injection Detector initialized
2026-09-26 12:50:23,887 - drone_ids.engine - INFO - Initialized detector: CommandInjectionDetector
2026-09-26 12:50:23,887 - drone_ids.detector.TelemetryManipulationDetector - INFO - Telemetry Manipulation Detector initialized
2026-09-26 12:50:23,887 - drone_ids.engine - INFO - Initialized detector: TelemetryManipulationDetector
2026-09-26 12:50:23,887 - drone_ids.detector.DoSDetector - INFO - DoS Detector initialized
2026-09-26 12:50:23,887 - drone_ids.engine - INFO - Initialized detector: DoSDetector
2026-09-26 12:50:23,887 - drone_ids.detector.FirmwareIntegrityDetector - INFO - Firmware Integrity Detector initialized
2026-09-26 12:50:23,887 - drone_ids.engine - INFO - Initialized detector: FirmwareIntegrityDetector
2026-09-26 12:50:23,888 - drone_ids.engine - INFO - IDS Engine started
2026-09-26 12:50:23,888 - drone_ids.main - INFO - Running indefinitely (Ctrl+C to stop)...
2026-09-26 12:50:30,889 - drone_ids.main - INFO - Status: {'state': 'running', 'detectors': 6, 'stats': {'messages_processed': 778, 'alerts_generated': 0, 'alerts_by_type': {}, 'uptime': 7.001527547836304, 'errors': 0}}
2026-09-26 12:50:53,018 - drone_ids.engine - INFO - Stats: msgs=3250, rate=111.6/s, alerts=0, errors=0
2026-09-26 12:56:48,188 - drone_ids.main - INFO - Initializing Drone IDS...
2026-09-26 12:56:48,192 - drone_ids.engine - INFO - Added detector: GPSSpoofingDetector
2026-09-26 12:56:48,192 - drone_ids.main - INFO - Registered: GPSSpoofingDetector
2026-09-26 12:56:48,192 - drone_ids.engine - INFO - Added detector: MAVLinkAnomalyDetector
2026-09-26 12:56:48,192 - drone_ids.main - INFO - Registered: MAVLinkAnomalyDetector
2026-09-26 12:56:48,192 - drone_ids.engine - INFO - Added detector: CommandInjectionDetector
2026-09-26 12:56:48,192 - drone_ids.main - INFO - Registered: CommandInjectionDetector
2026-09-26 12:56:48,192 - drone_ids.engine - INFO - Added detector: TelemetryManipulationDetector
2026-09-26 12:56:48,192 - drone_ids.main - INFO - Registered: TelemetryManipulationDetector
2026-09-26 12:56:48,192 - drone_ids.engine - INFO - Added detector: DoSDetector
2026-09-26 12:56:48,192 - drone_ids.main - INFO - Registered: DoSDetector
2026-09-26 12:56:48,192 - drone_ids.engine - INFO - Added detector: FirmwareIntegrityDetector
2026-09-26 12:56:48,192 - drone_ids.main - INFO - Registered: FirmwareIntegrityDetector
2026-09-26 12:56:48,192 - drone_ids.alert_manager - INFO - Alert Manager started
2026-09-26 12:56:48,192 - drone_ids.main - INFO - Connecting to MAVLink...
2026-09-26 12:56:48,192 - drone_ids.mavlink - INFO - Connecting to udp:127.0.0.1:14550...
2026-09-26 12:56:48,192 - drone_ids.mavlink - INFO - Waiting for heartbeat...
2026-09-26 12:56:48,947 - drone_ids.mavlink - INFO - Connected to system 1
2026-09-26 12:56:48,949 - drone_ids.main - INFO - Starting Drone IDS...
2026-09-26 12:56:48,949 - drone_ids.detector.GPSSpoofingDetector - INFO - GPS Spoofing Detector initialized
2026-09-26 12:56:48,949 - drone_ids.engine - INFO - Initialized detector: GPSSpoofingDetector
2026-09-26 12:56:48,949 - drone_ids.detector.MAVLinkAnomalyDetector - INFO - MAVLink Anomaly Detector initialized
2026-09-26 12:56:48,949 - drone_ids.engine - INFO - Initialized detector: MAVLinkAnomalyDetector
2026-09-26 12:56:48,949 - drone_ids.detector.CommandInjectionDetector - INFO - Command Injection Detector initialized
2026-09-26 12:56:48,949 - drone_ids.engine - INFO - Initialized detector: CommandInjectionDetector
2026-09-26 12:56:48,949 - drone_ids.detector.TelemetryManipulationDetector - INFO - Telemetry Manipulation Detector initialized
2026-09-26 12:56:48,949 - drone_ids.engine - INFO - Initialized detector: TelemetryManipulationDetector
2026-09-26 12:56:48,949 - drone_ids.detector.DoSDetector - INFO - DoS Detector initialized
2026-09-26 12:56:48,950 - drone_ids.engine - INFO - Initialized detector: DoSDetector
2026-09-26 12:56:48,950 - drone_ids.detector.FirmwareIntegrityDetector - INFO - Firmware Integrity Detector initialized
2026-09-26 12:56:48,950 - drone_ids.engine - INFO - Initialized detector: FirmwareIntegrityDetector
2026-09-26 12:56:48,950 - drone_ids.engine - INFO - IDS Engine started
2026-09-26 12:56:48,950 - drone_ids.main - INFO - Running for 5.0s...
2026-09-26 12:56:53,951 - drone_ids.main - INFO - Shutting down...
2026-09-26 12:56:53,951 - drone_ids.detector.GPSSpoofingDetector - INFO - GPS Spoofing Detector shutdown
2026-09-26 12:56:53,951 - drone_ids.detector.MAVLinkAnomalyDetector - INFO - MAVLink Anomaly Detector shutdown
2026-09-26 12:56:53,951 - drone_ids.detector.CommandInjectionDetector - INFO - Command Injection Detector shutdown
2026-09-26 12:56:53,951 - drone_ids.detector.TelemetryManipulationDetector - INFO - Telemetry Manipulation Detector shutdown
2026-09-26 12:56:53,951 - drone_ids.detector.DoSDetector - INFO - DoS Detector shutdown
2026-09-26 12:56:53,952 - drone_ids.detector.FirmwareIntegrityDetector - INFO - Firmware Integrity Detector shutdown
2026-09-26 12:56:53,956 - drone_ids.engine - INFO - IDS Engine stopped
2026-09-26 12:56:54,193 - drone_ids.alert_manager - INFO - Alert Manager stopped
2026-09-26 12:56:54,951 - drone_ids.mavlink - INFO - Disconnected
2026-09-26 12:56:54,951 - drone_ids.main - INFO - Shutdown complete
2026-09-26 12:58:36,627 - drone_ids.main - INFO - Initializing Drone IDS...
2026-09-26 12:58:36,631 - drone_ids.engine - INFO - Added detector: GPSSpoofingDetector
2026-09-26 12:58:36,631 - drone_ids.main - INFO - Registered: GPSSpoofingDetector
2026-09-26 12:58:36,631 - drone_ids.engine - INFO - Added detector: MAVLinkAnomalyDetector
2026-09-26 12:58:36,631 - drone_ids.main - INFO - Registered: MAVLinkAnomalyDetector
2026-09-26 12:58:36,631 - drone_ids.engine - INFO - Added detector: CommandInjectionDetector
2026-09-26 12:58:36,631 - drone_ids.main - INFO - Registered: CommandInjectionDetector
2026-09-26 12:58:36,631 - drone_ids.engine - INFO - Added detector: TelemetryManipulationDetector
2026-09-26 12:58:36,631 - drone_ids.main - INFO - Registered: TelemetryManipulationDetector
2026-09-26 12:58:36,631 - drone_ids.engine - INFO - Added detector: DoSDetector
2026-09-26 12:58:36,631 - drone_ids.main - INFO - Registered: DoSDetector
2026-09-26 12:58:36,631 - drone_ids.engine - INFO - Added detector: FirmwareIntegrityDetector
2026-09-26 12:58:36,631 - drone_ids.main - INFO - Registered: FirmwareIntegrityDetector
2026-09-26 12:58:36,632 - drone_ids.alert_manager - INFO - Alert Manager started
2026-09-26 12:58:36,632 - drone_ids.main - INFO - Setting up SITL...
2026-09-26 12:58:36,632 - drone_ids.sitl_interface - INFO - Setting up SITL test environment...
2026-09-26 12:58:36,632 - drone_ids.sitl - INFO - Starting SITL: /home/vishal/ardupilot/Tools/autotest/sim_vehicle.py -v copter -f quad -I 0 --speedup 1 -L -35.363261,149.165230,584,353 --no-rebuild --console --map
2026-09-26 12:58:46,235 - drone_ids.main - INFO - Signal 2, shutting down...
2026-09-26 13:00:16,315 - drone_ids.main - INFO - Initializing Drone IDS...
2026-09-26 13:00:16,319 - drone_ids.engine - INFO - Added detector: GPSSpoofingDetector
2026-09-26 13:00:16,319 - drone_ids.main - INFO - Registered: GPSSpoofingDetector
2026-09-26 13:00:16,319 - drone_ids.engine - INFO - Added detector: MAVLinkAnomalyDetector
2026-09-26 13:00:16,319 - drone_ids.main - INFO - Registered: MAVLinkAnomalyDetector
2026-09-26 13:00:16,319 - drone_ids.engine - INFO - Added detector: CommandInjectionDetector
2026-09-26 13:00:16,319 - drone_ids.main - INFO - Registered: CommandInjectionDetector
2026-09-26 13:00:16,319 - drone_ids.engine - INFO - Added detector: TelemetryManipulationDetector
2026-09-26 13:00:16,319 - drone_ids.main - INFO - Registered: TelemetryManipulationDetector
2026-09-26 13:00:16,319 - drone_ids.engine - INFO - Added detector: DoSDetector
2026-09-26 13:00:16,319 - drone_ids.main - INFO - Registered: DoSDetector
2026-09-26 13:00:16,319 - drone_ids.engine - INFO - Added detector: FirmwareIntegrityDetector
2026-09-26 13:00:16,319 - drone_ids.main - INFO - Registered: FirmwareIntegrityDetector
2026-09-26 13:00:16,319 - drone_ids.alert_manager - INFO - Alert Manager started
2026-09-26 13:00:16,319 - drone_ids.main - INFO - Connecting to MAVLink...
2026-09-26 13:00:16,319 - drone_ids.mavlink - INFO - Connecting to udp:127.0.0.1:14550...
2026-09-26 13:00:16,319 - drone_ids.mavlink - INFO - Waiting for heartbeat...
2026-09-26 13:00:16,584 - drone_ids.mavlink - INFO - Connected to system 1
2026-09-26 13:00:16,585 - drone_ids.main - INFO - Starting Drone IDS...
2026-09-26 13:00:16,585 - drone_ids.detector.GPSSpoofingDetector - INFO - GPS Spoofing Detector initialized
2026-09-26 13:00:16,585 - drone_ids.engine - INFO - Initialized detector: GPSSpoofingDetector
2026-09-26 13:00:16,586 - drone_ids.detector.MAVLinkAnomalyDetector - INFO - MAVLink Anomaly Detector initialized
2026-09-26 13:00:16,586 - drone_ids.engine - INFO - Initialized detector: MAVLinkAnomalyDetector
2026-09-26 13:00:16,586 - drone_ids.detector.CommandInjectionDetector - INFO - Command Injection Detector initialized
2026-09-26 13:00:16,586 - drone_ids.engine - INFO - Initialized detector: CommandInjectionDetector
2026-09-26 13:00:16,586 - drone_ids.detector.TelemetryManipulationDetector - INFO - Telemetry Manipulation Detector initialized
2026-09-26 13:00:16,586 - drone_ids.engine - INFO - Initialized detector: TelemetryManipulationDetector
2026-09-26 13:00:16,586 - drone_ids.detector.DoSDetector - INFO - DoS Detector initialized
2026-09-26 13:00:16,586 - drone_ids.engine - INFO - Initialized detector: DoSDetector
2026-09-26 13:00:16,586 - drone_ids.detector.FirmwareIntegrityDetector - INFO - Firmware Integrity Detector initialized
2026-09-26 13:00:16,586 - drone_ids.engine - INFO - Initialized detector: FirmwareIntegrityDetector
2026-09-26 13:00:16,587 - drone_ids.engine - INFO - IDS Engine started
2026-09-26 13:00:16,587 - drone_ids.main - INFO - Running for 300.0s...
2026-09-26 13:00:46,117 - drone_ids.engine - INFO - Stats: msgs=3279, rate=111.0/s, alerts=0, errors=0
2026-09-26 13:01:16,147 - drone_ids.engine - INFO - Stats: msgs=6613, rate=111.0/s, alerts=0, errors=0
2026-09-26 13:01:46,179 - drone_ids.engine - INFO - Stats: msgs=9947, rate=111.0/s, alerts=0, errors=0
2026-09-26 13:02:16,212 - drone_ids.engine - INFO - Stats: msgs=13308, rate=111.2/s, alerts=0, errors=0
2026-09-26 13:02:46,242 - drone_ids.engine - INFO - Stats: msgs=16642, rate=111.2/s, alerts=0, errors=0
2026-09-26 13:03:16,277 - drone_ids.engine - INFO - Stats: msgs=19976, rate=111.2/s, alerts=0, errors=0
2026-09-26 13:03:46,309 - drone_ids.engine - INFO - Stats: msgs=23310, rate=111.1/s, alerts=0, errors=0
2026-09-26 13:04:16,340 - drone_ids.engine - INFO - Stats: msgs=26644, rate=111.1/s, alerts=0, errors=0
2026-09-26 13:04:46,373 - drone_ids.engine - INFO - Stats: msgs=29977, rate=111.1/s, alerts=0, errors=0
2026-09-26 13:05:16,464 - drone_ids.detector.MAVLinkAnomalyDetector - INFO - Learning complete. Baselines: {'FLIGHT_INFORMATION': 1.999708221441292, 'AHRS': 3.9995676142416, 'AHRS2': 3.9995975007639886, 'ATTITUDE': 3.999631628522437, 'GLOBAL_POSITION_INT': 3.9996772934895644, 'VFR_HUD': 3.9997336089421895, 'SYS_STATUS': 3.999806783673973, 'POWER_STATUS': 3.9998935284819446, 'MEMINFO': 3.9999849849362232, 'NAV_CONTROLLER_OUTPUT': 4.000034126954688, 'MISSION_CURRENT': 4.000107576678235, 'SERVO_OUTPUT_RAW': 4.000192050894291, 'RC_CHANNELS': 4.000246483390424, 'RAW_IMU': 4.000315538235675, 'SCALED_IMU2': 4.00037327238937, 'SCALED_IMU3': 4.000419504292941, 'SCALED_PRESSURE': 4.000485894753357, 'SCALED_PRESSURE2': 4.000541246631302, 'GPS_RAW_INT': 4.000604809424097, 'SYSTEM_TIME': 4.000683942727144, 'SIMSTATE': 4.0007605298882485, 'WIND': 4.000827420352035, 'TERRAIN_REPORT': 4.00090882095504, 'EKF_STATUS_REPORT': 4.000964005761352, 'LOCAL_POSITION_NED': 4.001053348256855, 'VIBRATION': 4.001106837878732, 'BATTERY_STATUS': 4.001193809824694, 'ESC_TELEMETRY_1_TO_4': 4.001262671837764, 'HEARTBEAT': 0.9998441177061586, 'TIMESYNC': 0.09996350079675494}
2026-09-26 13:05:16,464 - drone_ids.engine - INFO - Stats: msgs=33311, rate=111.1/s, alerts=0, errors=0
2026-09-26 13:05:16,467 - drone_ids.engine - ERROR - Detector MAVLinkAnomalyDetector error: type object 'AlertSeverity' has no attribute 'MEDIUM'
2026-09-26 13:05:16,467 - drone_ids.engine - ERROR - Detector MAVLinkAnomalyDetector error: type object 'AlertSeverity' has no attribute 'MEDIUM'
2026-09-26 13:05:16,467 - drone_ids.engine - ERROR - Detector MAVLinkAnomalyDetector error: type object 'AlertSeverity' has no attribute 'MEDIUM'
2026-09-26 13:05:16,467 - drone_ids.engine - ERROR - Detector MAVLinkAnomalyDetector error: type object 'AlertSeverity' has no attribute 'MEDIUM'
2026-09-26 13:05:16,468 - drone_ids.engine - ERROR - Detector MAVLinkAnomalyDetector error: type object 'AlertSeverity' has no attribute 'MEDIUM'
2026-09-26 13:05:16,468 - drone_ids.engine - ERROR - Detector MAVLinkAnomalyDetector error: type object 'AlertSeverity' has no attribute 'MEDIUM'
2026-09-26 13:05:16,468 - drone_ids.engine - ERROR - Detector MAVLinkAnomalyDetector error: type object 'AlertSeverity' has no attribute 'MEDIUM'
2026-09-26 13:05:16,469 - drone_ids.engine - ERROR - Detector MAVLinkAnomalyDetector error: type object 'AlertSeverity' has no attribute 'MEDIUM'
2026-09-26 13:05:16,469 - drone_ids.engine - ERROR - Detector MAVLinkAnomalyDetector error: type object 'AlertSeverity' has no attribute 'MEDIUM'
2026-09-26 13:05:16,469 - drone_ids.engine - ERROR - Detector MAVLinkAnomalyDetector error: type object 'AlertSeverity' has no attribute 'MEDIUM'
2026-09-26 13:05:16,470 - drone_ids.engine - ERROR - Detector MAVLinkAnomalyDetector error: type object 'AlertSeverity' has no attribute 'MEDIUM'
2026-09-26 13:05:16,470 - drone_ids.engine - ERROR - Detector MAVLinkAnomalyDetector error: type object 'AlertSeverity' has no attribute 'MEDIUM'
2026-09-26 13:05:16,470 - drone_ids.engine - ERROR - Detector MAVLinkAnomalyDetector error: type object 'AlertSeverity' has no attribute 'MEDIUM'
2026-09-26 13:05:16,470 - drone_ids.engine - ERROR - Detector MAVLinkAnomalyDetector error: type object 'AlertSeverity' has no attribute 'MEDIUM'
2026-09-26 13:05:16,470 - drone_ids.engine - ERROR - Detector MAVLinkAnomalyDetector error: type object 'AlertSeverity' has no attribute 'MEDIUM'
2026-09-26 13:05:16,587 - drone_ids.main - INFO - Shutting down...
2026-09-26 13:05:16,587 - drone_ids.detector.GPSSpoofingDetector - INFO - GPS Spoofing Detector shutdown
2026-09-26 13:05:16,588 - drone_ids.detector.MAVLinkAnomalyDetector - INFO - MAVLink Anomaly Detector shutdown
2026-09-26 13:05:16,588 - drone_ids.detector.CommandInjectionDetector - INFO - Command Injection Detector shutdown
2026-09-26 13:05:16,588 - drone_ids.detector.TelemetryManipulationDetector - INFO - Telemetry Manipulation Detector shutdown
2026-09-26 13:05:16,588 - drone_ids.detector.DoSDetector - INFO - DoS Detector shutdown
2026-09-26 13:05:16,588 - drone_ids.detector.FirmwareIntegrityDetector - INFO - Firmware Integrity Detector shutdown
2026-09-26 13:05:16,606 - drone_ids.engine - INFO - IDS Engine stopped
2026-09-26 13:05:16,636 - drone_ids.engine - ERROR - Detector MAVLinkAnomalyDetector error: type object 'AlertSeverity' has no attribute 'MEDIUM'
2026-09-26 13:05:16,637 - drone_ids.engine - ERROR - Detector MAVLinkAnomalyDetector error: type object 'AlertSeverity' has no attribute 'MEDIUM'
2026-09-26 13:05:16,718 - drone_ids.engine - ERROR - Detector MAVLinkAnomalyDetector error: type object 'AlertSeverity' has no attribute 'MEDIUM'
2026-09-26 13:05:16,719 - drone_ids.engine - ERROR - Detector MAVLinkAnomalyDetector error: type object 'AlertSeverity' has no attribute 'MEDIUM'
2026-09-26 13:05:16,720 - drone_ids.engine - ERROR - Detector MAVLinkAnomalyDetector error: type object 'AlertSeverity' has no attribute 'MEDIUM'
2026-09-26 13:05:16,721 - drone_ids.engine - ERROR - Detector MAVLinkAnomalyDetector error: type object 'AlertSeverity' has no attribute 'MEDIUM'
2026-09-26 13:05:16,722 - drone_ids.engine - ERROR - Detector MAVLinkAnomalyDetector error: type object 'AlertSeverity' has no attribute 'MEDIUM'
2026-09-26 13:05:16,723 - drone_ids.engine - ERROR - Detector MAVLinkAnomalyDetector error: type object 'AlertSeverity' has no attribute 'MEDIUM'
2026-09-26 13:05:16,724 - drone_ids.engine - ERROR - Detector MAVLinkAnomalyDetector error: type object 'AlertSeverity' has no attribute 'MEDIUM'
2026-09-26 13:05:16,725 - drone_ids.engine - ERROR - Detector MAVLinkAnomalyDetector error: type object 'AlertSeverity' has no attribute 'MEDIUM'
2026-09-26 13:05:16,725 - drone_ids.engine - ERROR - Detector MAVLinkAnomalyDetector error: type object 'AlertSeverity' has no attribute 'MEDIUM'
2026-09-26 13:05:16,726 - drone_ids.engine - ERROR - Detector MAVLinkAnomalyDetector error: type object 'AlertSeverity' has no attribute 'MEDIUM'
2026-09-26 13:05:16,727 - drone_ids.engine - ERROR - Detector MAVLinkAnomalyDetector error: type object 'AlertSeverity' has no attribute 'MEDIUM'
2026-09-26 13:05:16,727 - drone_ids.engine - ERROR - Detector MAVLinkAnomalyDetector error: type object 'AlertSeverity' has no attribute 'MEDIUM'
2026-09-26 13:05:16,728 - drone_ids.engine - ERROR - Detector MAVLinkAnomalyDetector error: type object 'AlertSeverity' has no attribute 'MEDIUM'
2026-09-26 13:05:16,728 - drone_ids.engine - ERROR - Detector MAVLinkAnomalyDetector error: type object 'AlertSeverity' has no attribute 'MEDIUM'
2026-09-26 13:05:16,728 - drone_ids.engine - ERROR - Detector MAVLinkAnomalyDetector error: type object 'AlertSeverity' has no attribute 'MEDIUM'
2026-09-26 13:05:16,963 - drone_ids.engine - ERROR - Detector MAVLinkAnomalyDetector error: type object 'AlertSeverity' has no attribute 'MEDIUM'
2026-09-26 13:05:16,965 - drone_ids.engine - ERROR - Detector MAVLinkAnomalyDetector error: type object 'AlertSeverity' has no attribute 'MEDIUM'
2026-09-26 13:05:16,965 - drone_ids.engine - ERROR - Detector MAVLinkAnomalyDetector error: type object 'AlertSeverity' has no attribute 'MEDIUM'
2026-09-26 13:05:16,966 - drone_ids.engine - ERROR - Detector MAVLinkAnomalyDetector error: type object 'AlertSeverity' has no attribute 'MEDIUM'
2026-09-26 13:05:16,967 - drone_ids.engine - ERROR - Detector MAVLinkAnomalyDetector error: type object 'AlertSeverity' has no attribute 'MEDIUM'
2026-09-26 13:05:16,968 - drone_ids.engine - ERROR - Detector MAVLinkAnomalyDetector error: type object 'AlertSeverity' has no attribute 'MEDIUM'
2026-09-26 13:05:16,968 - drone_ids.engine - ERROR - Detector MAVLinkAnomalyDetector error: type object 'AlertSeverity' has no attribute 'MEDIUM'
2026-09-26 13:05:16,970 - drone_ids.engine - ERROR - Detector MAVLinkAnomalyDetector error: type object 'AlertSeverity' has no attribute 'MEDIUM'
2026-09-26 13:05:16,971 - drone_ids.engine - ERROR - Detector MAVLinkAnomalyDetector error: type object 'AlertSeverity' has no attribute 'MEDIUM'
2026-09-26 13:05:16,971 - drone_ids.engine - ERROR - Detector MAVLinkAnomalyDetector error: type object 'AlertSeverity' has no attribute 'MEDIUM'
2026-09-26 13:05:16,972 - drone_ids.engine - ERROR - Detector MAVLinkAnomalyDetector error: type object 'AlertSeverity' has no attribute 'MEDIUM'
2026-09-26 13:05:16,972 - drone_ids.engine - ERROR - Detector MAVLinkAnomalyDetector error: type object 'AlertSeverity' has no attribute 'MEDIUM'
2026-09-26 13:05:16,972 - drone_ids.engine - ERROR - Detector MAVLinkAnomalyDetector error: type object 'AlertSeverity' has no attribute 'MEDIUM'
2026-09-26 13:05:16,973 - drone_ids.engine - ERROR - Detector MAVLinkAnomalyDetector error: type object 'AlertSeverity' has no attribute 'MEDIUM'
2026-09-26 13:05:16,974 - drone_ids.engine - ERROR - Detector MAVLinkAnomalyDetector error: type object 'AlertSeverity' has no attribute 'MEDIUM'
2026-09-26 13:05:16,975 - drone_ids.engine - ERROR - Detector MAVLinkAnomalyDetector error: type object 'AlertSeverity' has no attribute 'MEDIUM'
2026-09-26 13:05:17,138 - drone_ids.engine - ERROR - Detector MAVLinkAnomalyDetector error: type object 'AlertSeverity' has no attribute 'MEDIUM'
2026-09-26 13:05:17,214 - drone_ids.engine - ERROR - Detector MAVLinkAnomalyDetector error: type object 'AlertSeverity' has no attribute 'MEDIUM'
2026-09-26 13:05:17,215 - drone_ids.engine - ERROR - Detector MAVLinkAnomalyDetector error: type object 'AlertSeverity' has no attribute 'MEDIUM'
2026-09-26 13:05:17,216 - drone_ids.engine - ERROR - Detector MAVLinkAnomalyDetector error: type object 'AlertSeverity' has no attribute 'MEDIUM'
2026-09-26 13:05:17,217 - drone_ids.engine - ERROR - Detector MAVLinkAnomalyDetector error: type object 'AlertSeverity' has no attribute 'MEDIUM'
2026-09-26 13:05:17,217 - drone_ids.engine - ERROR - Detector MAVLinkAnomalyDetector error: type object 'AlertSeverity' has no attribute 'MEDIUM'
2026-09-26 13:05:17,219 - drone_ids.engine - ERROR - Detector MAVLinkAnomalyDetector error: type object 'AlertSeverity' has no attribute 'MEDIUM'
2026-09-26 13:05:17,219 - drone_ids.engine - ERROR - Detector MAVLinkAnomalyDetector error: type object 'AlertSeverity' has no attribute 'MEDIUM'
2026-09-26 13:05:17,220 - drone_ids.engine - ERROR - Detector MAVLinkAnomalyDetector error: type object 'AlertSeverity' has no attribute 'MEDIUM'
2026-09-26 13:05:17,220 - drone_ids.engine - ERROR - Detector MAVLinkAnomalyDetector error: type object 'AlertSeverity' has no attribute 'MEDIUM'
2026-09-26 13:05:17,221 - drone_ids.engine - ERROR - Detector MAVLinkAnomalyDetector error: type object 'AlertSeverity' has no attribute 'MEDIUM'
2026-09-26 13:05:17,221 - drone_ids.engine - ERROR - Detector MAVLinkAnomalyDetector error: type object 'AlertSeverity' has no attribute 'MEDIUM'
2026-09-26 13:05:17,222 - drone_ids.engine - ERROR - Detector MAVLinkAnomalyDetector error: type object 'AlertSeverity' has no attribute 'MEDIUM'
2026-09-26 13:05:17,222 - drone_ids.engine - ERROR - Detector MAVLinkAnomalyDetector error: type object 'AlertSeverity' has no attribute 'MEDIUM'
2026-09-26 13:05:17,223 - drone_ids.engine - ERROR - Detector MAVLinkAnomalyDetector error: type object 'AlertSeverity' has no attribute 'MEDIUM'
2026-09-26 13:05:17,223 - drone_ids.engine - ERROR - Detector MAVLinkAnomalyDetector error: type object 'AlertSeverity' has no attribute 'MEDIUM'
2026-09-26 13:05:17,223 - drone_ids.engine - ERROR - Detector MAVLinkAnomalyDetector error: type object 'AlertSeverity' has no attribute 'MEDIUM'
2026-09-26 13:05:17,368 - drone_ids.alert_manager - INFO - Alert Manager stopped
2026-09-26 13:05:17,465 - drone_ids.engine - ERROR - Detector MAVLinkAnomalyDetector error: type object 'AlertSeverity' has no attribute 'MEDIUM'
2026-09-26 13:05:17,681 - drone_ids.mavlink - INFO - Disconnected
2026-09-26 13:05:17,681 - drone_ids.main - INFO - Shutdown complete
2026-09-26 13:12:58,995 - drone_ids.main - INFO - Initializing Drone IDS...
2026-09-26 13:12:58,999 - drone_ids.engine - INFO - Added detector: GPSSpoofingDetector
2026-09-26 13:12:58,999 - drone_ids.main - INFO - Registered: GPSSpoofingDetector
2026-09-26 13:12:58,999 - drone_ids.engine - INFO - Added detector: MAVLinkAnomalyDetector
2026-09-26 13:12:58,999 - drone_ids.main - INFO - Registered: MAVLinkAnomalyDetector
2026-09-26 13:12:58,999 - drone_ids.engine - INFO - Added detector: CommandInjectionDetector
2026-09-26 13:12:58,999 - drone_ids.main - INFO - Registered: CommandInjectionDetector
2026-09-26 13:12:58,999 - drone_ids.engine - INFO - Added detector: TelemetryManipulationDetector
2026-09-26 13:12:58,999 - drone_ids.main - INFO - Registered: TelemetryManipulationDetector
2026-09-26 13:12:58,999 - drone_ids.engine - INFO - Added detector: DoSDetector
2026-09-26 13:12:58,999 - drone_ids.main - INFO - Registered: DoSDetector
2026-09-26 13:12:58,999 - drone_ids.engine - INFO - Added detector: FirmwareIntegrityDetector
2026-09-26 13:12:58,999 - drone_ids.main - INFO - Registered: FirmwareIntegrityDetector
2026-09-26 13:12:58,999 - drone_ids.alert_manager - INFO - Alert Manager started
2026-09-26 13:12:58,999 - drone_ids.main - INFO - Connecting to SITL on UDP 14550...
2026-09-26 13:12:58,999 - drone_ids.mavlink - INFO - Connecting to udp:127.0.0.1:14550...
2026-09-26 13:12:58,999 - drone_ids.mavlink - INFO - Waiting for heartbeat...
2026-09-26 13:12:59,355 - drone_ids.mavlink - INFO - Connected to system 1
2026-09-26 13:12:59,355 - drone_ids.main - INFO - Requested stream 0 at 10Hz
2026-09-26 13:12:59,356 - drone_ids.main - INFO - Requested stream 5 at 10Hz
2026-09-26 13:12:59,356 - drone_ids.main - INFO - Requested stream 2 at 5Hz
2026-09-26 13:12:59,356 - drone_ids.main - INFO - Starting Drone IDS...
2026-09-26 13:12:59,356 - drone_ids.detector.GPSSpoofingDetector - INFO - GPS Spoofing Detector initialized
2026-09-26 13:12:59,356 - drone_ids.engine - INFO - Initialized detector: GPSSpoofingDetector
2026-09-26 13:12:59,356 - drone_ids.detector.MAVLinkAnomalyDetector - INFO - MAVLink Anomaly Detector initialized
2026-09-26 13:12:59,356 - drone_ids.engine - INFO - Initialized detector: MAVLinkAnomalyDetector
2026-09-26 13:12:59,356 - drone_ids.detector.CommandInjectionDetector - INFO - Command Injection Detector initialized
2026-09-26 13:12:59,356 - drone_ids.engine - INFO - Initialized detector: CommandInjectionDetector
2026-09-26 13:12:59,356 - drone_ids.detector.TelemetryManipulationDetector - INFO - Telemetry Manipulation Detector initialized
2026-09-26 13:12:59,356 - drone_ids.engine - INFO - Initialized detector: TelemetryManipulationDetector
2026-09-26 13:12:59,356 - drone_ids.detector.DoSDetector - INFO - DoS Detector initialized
2026-09-26 13:12:59,356 - drone_ids.engine - INFO - Initialized detector: DoSDetector
2026-09-26 13:12:59,356 - drone_ids.detector.FirmwareIntegrityDetector - INFO - Firmware Integrity Detector initialized
2026-09-26 13:12:59,356 - drone_ids.engine - INFO - Initialized detector: FirmwareIntegrityDetector
2026-09-26 13:12:59,356 - drone_ids.engine - INFO - IDS Engine started
2026-09-26 13:12:59,356 - drone_ids.main - INFO - Running indefinitely (Ctrl+C to stop)...
2026-09-26 13:13:00,356 - drone_ids.main - INFO - Status: {'state': 'running', 'detectors': 6, 'stats': {'messages_processed': 215, 'alerts_generated': 0, 'alerts_by_type': {}, 'uptime': 1.0003161430358887, 'errors': 0}}
2026-09-26 13:13:14,374 - drone_ids.detector.DoSDetector - WARNING - ALERT [CRITICAL] heartbeat_timeout: Heartbeat timeout for system 1 (3.0s)
2026-09-26 13:13:15,375 - drone_ids.detector.DoSDetector - WARNING - ALERT [CRITICAL] heartbeat_timeout: Heartbeat timeout for system 1 (4.0s)
2026-09-26 13:13:16,376 - drone_ids.detector.DoSDetector - WARNING - ALERT [CRITICAL] heartbeat_timeout: Heartbeat timeout for system 1 (5.0s)
2026-09-26 13:13:17,377 - drone_ids.detector.DoSDetector - WARNING - ALERT [CRITICAL] heartbeat_timeout: Heartbeat timeout for system 1 (6.0s)
2026-09-26 13:13:18,378 - drone_ids.detector.DoSDetector - WARNING - ALERT [CRITICAL] heartbeat_timeout: Heartbeat timeout for system 1 (7.0s)
2026-09-26 13:13:19,379 - drone_ids.detector.DoSDetector - WARNING - ALERT [CRITICAL] heartbeat_timeout: Heartbeat timeout for system 1 (8.0s)
2026-09-26 13:13:20,381 - drone_ids.detector.DoSDetector - WARNING - ALERT [CRITICAL] heartbeat_timeout: Heartbeat timeout for system 1 (9.0s)
2026-09-26 13:13:21,382 - drone_ids.detector.DoSDetector - WARNING - ALERT [CRITICAL] heartbeat_timeout: Heartbeat timeout for system 1 (10.0s)
2026-09-26 13:13:22,365 - drone_ids.engine - ERROR - Detector MAVLinkAnomalyDetector error: type object 'AlertSeverity' has no attribute 'HIGH'
2026-09-26 13:13:22,383 - drone_ids.detector.DoSDetector - WARNING - ALERT [CRITICAL] heartbeat_timeout: Heartbeat timeout for system 1 (11.0s)
2026-09-26 13:13:22,459 - drone_ids.engine - ERROR - Detector MAVLinkAnomalyDetector error: type object 'AlertSeverity' has no attribute 'HIGH'
2026-09-26 13:13:22,460 - drone_ids.engine - ERROR - Detector MAVLinkAnomalyDetector error: type object 'AlertSeverity' has no attribute 'HIGH'
2026-09-26 13:13:22,461 - drone_ids.engine - ERROR - Detector MAVLinkAnomalyDetector error: type object 'AlertSeverity' has no attribute 'HIGH'
2026-09-26 13:13:22,462 - drone_ids.engine - ERROR - Detector MAVLinkAnomalyDetector error: type object 'AlertSeverity' has no attribute 'HIGH'
2026-09-26 13:13:22,463 - drone_ids.engine - ERROR - Detector MAVLinkAnomalyDetector error: type object 'AlertSeverity' has no attribute 'HIGH'
2026-09-26 13:13:22,464 - drone_ids.engine - ERROR - Detector MAVLinkAnomalyDetector error: type object 'AlertSeverity' has no attribute 'HIGH'
2026-09-26 13:13:22,464 - drone_ids.engine - ERROR - Detector MAVLinkAnomalyDetector error: type object 'AlertSeverity' has no attribute 'HIGH'
2026-09-26 13:13:22,465 - drone_ids.engine - ERROR - Detector MAVLinkAnomalyDetector error: type object 'AlertSeverity' has no attribute 'HIGH'
2026-09-26 13:13:22,465 - drone_ids.engine - ERROR - Detector MAVLinkAnomalyDetector error: type object 'AlertSeverity' has no attribute 'HIGH'
2026-09-26 13:13:22,466 - drone_ids.engine - ERROR - Detector MAVLinkAnomalyDetector error: type object 'AlertSeverity' has no attribute 'HIGH'
2026-09-26 13:13:22,466 - drone_ids.engine - ERROR - Detector MAVLinkAnomalyDetector error: type object 'AlertSeverity' has no attribute 'HIGH'
2026-09-26 13:13:22,466 - drone_ids.engine - ERROR - Detector MAVLinkAnomalyDetector error: type object 'AlertSeverity' has no attribute 'HIGH'
2026-09-26 13:13:22,467 - drone_ids.engine - ERROR - Detector MAVLinkAnomalyDetector error: type object 'AlertSeverity' has no attribute 'HIGH'
2026-09-26 13:13:22,467 - drone_ids.engine - ERROR - Detector MAVLinkAnomalyDetector error: type object 'AlertSeverity' has no attribute 'HIGH'
2026-09-26 13:13:22,467 - drone_ids.engine - ERROR - Detector MAVLinkAnomalyDetector error: type object 'AlertSeverity' has no attribute 'HIGH'
2026-09-26 13:13:22,467 - drone_ids.engine - ERROR - Detector MAVLinkAnomalyDetector error: type object 'AlertSeverity' has no attribute 'HIGH'
2026-09-26 13:13:22,468 - drone_ids.engine - ERROR - Detector MAVLinkAnomalyDetector error: type object 'AlertSeverity' has no attribute 'HIGH'
2026-09-26 13:13:22,468 - drone_ids.engine - ERROR - Detector MAVLinkAnomalyDetector error: type object 'AlertSeverity' has no attribute 'HIGH'
2026-09-26 13:13:22,468 - drone_ids.engine - ERROR - Detector MAVLinkAnomalyDetector error: type object 'AlertSeverity' has no attribute 'HIGH'
2026-09-26 13:13:22,469 - drone_ids.engine - ERROR - Detector MAVLinkAnomalyDetector error: type object 'AlertSeverity' has no attribute 'HIGH'
2026-09-26 13:13:22,469 - drone_ids.engine - ERROR - Detector MAVLinkAnomalyDetector error: type object 'AlertSeverity' has no attribute 'HIGH'
2026-09-26 13:13:22,469 - drone_ids.engine - ERROR - Detector MAVLinkAnomalyDetector error: type object 'AlertSeverity' has no attribute 'HIGH'
2026-09-26 13:13:22,470 - drone_ids.engine - ERROR - Detector MAVLinkAnomalyDetector error: type object 'AlertSeverity' has no attribute 'HIGH'
2026-09-26 13:13:22,470 - drone_ids.engine - ERROR - Detector MAVLinkAnomalyDetector error: type object 'AlertSeverity' has no attribute 'HIGH'
2026-09-26 13:13:22,470 - drone_ids.engine - ERROR - Detector MAVLinkAnomalyDetector error: type object 'AlertSeverity' has no attribute 'HIGH'
2026-09-26 13:13:22,471 - drone_ids.engine - ERROR - Detector MAVLinkAnomalyDetector error: type object 'AlertSeverity' has no attribute 'HIGH'
2026-09-26 13:13:22,471 - drone_ids.engine - ERROR - Detector MAVLinkAnomalyDetector error: type object 'AlertSeverity' has no attribute 'HIGH'
2026-09-26 13:13:22,710 - drone_ids.engine - ERROR - Detector MAVLinkAnomalyDetector error: type object 'AlertSeverity' has no attribute 'HIGH'
2026-09-26 13:13:22,710 - drone_ids.engine - ERROR - Detector MAVLinkAnomalyDetector error: type object 'AlertSeverity' has no attribute 'HIGH'
2026-09-26 13:13:22,711 - drone_ids.engine - ERROR - Detector MAVLinkAnomalyDetector error: type object 'AlertSeverity' has no attribute 'HIGH'
2026-09-26 13:13:22,712 - drone_ids.engine - ERROR - Detector MAVLinkAnomalyDetector error: type object 'AlertSeverity' has no attribute 'HIGH'
2026-09-26 13:13:22,712 - drone_ids.engine - ERROR - Detector MAVLinkAnomalyDetector error: type object 'AlertSeverity' has no attribute 'HIGH'
2026-09-26 13:13:22,713 - drone_ids.engine - ERROR - Detector MAVLinkAnomalyDetector error: type object 'AlertSeverity' has no attribute 'HIGH'
2026-09-26 13:13:22,714 - drone_ids.engine - ERROR - Detector MAVLinkAnomalyDetector error: type object 'AlertSeverity' has no attribute 'HIGH'
2026-09-26 13:13:22,715 - drone_ids.engine - ERROR - Detector MAVLinkAnomalyDetector error: type object 'AlertSeverity' has no attribute 'HIGH'
2026-09-26 13:13:22,715 - drone_ids.engine - ERROR - Detector MAVLinkAnomalyDetector error: type object 'AlertSeverity' has no attribute 'HIGH'
2026-09-26 13:13:22,716 - drone_ids.engine - ERROR - Detector MAVLinkAnomalyDetector error: type object 'AlertSeverity' has no attribute 'HIGH'
2026-09-26 13:13:22,716 - drone_ids.engine - ERROR - Detector MAVLinkAnomalyDetector error: type object 'AlertSeverity' has no attribute 'HIGH'
2026-09-26 13:13:22,717 - drone_ids.engine - ERROR - Detector MAVLinkAnomalyDetector error: type object 'AlertSeverity' has no attribute 'HIGH'
2026-09-26 13:13:22,717 - drone_ids.engine - ERROR - Detector MAVLinkAnomalyDetector error: type object 'AlertSeverity' has no attribute 'HIGH'
2026-09-26 13:13:22,718 - drone_ids.engine - ERROR - Detector MAVLinkAnomalyDetector error: type object 'AlertSeverity' has no attribute 'HIGH'
2026-09-26 13:13:22,718 - drone_ids.engine - ERROR - Detector MAVLinkAnomalyDetector error: type object 'AlertSeverity' has no attribute 'HIGH'
2026-09-26 13:13:22,718 - drone_ids.engine - ERROR - Detector MAVLinkAnomalyDetector error: type object 'AlertSeverity' has no attribute 'HIGH'
2026-09-26 13:13:22,719 - drone_ids.engine - ERROR - Detector MAVLinkAnomalyDetector error: type object 'AlertSeverity' has no attribute 'HIGH'
2026-09-26 13:13:22,720 - drone_ids.engine - ERROR - Detector MAVLinkAnomalyDetector error: type object 'AlertSeverity' has no attribute 'HIGH'
2026-09-26 13:13:22,720 - drone_ids.engine - ERROR - Detector MAVLinkAnomalyDetector error: type object 'AlertSeverity' has no attribute 'HIGH'
2026-09-26 13:13:22,721 - drone_ids.engine - ERROR - Detector MAVLinkAnomalyDetector error: type object 'AlertSeverity' has no attribute 'HIGH'
2026-09-26 13:13:22,721 - drone_ids.engine - ERROR - Detector MAVLinkAnomalyDetector error: type object 'AlertSeverity' has no attribute 'HIGH'
2026-09-26 13:13:22,721 - drone_ids.engine - ERROR - Detector MAVLinkAnomalyDetector error: type object 'AlertSeverity' has no attribute 'HIGH'
2026-09-26 13:13:28,790 - drone_ids.engine - INFO - Stats: msgs=3245, rate=110.2/s, alerts=9, errors=50
2026-09-26 13:13:30,361 - drone_ids.main - INFO - Status: {'state': 'running', 'detectors': 6, 'stats': {'messages_processed': 3412, 'alerts_generated': 9, 'alerts_by_type': {'heartbeat_timeout': 9}, 'uptime': 31.004586219787598, 'errors': 50}}
2026-09-26 13:13:58,823 - drone_ids.engine - INFO - Stats: msgs=6579, rate=110.6/s, alerts=9, errors=50
2026-09-26 13:14:00,364 - drone_ids.main - INFO - Status: {'state': 'running', 'detectors': 6, 'stats': {'messages_processed': 6746, 'alerts_generated': 9, 'alerts_by_type': {'heartbeat_timeout': 9}, 'uptime': 61.00848436355591, 'errors': 50}}
2026-09-26 13:14:07,536 - drone_ids.main - INFO - Signal 2, shutting down...
2026-09-26 13:14:08,365 - drone_ids.main - INFO - Shutting down...
2026-09-26 13:14:08,366 - drone_ids.detector.GPSSpoofingDetector - INFO - GPS Spoofing Detector shutdown
2026-09-26 13:14:08,366 - drone_ids.detector.MAVLinkAnomalyDetector - INFO - MAVLink Anomaly Detector shutdown
2026-09-26 13:14:08,366 - drone_ids.detector.CommandInjectionDetector - INFO - Command Injection Detector shutdown
2026-09-26 13:14:08,366 - drone_ids.detector.TelemetryManipulationDetector - INFO - Telemetry Manipulation Detector shutdown
2026-09-26 13:14:08,366 - drone_ids.detector.DoSDetector - INFO - DoS Detector shutdown
2026-09-26 13:14:08,366 - drone_ids.detector.FirmwareIntegrityDetector - INFO - Firmware Integrity Detector shutdown
2026-09-26 13:14:08,433 - drone_ids.engine - INFO - IDS Engine stopped
2026-09-26 13:14:19,908 - drone_ids.main - INFO - Initializing Drone IDS...
2026-09-26 13:14:19,912 - drone_ids.engine - INFO - Added detector: GPSSpoofingDetector
2026-09-26 13:14:19,912 - drone_ids.main - INFO - Registered: GPSSpoofingDetector
2026-09-26 13:14:19,912 - drone_ids.engine - INFO - Added detector: MAVLinkAnomalyDetector
2026-09-26 13:14:19,912 - drone_ids.main - INFO - Registered: MAVLinkAnomalyDetector
2026-09-26 13:14:19,912 - drone_ids.engine - INFO - Added detector: CommandInjectionDetector
2026-09-26 13:14:19,912 - drone_ids.main - INFO - Registered: CommandInjectionDetector
2026-09-26 13:14:19,912 - drone_ids.engine - INFO - Added detector: TelemetryManipulationDetector
2026-09-26 13:14:19,912 - drone_ids.main - INFO - Registered: TelemetryManipulationDetector
2026-09-26 13:14:19,912 - drone_ids.engine - INFO - Added detector: DoSDetector
2026-09-26 13:14:19,912 - drone_ids.main - INFO - Registered: DoSDetector
2026-09-26 13:14:19,912 - drone_ids.engine - INFO - Added detector: FirmwareIntegrityDetector
2026-09-26 13:14:19,913 - drone_ids.main - INFO - Registered: FirmwareIntegrityDetector
2026-09-26 13:14:19,913 - drone_ids.alert_manager - INFO - Alert Manager started
2026-09-26 13:14:19,913 - drone_ids.main - INFO - Connecting to SITL on UDP 14550...
2026-09-26 13:14:19,913 - drone_ids.mavlink - INFO - Connecting to udp:127.0.0.1:14550...
2026-09-26 13:14:19,913 - drone_ids.mavlink - INFO - Waiting for heartbeat...
2026-09-26 13:14:20,367 - drone_ids.mavlink - INFO - Connected to system 1
2026-09-26 13:14:20,369 - drone_ids.main - INFO - Requested stream 0 at 10Hz
2026-09-26 13:14:20,369 - drone_ids.main - INFO - Requested stream 5 at 10Hz
2026-09-26 13:14:20,369 - drone_ids.main - INFO - Requested stream 2 at 5Hz
2026-09-26 13:14:20,369 - drone_ids.main - INFO - Starting Drone IDS...
2026-09-26 13:14:20,370 - drone_ids.detector.GPSSpoofingDetector - INFO - GPS Spoofing Detector initialized
2026-09-26 13:14:20,370 - drone_ids.engine - INFO - Initialized detector: GPSSpoofingDetector
2026-09-26 13:14:20,370 - drone_ids.detector.MAVLinkAnomalyDetector - INFO - MAVLink Anomaly Detector initialized
2026-09-26 13:14:20,370 - drone_ids.engine - INFO - Initialized detector: MAVLinkAnomalyDetector
2026-09-26 13:14:20,370 - drone_ids.detector.CommandInjectionDetector - INFO - Command Injection Detector initialized
2026-09-26 13:14:20,370 - drone_ids.engine - INFO - Initialized detector: CommandInjectionDetector
2026-09-26 13:14:20,370 - drone_ids.detector.TelemetryManipulationDetector - INFO - Telemetry Manipulation Detector initialized
2026-09-26 13:14:20,370 - drone_ids.engine - INFO - Initialized detector: TelemetryManipulationDetector
2026-09-26 13:14:20,370 - drone_ids.detector.DoSDetector - INFO - DoS Detector initialized
2026-09-26 13:14:20,370 - drone_ids.engine - INFO - Initialized detector: DoSDetector
2026-09-26 13:14:20,370 - drone_ids.detector.FirmwareIntegrityDetector - INFO - Firmware Integrity Detector initialized
2026-09-26 13:14:20,370 - drone_ids.engine - INFO - Initialized detector: FirmwareIntegrityDetector
2026-09-26 13:14:20,371 - drone_ids.engine - INFO - IDS Engine started
2026-09-26 13:14:20,371 - drone_ids.main - INFO - Running indefinitely (Ctrl+C to stop)...
2026-09-26 13:14:29,504 - drone_ids.main - INFO - Signal 15, shutting down...
2026-09-26 13:14:30,372 - drone_ids.main - INFO - Status: {'state': 'running', 'detectors': 6, 'stats': {'messages_processed': 1502, 'alerts_generated': 0, 'alerts_by_type': {}, 'uptime': 10.00154733657837, 'errors': 0}}
2026-09-26 13:14:30,372 - drone_ids.main - INFO - Shutting down...
2026-09-26 13:14:30,372 - drone_ids.detector.GPSSpoofingDetector - INFO - GPS Spoofing Detector shutdown
2026-09-26 13:14:30,372 - drone_ids.detector.MAVLinkAnomalyDetector - INFO - MAVLink Anomaly Detector shutdown
2026-09-26 13:14:30,372 - drone_ids.detector.CommandInjectionDetector - INFO - Command Injection Detector shutdown
2026-09-26 13:14:30,373 - drone_ids.detector.TelemetryManipulationDetector - INFO - Telemetry Manipulation Detector shutdown
2026-09-26 13:14:30,373 - drone_ids.detector.DoSDetector - INFO - DoS Detector shutdown
2026-09-26 13:14:30,373 - drone_ids.detector.FirmwareIntegrityDetector - INFO - Firmware Integrity Detector shutdown
2026-09-26 13:14:30,381 - drone_ids.engine - INFO - IDS Engine stopped
2026-09-26 13:14:30,915 - drone_ids.alert_manager - INFO - Alert Manager stopped
2026-09-26 13:14:31,372 - drone_ids.mavlink - INFO - Disconnected
2026-09-26 13:14:31,372 - drone_ids.main - INFO - Shutdown complete
2026-09-26 13:14:34,669 - drone_ids.main - INFO - Initializing Drone IDS...
2026-09-26 13:14:34,673 - drone_ids.engine - INFO - Added detector: GPSSpoofingDetector
2026-09-26 13:14:34,673 - drone_ids.main - INFO - Registered: GPSSpoofingDetector
2026-09-26 13:14:34,673 - drone_ids.engine - INFO - Added detector: MAVLinkAnomalyDetector
2026-09-26 13:14:34,673 - drone_ids.main - INFO - Registered: MAVLinkAnomalyDetector
2026-09-26 13:14:34,673 - drone_ids.engine - INFO - Added detector: CommandInjectionDetector
2026-09-26 13:14:34,673 - drone_ids.main - INFO - Registered: CommandInjectionDetector
2026-09-26 13:14:34,673 - drone_ids.engine - INFO - Added detector: TelemetryManipulationDetector
2026-09-26 13:14:34,673 - drone_ids.main - INFO - Registered: TelemetryManipulationDetector
2026-09-26 13:14:34,673 - drone_ids.engine - INFO - Added detector: DoSDetector
2026-09-26 13:14:34,673 - drone_ids.main - INFO - Registered: DoSDetector
2026-09-26 13:14:34,673 - drone_ids.engine - INFO - Added detector: FirmwareIntegrityDetector
2026-09-26 13:14:34,673 - drone_ids.main - INFO - Registered: FirmwareIntegrityDetector
2026-09-26 13:14:34,674 - drone_ids.alert_manager - INFO - Alert Manager started
2026-09-26 13:14:34,674 - drone_ids.main - INFO - Connecting to SITL on UDP 14550...
2026-09-26 13:14:34,674 - drone_ids.mavlink - INFO - Connecting to udp:127.0.0.1:14550...
2026-09-26 13:14:34,674 - drone_ids.mavlink - INFO - Waiting for heartbeat...
2026-09-26 13:14:35,371 - drone_ids.mavlink - INFO - Connected to system 1
2026-09-26 13:14:35,373 - drone_ids.main - INFO - Requested stream 0 at 10Hz
2026-09-26 13:14:35,373 - drone_ids.main - INFO - Requested stream 5 at 10Hz
2026-09-26 13:14:35,373 - drone_ids.main - INFO - Requested stream 2 at 5Hz
2026-09-26 13:14:35,373 - drone_ids.main - INFO - Starting Drone IDS...
2026-09-26 13:14:35,373 - drone_ids.detector.GPSSpoofingDetector - INFO - GPS Spoofing Detector initialized
2026-09-26 13:14:35,373 - drone_ids.engine - INFO - Initialized detector: GPSSpoofingDetector
2026-09-26 13:14:35,373 - drone_ids.detector.MAVLinkAnomalyDetector - INFO - MAVLink Anomaly Detector initialized
2026-09-26 13:14:35,374 - drone_ids.engine - INFO - Initialized detector: MAVLinkAnomalyDetector
2026-09-26 13:14:35,374 - drone_ids.detector.CommandInjectionDetector - INFO - Command Injection Detector initialized
2026-09-26 13:14:35,374 - drone_ids.engine - INFO - Initialized detector: CommandInjectionDetector
2026-09-26 13:14:35,374 - drone_ids.detector.TelemetryManipulationDetector - INFO - Telemetry Manipulation Detector initialized
2026-09-26 13:14:35,374 - drone_ids.engine - INFO - Initialized detector: TelemetryManipulationDetector
2026-09-26 13:14:35,374 - drone_ids.detector.DoSDetector - INFO - DoS Detector initialized
2026-09-26 13:14:35,374 - drone_ids.engine - INFO - Initialized detector: DoSDetector
2026-09-26 13:14:35,374 - drone_ids.detector.FirmwareIntegrityDetector - INFO - Firmware Integrity Detector initialized
2026-09-26 13:14:35,374 - drone_ids.engine - INFO - Initialized detector: FirmwareIntegrityDetector
2026-09-26 13:14:35,375 - drone_ids.engine - INFO - IDS Engine started
2026-09-26 13:14:35,375 - drone_ids.main - INFO - Running indefinitely (Ctrl+C to stop)...
2026-09-26 13:14:49,271 - drone_ids.main - INFO - Signal 15, shutting down...
2026-09-26 13:14:49,377 - drone_ids.main - INFO - Shutting down...
2026-09-26 13:14:49,377 - drone_ids.detector.GPSSpoofingDetector - INFO - GPS Spoofing Detector shutdown
2026-09-26 13:14:49,377 - drone_ids.detector.MAVLinkAnomalyDetector - INFO - MAVLink Anomaly Detector shutdown
2026-09-26 13:14:49,377 - drone_ids.detector.CommandInjectionDetector - INFO - Command Injection Detector shutdown
2026-09-26 13:14:49,377 - drone_ids.detector.TelemetryManipulationDetector - INFO - Telemetry Manipulation Detector shutdown
2026-09-26 13:14:49,378 - drone_ids.detector.DoSDetector - INFO - DoS Detector shutdown
2026-09-26 13:14:49,378 - drone_ids.detector.FirmwareIntegrityDetector - INFO - Firmware Integrity Detector shutdown
2026-09-26 13:14:49,390 - drone_ids.engine - INFO - IDS Engine stopped
2026-09-26 13:14:49,677 - drone_ids.alert_manager - INFO - Alert Manager stopped
2026-09-26 13:14:50,377 - drone_ids.mavlink - INFO - Disconnected
2026-09-26 13:14:50,378 - drone_ids.main - INFO - Shutdown complete
2026-09-26 13:15:18,830 - drone_ids.main - INFO - Initializing Drone IDS...
2026-09-26 13:15:18,834 - drone_ids.engine - INFO - Added detector: GPSSpoofingDetector
2026-09-26 13:15:18,834 - drone_ids.main - INFO - Registered: GPSSpoofingDetector
2026-09-26 13:15:18,834 - drone_ids.engine - INFO - Added detector: MAVLinkAnomalyDetector
2026-09-26 13:15:18,834 - drone_ids.main - INFO - Registered: MAVLinkAnomalyDetector
2026-09-26 13:15:18,834 - drone_ids.engine - INFO - Added detector: CommandInjectionDetector
2026-09-26 13:15:18,834 - drone_ids.main - INFO - Registered: CommandInjectionDetector
2026-09-26 13:15:18,834 - drone_ids.engine - INFO - Added detector: TelemetryManipulationDetector
2026-09-26 13:15:18,834 - drone_ids.main - INFO - Registered: TelemetryManipulationDetector
2026-09-26 13:15:18,834 - drone_ids.engine - INFO - Added detector: DoSDetector
2026-09-26 13:15:18,834 - drone_ids.main - INFO - Registered: DoSDetector
2026-09-26 13:15:18,834 - drone_ids.engine - INFO - Added detector: FirmwareIntegrityDetector
2026-09-26 13:15:18,834 - drone_ids.main - INFO - Registered: FirmwareIntegrityDetector
2026-09-26 13:15:18,834 - drone_ids.alert_manager - INFO - Alert Manager started
2026-09-26 13:15:18,834 - drone_ids.main - INFO - Connecting to SITL on UDP 14550...
2026-09-26 13:15:18,835 - drone_ids.mavlink - INFO - Connecting to udp:127.0.0.1:14550...
2026-09-26 13:15:18,835 - drone_ids.mavlink - INFO - Waiting for heartbeat...
2026-09-26 13:15:19,375 - drone_ids.mavlink - INFO - Connected to system 1
2026-09-26 13:15:19,377 - drone_ids.main - INFO - Requested stream 0 at 10Hz
2026-09-26 13:15:19,377 - drone_ids.main - INFO - Requested stream 5 at 10Hz
2026-09-26 13:15:19,377 - drone_ids.main - INFO - Requested stream 2 at 5Hz
2026-09-26 13:15:19,377 - drone_ids.main - INFO - Starting Drone IDS...
2026-09-26 13:15:19,377 - drone_ids.detector.GPSSpoofingDetector - INFO - GPS Spoofing Detector initialized
2026-09-26 13:15:19,377 - drone_ids.engine - INFO - Initialized detector: GPSSpoofingDetector
2026-09-26 13:15:19,377 - drone_ids.detector.MAVLinkAnomalyDetector - INFO - MAVLink Anomaly Detector initialized
2026-09-26 13:15:19,377 - drone_ids.engine - INFO - Initialized detector: MAVLinkAnomalyDetector
2026-09-26 13:15:19,377 - drone_ids.detector.CommandInjectionDetector - INFO - Command Injection Detector initialized
2026-09-26 13:15:19,377 - drone_ids.engine - INFO - Initialized detector: CommandInjectionDetector
2026-09-26 13:15:19,377 - drone_ids.detector.TelemetryManipulationDetector - INFO - Telemetry Manipulation Detector initialized
2026-09-26 13:15:19,378 - drone_ids.engine - INFO - Initialized detector: TelemetryManipulationDetector
2026-09-26 13:15:19,378 - drone_ids.detector.DoSDetector - INFO - DoS Detector initialized
2026-09-26 13:15:19,378 - drone_ids.engine - INFO - Initialized detector: DoSDetector
2026-09-26 13:15:19,378 - drone_ids.detector.FirmwareIntegrityDetector - INFO - Firmware Integrity Detector initialized
2026-09-26 13:15:19,378 - drone_ids.engine - INFO - Initialized detector: FirmwareIntegrityDetector
2026-09-26 13:15:19,378 - drone_ids.engine - INFO - IDS Engine started
2026-09-26 13:15:19,378 - drone_ids.main - INFO - Running indefinitely (Ctrl+C to stop)...
2026-09-26 13:15:25,385 - drone_ids.detector.DoSDetector - WARNING - ALERT [CRITICAL] heartbeat_timeout: Heartbeat timeout for system 1 (3.0s)
2026-09-26 13:15:26,386 - drone_ids.detector.DoSDetector - WARNING - ALERT [CRITICAL] heartbeat_timeout: Heartbeat timeout for system 1 (4.0s)
2026-09-26 13:15:27,387 - drone_ids.detector.DoSDetector - WARNING - ALERT [CRITICAL] heartbeat_timeout: Heartbeat timeout for system 1 (5.0s)
2026-09-26 13:15:28,388 - drone_ids.detector.DoSDetector - WARNING - ALERT [CRITICAL] heartbeat_timeout: Heartbeat timeout for system 1 (6.0s)
2026-09-26 13:15:29,389 - drone_ids.detector.DoSDetector - WARNING - ALERT [CRITICAL] heartbeat_timeout: Heartbeat timeout for system 1 (7.0s)
2026-09-26 13:15:30,379 - drone_ids.main - INFO - Status: {'state': 'running', 'detectors': 6, 'stats': {'messages_processed': 848, 'alerts_generated': 5, 'alerts_by_type': {'heartbeat_timeout': 5}, 'uptime': 11.00162959098816, 'errors': 0}}
2026-09-26 13:15:30,390 - drone_ids.detector.DoSDetector - WARNING - ALERT [CRITICAL] heartbeat_timeout: Heartbeat timeout for system 1 (8.0s)
2026-09-26 13:15:31,391 - drone_ids.detector.DoSDetector - WARNING - ALERT [CRITICAL] heartbeat_timeout: Heartbeat timeout for system 1 (9.0s)
2026-09-26 13:15:32,392 - drone_ids.detector.DoSDetector - WARNING - ALERT [CRITICAL] heartbeat_timeout: Heartbeat timeout for system 1 (10.0s)
2026-09-26 13:15:33,383 - drone_ids.detector.MAVLinkAnomalyDetector - WARNING - ALERT [WARNING] mavlink_sequence_gap: MAVLink sequence gap: 238 (sys=1, comp=1, type=FLIGHT_INFORMATION)
2026-09-26 13:15:33,393 - drone_ids.detector.DoSDetector - WARNING - ALERT [CRITICAL] heartbeat_timeout: Heartbeat timeout for system 1 (11.0s)
2026-09-26 13:15:48,709 - drone_ids.engine - INFO - Stats: msgs=2543, rate=86.7/s, alerts=10, errors=0
2026-09-26 13:16:00,384 - drone_ids.main - INFO - Status: {'state': 'running', 'detectors': 6, 'stats': {'messages_processed': 3849, 'alerts_generated': 10, 'alerts_by_type': {'heartbeat_timeout': 9, 'mavlink_sequence_gap': 1}, 'uptime': 41.00605583190918, 'errors': 0}}
2026-09-26 13:19:12,905 - drone_ids.main - INFO - Initializing Drone IDS...
2026-09-26 13:19:12,909 - drone_ids.engine - INFO - Added detector: GPSSpoofingDetector
2026-09-26 13:19:12,909 - drone_ids.main - INFO - Registered: GPSSpoofingDetector
2026-09-26 13:19:12,909 - drone_ids.engine - INFO - Added detector: MAVLinkAnomalyDetector
2026-09-26 13:19:12,909 - drone_ids.main - INFO - Registered: MAVLinkAnomalyDetector
2026-09-26 13:19:12,910 - drone_ids.engine - INFO - Added detector: CommandInjectionDetector
2026-09-26 13:19:12,910 - drone_ids.main - INFO - Registered: CommandInjectionDetector
2026-09-26 13:19:12,910 - drone_ids.engine - INFO - Added detector: TelemetryManipulationDetector
2026-09-26 13:19:12,910 - drone_ids.main - INFO - Registered: TelemetryManipulationDetector
2026-09-26 13:19:12,910 - drone_ids.engine - INFO - Added detector: DoSDetector
2026-09-26 13:19:12,910 - drone_ids.main - INFO - Registered: DoSDetector
2026-09-26 13:19:12,910 - drone_ids.engine - INFO - Added detector: FirmwareIntegrityDetector
2026-09-26 13:19:12,910 - drone_ids.main - INFO - Registered: FirmwareIntegrityDetector
2026-09-26 13:19:12,910 - drone_ids.alert_manager - INFO - Alert Manager started
2026-09-26 13:19:12,910 - drone_ids.main - INFO - Connecting to SITL on UDP 14550...
2026-09-26 13:19:12,910 - drone_ids.mavlink - INFO - Connecting to udp:127.0.0.1:14550...
2026-09-26 13:19:12,910 - drone_ids.mavlink - INFO - Waiting for heartbeat...
2026-09-26 13:19:13,416 - drone_ids.mavlink - INFO - Connected to system 1
2026-09-26 13:19:13,418 - drone_ids.main - INFO - Requested stream 0 at 10Hz
2026-09-26 13:19:13,419 - drone_ids.main - INFO - Requested stream 5 at 10Hz
2026-09-26 13:19:13,419 - drone_ids.main - INFO - Requested stream 2 at 5Hz
2026-09-26 13:19:13,419 - drone_ids.main - INFO - Starting Drone IDS...
2026-09-26 13:19:13,419 - drone_ids.detector.GPSSpoofingDetector - INFO - GPS Spoofing Detector initialized
2026-09-26 13:19:13,419 - drone_ids.engine - INFO - Initialized detector: GPSSpoofingDetector
2026-09-26 13:19:13,420 - drone_ids.detector.MAVLinkAnomalyDetector - INFO - MAVLink Anomaly Detector initialized
2026-09-26 13:19:13,420 - drone_ids.engine - INFO - Initialized detector: MAVLinkAnomalyDetector
2026-09-26 13:19:13,420 - drone_ids.detector.CommandInjectionDetector - INFO - Command Injection Detector initialized
2026-09-26 13:19:13,420 - drone_ids.engine - INFO - Initialized detector: CommandInjectionDetector
2026-09-26 13:19:13,420 - drone_ids.detector.TelemetryManipulationDetector - INFO - Telemetry Manipulation Detector initialized
2026-09-26 13:19:13,420 - drone_ids.engine - INFO - Initialized detector: TelemetryManipulationDetector
2026-09-26 13:19:13,420 - drone_ids.detector.DoSDetector - INFO - DoS Detector initialized
2026-09-26 13:19:13,420 - drone_ids.engine - INFO - Initialized detector: DoSDetector
2026-09-26 13:19:13,420 - drone_ids.detector.FirmwareIntegrityDetector - INFO - Firmware Integrity Detector initialized
2026-09-26 13:19:13,420 - drone_ids.engine - INFO - Initialized detector: FirmwareIntegrityDetector
2026-09-26 13:19:13,421 - drone_ids.engine - INFO - IDS Engine started
2026-09-26 13:19:13,421 - drone_ids.main - INFO - Running indefinitely (Ctrl+C to stop)...
2026-09-26 13:19:27,492 - drone_ids.main - INFO - Signal 15, shutting down...
2026-09-26 13:19:28,423 - drone_ids.main - INFO - Shutting down...
2026-09-26 13:19:28,423 - drone_ids.detector.GPSSpoofingDetector - INFO - GPS Spoofing Detector shutdown
2026-09-26 13:19:28,423 - drone_ids.detector.MAVLinkAnomalyDetector - INFO - MAVLink Anomaly Detector shutdown
2026-09-26 13:19:28,423 - drone_ids.detector.CommandInjectionDetector - INFO - Command Injection Detector shutdown
2026-09-26 13:19:28,423 - drone_ids.detector.TelemetryManipulationDetector - INFO - Telemetry Manipulation Detector shutdown
2026-09-26 13:19:28,424 - drone_ids.detector.DoSDetector - INFO - DoS Detector shutdown
2026-09-26 13:19:28,424 - drone_ids.detector.FirmwareIntegrityDetector - INFO - Firmware Integrity Detector shutdown
2026-09-26 13:19:28,437 - drone_ids.engine - INFO - IDS Engine stopped
2026-09-26 13:19:28,913 - drone_ids.alert_manager - INFO - Alert Manager stopped
2026-09-26 13:19:29,423 - drone_ids.mavlink - INFO - Disconnected
2026-09-26 13:19:29,423 - drone_ids.main - INFO - Shutdown complete
2026-09-26 13:20:43,829 - drone_ids.main - INFO - Initializing Drone IDS...
2026-09-26 13:20:43,833 - drone_ids.engine - INFO - Added detector: GPSSpoofingDetector
2026-09-26 13:20:43,833 - drone_ids.main - INFO - Registered: GPSSpoofingDetector
2026-09-26 13:20:43,833 - drone_ids.engine - INFO - Added detector: MAVLinkAnomalyDetector
2026-09-26 13:20:43,833 - drone_ids.main - INFO - Registered: MAVLinkAnomalyDetector
2026-09-26 13:20:43,833 - drone_ids.engine - INFO - Added detector: CommandInjectionDetector
2026-09-26 13:20:43,833 - drone_ids.main - INFO - Registered: CommandInjectionDetector
2026-09-26 13:20:43,833 - drone_ids.engine - INFO - Added detector: TelemetryManipulationDetector
2026-09-26 13:20:43,833 - drone_ids.main - INFO - Registered: TelemetryManipulationDetector
2026-09-26 13:20:43,833 - drone_ids.engine - INFO - Added detector: DoSDetector
2026-09-26 13:20:43,833 - drone_ids.main - INFO - Registered: DoSDetector
2026-09-26 13:20:43,833 - drone_ids.engine - INFO - Added detector: FirmwareIntegrityDetector
2026-09-26 13:20:43,833 - drone_ids.main - INFO - Registered: FirmwareIntegrityDetector
2026-09-26 13:20:43,833 - drone_ids.alert_manager - INFO - Alert Manager started
2026-09-26 13:20:43,834 - drone_ids.main - INFO - Connecting to SITL on UDP 14550...
2026-09-26 13:20:43,834 - drone_ids.mavlink - INFO - Connecting to udp:127.0.0.1:14550...
2026-09-26 13:20:43,834 - drone_ids.mavlink - INFO - Waiting for heartbeat...
2026-09-26 13:20:44,428 - drone_ids.mavlink - INFO - Connected to system 1
2026-09-26 13:20:44,429 - drone_ids.main - INFO - Requested stream 0 at 10Hz
2026-09-26 13:20:44,429 - drone_ids.main - INFO - Requested stream 5 at 10Hz
2026-09-26 13:20:44,429 - drone_ids.main - INFO - Requested stream 2 at 5Hz
2026-09-26 13:20:44,429 - drone_ids.main - INFO - Starting Drone IDS...
2026-09-26 13:20:44,430 - drone_ids.detector.GPSSpoofingDetector - INFO - GPS Spoofing Detector initialized
2026-09-26 13:20:44,430 - drone_ids.engine - INFO - Initialized detector: GPSSpoofingDetector
2026-09-26 13:20:44,430 - drone_ids.detector.MAVLinkAnomalyDetector - INFO - MAVLink Anomaly Detector initialized
2026-09-26 13:20:44,430 - drone_ids.engine - INFO - Initialized detector: MAVLinkAnomalyDetector
2026-09-26 13:20:44,430 - drone_ids.detector.CommandInjectionDetector - INFO - Command Injection Detector initialized
2026-09-26 13:20:44,430 - drone_ids.engine - INFO - Initialized detector: CommandInjectionDetector
2026-09-26 13:20:44,430 - drone_ids.detector.TelemetryManipulationDetector - INFO - Telemetry Manipulation Detector initialized
2026-09-26 13:20:44,430 - drone_ids.engine - INFO - Initialized detector: TelemetryManipulationDetector
2026-09-26 13:20:44,430 - drone_ids.detector.DoSDetector - INFO - DoS Detector initialized
2026-09-26 13:20:44,430 - drone_ids.engine - INFO - Initialized detector: DoSDetector
2026-09-26 13:20:44,430 - drone_ids.detector.FirmwareIntegrityDetector - INFO - Firmware Integrity Detector initialized
2026-09-26 13:20:44,430 - drone_ids.engine - INFO - Initialized detector: FirmwareIntegrityDetector
2026-09-26 13:20:44,431 - drone_ids.engine - INFO - IDS Engine started
2026-09-26 13:20:44,431 - drone_ids.main - INFO - Running indefinitely (Ctrl+C to stop)...
2026-09-26 13:20:57,435 - drone_ids.detector.MAVLinkAnomalyDetector - WARNING - ALERT [WARNING] mavlink_sequence_gap: MAVLink sequence gap: 32 (sys=1, comp=1, type=FLIGHT_INFORMATION)
2026-09-26 13:21:00,432 - drone_ids.main - INFO - Status: {'state': 'running', 'detectors': 6, 'stats': {'messages_processed': 938, 'alerts_generated': 1, 'alerts_by_type': {'mavlink_sequence_gap': 1}, 'uptime': 16.00213313102722, 'errors': 0}}
2026-09-26 13:21:13,660 - drone_ids.engine - INFO - Stats: msgs=2385, rate=81.6/s, alerts=1, errors=0
2026-09-26 13:21:30,437 - drone_ids.main - INFO - Status: {'state': 'running', 'detectors': 6, 'stats': {'messages_processed': 4268, 'alerts_generated': 1, 'alerts_by_type': {'mavlink_sequence_gap': 1}, 'uptime': 46.006277322769165, 'errors': 0}}
2026-09-26 13:21:43,691 - drone_ids.engine - INFO - Stats: msgs=5746, rate=97.0/s, alerts=1, errors=0
2026-09-26 13:22:00,440 - drone_ids.main - INFO - Status: {'state': 'running', 'detectors': 6, 'stats': {'messages_processed': 7606, 'alerts_generated': 1, 'alerts_by_type': {'mavlink_sequence_gap': 1}, 'uptime': 76.01007866859436, 'errors': 0}}
2026-09-26 13:22:13,720 - drone_ids.engine - INFO - Stats: msgs=9080, rate=101.7/s, alerts=1, errors=0
2026-09-26 13:22:30,443 - drone_ids.main - INFO - Status: {'state': 'running', 'detectors': 6, 'stats': {'messages_processed': 10936, 'alerts_generated': 1, 'alerts_by_type': {'mavlink_sequence_gap': 1}, 'uptime': 106.01284909248352, 'errors': 0}}
2026-09-26 13:22:43,749 - drone_ids.engine - INFO - Stats: msgs=12414, rate=104.0/s, alerts=1, errors=0
2026-09-26 13:23:00,448 - drone_ids.main - INFO - Status: {'state': 'running', 'detectors': 6, 'stats': {'messages_processed': 14272, 'alerts_generated': 1, 'alerts_by_type': {'mavlink_sequence_gap': 1}, 'uptime': 136.01734948158264, 'errors': 0}}
2026-09-26 13:23:13,775 - drone_ids.engine - INFO - Stats: msgs=15747, rate=105.4/s, alerts=1, errors=0
2026-09-26 13:23:30,451 - drone_ids.main - INFO - Status: {'state': 'running', 'detectors': 6, 'stats': {'messages_processed': 17608, 'alerts_generated': 1, 'alerts_by_type': {'mavlink_sequence_gap': 1}, 'uptime': 166.02107739448547, 'errors': 0}}
2026-09-26 13:23:43,805 - drone_ids.engine - INFO - Stats: msgs=19081, rate=106.4/s, alerts=1, errors=0
2026-09-26 13:24:00,454 - drone_ids.main - INFO - Status: {'state': 'running', 'detectors': 6, 'stats': {'messages_processed': 20941, 'alerts_generated': 1, 'alerts_by_type': {'mavlink_sequence_gap': 1}, 'uptime': 196.02403569221497, 'errors': 0}}
2026-09-26 13:24:13,833 - drone_ids.engine - INFO - Stats: msgs=22415, rate=107.0/s, alerts=1, errors=0
2026-09-26 13:24:30,457 - drone_ids.main - INFO - Status: {'state': 'running', 'detectors': 6, 'stats': {'messages_processed': 24266, 'alerts_generated': 1, 'alerts_by_type': {'mavlink_sequence_gap': 1}, 'uptime': 226.02670216560364, 'errors': 0}}
2026-09-26 13:24:43,862 - drone_ids.engine - INFO - Stats: msgs=25749, rate=107.5/s, alerts=1, errors=0
2026-09-26 13:25:00,462 - drone_ids.main - INFO - Status: {'state': 'running', 'detectors': 6, 'stats': {'messages_processed': 27609, 'alerts_generated': 1, 'alerts_by_type': {'mavlink_sequence_gap': 1}, 'uptime': 256.03149938583374, 'errors': 0}}
2026-09-26 13:25:13,889 - drone_ids.engine - INFO - Stats: msgs=29083, rate=107.9/s, alerts=1, errors=0
2026-09-26 13:25:30,465 - drone_ids.main - INFO - Status: {'state': 'running', 'detectors': 6, 'stats': {'messages_processed': 30943, 'alerts_generated': 1, 'alerts_by_type': {'mavlink_sequence_gap': 1}, 'uptime': 286.0342559814453, 'errors': 0}}
2026-09-26 13:25:43,940 - drone_ids.detector.MAVLinkAnomalyDetector - INFO - Learning complete. Baselines: {'FLIGHT_INFORMATION': 1.996505988202738, 'AHRS': 3.999921720440947, 'AHRS2': 3.999950010317587, 'ATTITUDE': 3.9999834801316045, 'GLOBAL_POSITION_INT': 4.000026549304748, 'VFR_HUD': 4.000065388183902, 'SERVO_OUTPUT_RAW': 4.000686588634587, 'RC_CHANNELS': 4.000749918029774, 'RAW_IMU': 4.0008321257272375, 'SCALED_IMU2': 4.000884869458025, 'SCALED_IMU3': 4.000954462780114, 'SCALED_PRESSURE': 4.001018511073882, 'SCALED_PRESSURE2': 4.001079762372624, 'SYSTEM_TIME': 4.001251286581684, 'SIMSTATE': 4.0013414778610095, 'WIND': 4.001414351755686, 'TERRAIN_REPORT': 4.001503700603984, 'EKF_STATUS_REPORT': 4.001566517114665, 'LOCAL_POSITION_NED': 4.001642532063013, 'VIBRATION': 4.001711130211033, 'BATTERY_STATUS': 4.001803616291879, 'ESC_TELEMETRY_1_TO_4': 4.00186439410814, 'SYS_STATUS': 4.000155630823938, 'POWER_STATUS': 4.000274668213954, 'MEMINFO': 4.000389561356446, 'NAV_CONTROLLER_OUTPUT': 4.000451894027058, 'MISSION_CURRENT': 4.000566088348087, 'GPS_RAW_INT': 4.001155918620885, 'HEARTBEAT': 0.9966941779180712, 'TIMESYNC': 0.09996460167844008}
2026-09-26 13:25:43,940 - drone_ids.engine - INFO - Stats: msgs=32417, rate=108.2/s, alerts=1, errors=0
2026-09-26 13:25:43,954 - drone_ids.detector.MAVLinkAnomalyDetector - WARNING - ALERT [WARNING] mavlink_rate_anomaly: MAVLink rate anomaly AHRS: 4.2/s (baseline: 4.0/s, z=5.0)
2026-09-26 13:25:44,955 - drone_ids.detector.MAVLinkAnomalyDetector - WARNING - ALERT [WARNING] mavlink_rate_anomaly: MAVLink rate anomaly POWER_STATUS: 4.2/s (baseline: 4.0/s, z=3.7)
2026-09-26 13:25:45,957 - drone_ids.detector.MAVLinkAnomalyDetector - WARNING - ALERT [WARNING] mavlink_rate_anomaly: MAVLink rate anomaly AHRS: 4.2/s (baseline: 4.0/s, z=5.0)
2026-09-26 13:25:47,204 - drone_ids.detector.MAVLinkAnomalyDetector - WARNING - ALERT [WARNING] mavlink_rate_anomaly: MAVLink rate anomaly AHRS: 4.2/s (baseline: 4.0/s, z=5.0)
2026-09-26 13:25:48,207 - drone_ids.detector.MAVLinkAnomalyDetector - WARNING - ALERT [WARNING] mavlink_rate_anomaly: MAVLink rate anomaly AHRS: 4.2/s (baseline: 4.0/s, z=4.9)
2026-09-26 13:25:49,451 - drone_ids.detector.MAVLinkAnomalyDetector - WARNING - ALERT [WARNING] mavlink_rate_anomaly: MAVLink rate anomaly AHRS: 4.2/s (baseline: 4.0/s, z=4.9)
2026-09-26 13:25:50,454 - drone_ids.detector.MAVLinkAnomalyDetector - WARNING - ALERT [WARNING] mavlink_rate_anomaly: MAVLink rate anomaly AHRS: 4.2/s (baseline: 4.0/s, z=4.8)
2026-09-26 13:25:51,454 - drone_ids.detector.MAVLinkAnomalyDetector - WARNING - ALERT [WARNING] mavlink_rate_anomaly: MAVLink rate anomaly VFR_HUD: 4.2/s (baseline: 4.0/s, z=4.3)
2026-09-26 13:25:52,456 - drone_ids.detector.MAVLinkAnomalyDetector - WARNING - ALERT [WARNING] mavlink_rate_anomaly: MAVLink rate anomaly AHRS: 4.2/s (baseline: 4.0/s, z=5.0)
2026-09-26 13:25:53,457 - drone_ids.detector.MAVLinkAnomalyDetector - WARNING - ALERT [WARNING] mavlink_rate_anomaly: MAVLink rate anomaly MISSION_CURRENT: 4.2/s (baseline: 4.0/s, z=3.2)
2026-09-26 13:25:54,458 - drone_ids.detector.MAVLinkAnomalyDetector - WARNING - ALERT [WARNING] mavlink_rate_anomaly: MAVLink rate anomaly AHRS: 4.2/s (baseline: 4.0/s, z=4.9)
2026-09-26 13:25:55,472 - drone_ids.detector.MAVLinkAnomalyDetector - WARNING - ALERT [WARNING] mavlink_rate_anomaly: MAVLink rate anomaly HEARTBEAT: 1.2/s (baseline: 1.0/s, z=4.7)
2026-09-26 13:25:56,709 - drone_ids.detector.MAVLinkAnomalyDetector - WARNING - ALERT [WARNING] mavlink_rate_anomaly: MAVLink rate anomaly AHRS: 4.2/s (baseline: 4.0/s, z=4.9)
2026-09-26 13:25:57,952 - drone_ids.detector.MAVLinkAnomalyDetector - WARNING - ALERT [WARNING] mavlink_rate_anomaly: MAVLink rate anomaly AHRS: 4.2/s (baseline: 4.0/s, z=4.9)
2026-09-26 13:25:58,954 - drone_ids.detector.MAVLinkAnomalyDetector - WARNING - ALERT [WARNING] mavlink_rate_anomaly: MAVLink rate anomaly AHRS: 4.2/s (baseline: 4.0/s, z=4.8)
2026-09-26 13:25:59,954 - drone_ids.detector.MAVLinkAnomalyDetector - WARNING - ALERT [WARNING] mavlink_rate_anomaly: MAVLink rate anomaly GLOBAL_POSITION_INT: 4.2/s (baseline: 4.0/s, z=4.6)
2026-09-26 13:26:00,468 - drone_ids.main - INFO - Status: {'state': 'running', 'detectors': 6, 'stats': {'messages_processed': 34264, 'alerts_generated': 17, 'alerts_by_type': {'mavlink_sequence_gap': 1, 'mavlink_rate_anomaly': 16}, 'uptime': 316.03757643699646, 'errors': 0}}
2026-09-26 13:26:00,958 - drone_ids.detector.MAVLinkAnomalyDetector - WARNING - ALERT [WARNING] mavlink_rate_anomaly: MAVLink rate anomaly AHRS: 4.2/s (baseline: 4.0/s, z=5.0)
2026-09-26 13:26:02,207 - drone_ids.detector.MAVLinkAnomalyDetector - WARNING - ALERT [WARNING] mavlink_rate_anomaly: MAVLink rate anomaly AHRS: 4.2/s (baseline: 4.0/s, z=5.0)
2026-09-26 13:26:03,207 - drone_ids.detector.MAVLinkAnomalyDetector - WARNING - ALERT [WARNING] mavlink_rate_anomaly: MAVLink rate anomaly NAV_CONTROLLER_OUTPUT: 4.2/s (baseline: 4.0/s, z=3.3)
2026-09-26 13:26:04,207 - drone_ids.detector.MAVLinkAnomalyDetector - WARNING - ALERT [WARNING] mavlink_rate_anomaly: MAVLink rate anomaly MEMINFO: 4.2/s (baseline: 4.0/s, z=3.7)
2026-09-26 13:26:05,207 - drone_ids.detector.MAVLinkAnomalyDetector - WARNING - ALERT [WARNING] mavlink_rate_anomaly: MAVLink rate anomaly SYS_STATUS: 4.2/s (baseline: 4.0/s, z=3.9)
2026-09-26 13:26:06,455 - drone_ids.detector.MAVLinkAnomalyDetector - WARNING - ALERT [WARNING] mavlink_rate_anomaly: MAVLink rate anomaly AHRS: 4.2/s (baseline: 4.0/s, z=5.0)
2026-09-26 13:26:07,456 - drone_ids.detector.MAVLinkAnomalyDetector - WARNING - ALERT [WARNING] mavlink_rate_anomaly: MAVLink rate anomaly AHRS: 4.2/s (baseline: 4.0/s, z=4.8)
2026-09-26 13:26:08,458 - drone_ids.detector.MAVLinkAnomalyDetector - WARNING - ALERT [WARNING] mavlink_rate_anomaly: MAVLink rate anomaly AHRS: 4.2/s (baseline: 4.0/s, z=5.0)
2026-09-26 13:26:09,460 - drone_ids.detector.MAVLinkAnomalyDetector - WARNING - ALERT [WARNING] mavlink_rate_anomaly: MAVLink rate anomaly AHRS: 4.2/s (baseline: 4.0/s, z=5.0)
2026-09-26 13:26:10,460 - drone_ids.detector.MAVLinkAnomalyDetector - WARNING - ALERT [WARNING] mavlink_rate_anomaly: MAVLink rate anomaly RAW_IMU: 4.2/s (baseline: 4.0/s, z=3.0)
2026-09-26 13:26:11,461 - drone_ids.detector.MAVLinkAnomalyDetector - WARNING - ALERT [WARNING] mavlink_rate_anomaly: MAVLink rate anomaly POWER_STATUS: 4.2/s (baseline: 4.0/s, z=3.8)
2026-09-26 13:26:12,462 - drone_ids.detector.MAVLinkAnomalyDetector - WARNING - ALERT [WARNING] mavlink_rate_anomaly: MAVLink rate anomaly SYS_STATUS: 4.2/s (baseline: 4.0/s, z=4.1)
2026-09-26 13:26:13,462 - drone_ids.detector.MAVLinkAnomalyDetector - WARNING - ALERT [WARNING] mavlink_rate_anomaly: MAVLink rate anomaly MEMINFO: 4.2/s (baseline: 4.0/s, z=3.4)
2026-09-26 13:26:13,946 - drone_ids.engine - INFO - Stats: msgs=35751, rate=108.5/s, alerts=30, errors=0
2026-09-26 13:26:14,463 - drone_ids.detector.MAVLinkAnomalyDetector - WARNING - ALERT [WARNING] mavlink_rate_anomaly: MAVLink rate anomaly POWER_STATUS: 4.2/s (baseline: 4.0/s, z=3.7)
2026-09-26 13:26:15,463 - drone_ids.detector.MAVLinkAnomalyDetector - WARNING - ALERT [WARNING] mavlink_rate_anomaly: MAVLink rate anomaly RAW_IMU: 4.2/s (baseline: 4.0/s, z=3.0)
2026-09-26 13:26:16,475 - drone_ids.detector.MAVLinkAnomalyDetector - WARNING - ALERT [WARNING] mavlink_rate_anomaly: MAVLink rate anomaly HEARTBEAT: 1.2/s (baseline: 1.0/s, z=3.8)
2026-09-26 13:26:17,475 - drone_ids.detector.MAVLinkAnomalyDetector - WARNING - ALERT [WARNING] mavlink_rate_anomaly: MAVLink rate anomaly HEARTBEAT: 1.3/s (baseline: 1.0/s, z=4.7)
2026-09-26 13:26:18,708 - drone_ids.detector.MAVLinkAnomalyDetector - WARNING - ALERT [WARNING] mavlink_rate_anomaly: MAVLink rate anomaly AHRS: 4.2/s (baseline: 4.0/s, z=4.8)
2026-09-26 13:26:19,711 - drone_ids.detector.MAVLinkAnomalyDetector - WARNING - ALERT [WARNING] mavlink_rate_anomaly: MAVLink rate anomaly AHRS: 4.2/s (baseline: 4.0/s, z=5.0)
2026-09-26 13:26:20,712 - drone_ids.detector.MAVLinkAnomalyDetector - WARNING - ALERT [WARNING] mavlink_rate_anomaly: MAVLink rate anomaly MEMINFO: 4.2/s (baseline: 4.0/s, z=3.5)
2026-09-26 13:26:21,961 - drone_ids.detector.MAVLinkAnomalyDetector - WARNING - ALERT [WARNING] mavlink_rate_anomaly: MAVLink rate anomaly AHRS: 4.2/s (baseline: 4.0/s, z=4.8)
2026-09-26 13:26:23,211 - drone_ids.detector.MAVLinkAnomalyDetector - WARNING - ALERT [WARNING] mavlink_rate_anomaly: MAVLink rate anomaly AHRS: 4.2/s (baseline: 4.0/s, z=4.9)
2026-09-26 13:26:24,212 - drone_ids.detector.MAVLinkAnomalyDetector - WARNING - ALERT [WARNING] mavlink_rate_anomaly: MAVLink rate anomaly AHRS2: 4.2/s (baseline: 4.0/s, z=4.9)
2026-09-26 13:26:25,213 - drone_ids.detector.MAVLinkAnomalyDetector - WARNING - ALERT [WARNING] mavlink_rate_anomaly: MAVLink rate anomaly AHRS2: 4.2/s (baseline: 4.0/s, z=4.8)
2026-09-26 13:26:26,213 - drone_ids.detector.MAVLinkAnomalyDetector - WARNING - ALERT [WARNING] mavlink_rate_anomaly: MAVLink rate anomaly VFR_HUD: 4.2/s (baseline: 4.0/s, z=4.4)
2026-09-26 13:26:27,213 - drone_ids.detector.MAVLinkAnomalyDetector - WARNING - ALERT [WARNING] mavlink_rate_anomaly: MAVLink rate anomaly GLOBAL_POSITION_INT: 4.2/s (baseline: 4.0/s, z=4.5)
2026-09-26 13:26:28,214 - drone_ids.detector.MAVLinkAnomalyDetector - WARNING - ALERT [WARNING] mavlink_rate_anomaly: MAVLink rate anomaly MEMINFO: 4.2/s (baseline: 4.0/s, z=3.4)
2026-09-26 13:26:29,214 - drone_ids.detector.MAVLinkAnomalyDetector - WARNING - ALERT [WARNING] mavlink_rate_anomaly: MAVLink rate anomaly SERVO_OUTPUT_RAW: 4.2/s (baseline: 4.0/s, z=3.0)
2026-09-26 13:26:30,214 - drone_ids.detector.MAVLinkAnomalyDetector - WARNING - ALERT [WARNING] mavlink_rate_anomaly: MAVLink rate anomaly SYS_STATUS: 4.2/s (baseline: 4.0/s, z=3.9)
2026-09-26 13:26:30,472 - drone_ids.main - INFO - Status: {'state': 'running', 'detectors': 6, 'stats': {'messages_processed': 37609, 'alerts_generated': 46, 'alerts_by_type': {'mavlink_sequence_gap': 1, 'mavlink_rate_anomaly': 45}, 'uptime': 346.04134154319763, 'errors': 0}}
2026-09-26 13:26:31,215 - drone_ids.detector.MAVLinkAnomalyDetector - WARNING - ALERT [WARNING] mavlink_rate_anomaly: MAVLink rate anomaly MEMINFO: 4.2/s (baseline: 4.0/s, z=3.5)
2026-09-26 13:26:32,215 - drone_ids.detector.MAVLinkAnomalyDetector - WARNING - ALERT [WARNING] mavlink_rate_anomaly: MAVLink rate anomaly NAV_CONTROLLER_OUTPUT: 4.2/s (baseline: 4.0/s, z=3.3)
2026-09-26 13:26:33,457 - drone_ids.detector.MAVLinkAnomalyDetector - WARNING - ALERT [WARNING] mavlink_rate_anomaly: MAVLink rate anomaly AHRS: 4.2/s (baseline: 4.0/s, z=4.8)
2026-09-26 13:26:34,461 - drone_ids.detector.MAVLinkAnomalyDetector - WARNING - ALERT [WARNING] mavlink_rate_anomaly: MAVLink rate anomaly AHRS: 4.2/s (baseline: 4.0/s, z=4.8)
2026-09-26 13:26:35,462 - drone_ids.detector.MAVLinkAnomalyDetector - WARNING - ALERT [WARNING] mavlink_rate_anomaly: MAVLink rate anomaly AHRS2: 4.2/s (baseline: 4.0/s, z=4.7)
2026-09-26 13:26:36,463 - drone_ids.detector.MAVLinkAnomalyDetector - WARNING - ALERT [WARNING] mavlink_rate_anomaly: MAVLink rate anomaly AHRS: 4.2/s (baseline: 4.0/s, z=4.9)
2026-09-26 13:26:37,464 - drone_ids.detector.MAVLinkAnomalyDetector - WARNING - ALERT [WARNING] mavlink_rate_anomaly: MAVLink rate anomaly SYS_STATUS: 4.2/s (baseline: 4.0/s, z=4.0)
2026-09-26 13:26:38,465 - drone_ids.detector.MAVLinkAnomalyDetector - WARNING - ALERT [WARNING] mavlink_rate_anomaly: MAVLink rate anomaly AHRS: 4.2/s (baseline: 4.0/s, z=5.0)
2026-09-26 13:26:39,476 - drone_ids.detector.MAVLinkAnomalyDetector - WARNING - ALERT [WARNING] mavlink_rate_anomaly: MAVLink rate anomaly HEARTBEAT: 1.2/s (baseline: 1.0/s, z=3.8)
2026-09-26 13:26:40,478 - drone_ids.detector.MAVLinkAnomalyDetector - WARNING - ALERT [WARNING] mavlink_rate_anomaly: MAVLink rate anomaly HEARTBEAT: 1.2/s (baseline: 1.0/s, z=4.7)
2026-09-26 13:26:41,710 - drone_ids.detector.MAVLinkAnomalyDetector - WARNING - ALERT [WARNING] mavlink_rate_anomaly: MAVLink rate anomaly AHRS: 4.2/s (baseline: 4.0/s, z=4.8)
2026-09-26 13:26:42,715 - drone_ids.detector.MAVLinkAnomalyDetector - WARNING - ALERT [WARNING] mavlink_rate_anomaly: MAVLink rate anomaly AHRS: 4.2/s (baseline: 4.0/s, z=5.0)
2026-09-26 13:26:43,715 - drone_ids.detector.MAVLinkAnomalyDetector - WARNING - ALERT [WARNING] mavlink_rate_anomaly: MAVLink rate anomaly POWER_STATUS: 4.2/s (baseline: 4.0/s, z=3.6)
2026-09-26 13:26:43,977 - drone_ids.engine - INFO - Stats: msgs=39112, rate=108.8/s, alerts=59, errors=0
2026-09-26 13:26:44,962 - drone_ids.detector.MAVLinkAnomalyDetector - WARNING - ALERT [WARNING] mavlink_rate_anomaly: MAVLink rate anomaly AHRS: 4.2/s (baseline: 4.0/s, z=4.8)
2026-09-26 13:26:45,962 - drone_ids.detector.MAVLinkAnomalyDetector - WARNING - ALERT [WARNING] mavlink_rate_anomaly: MAVLink rate anomaly AHRS: 4.2/s (baseline: 4.0/s, z=4.8)
2026-09-26 13:26:46,963 - drone_ids.detector.MAVLinkAnomalyDetector - WARNING - ALERT [WARNING] mavlink_rate_anomaly: MAVLink rate anomaly AHRS: 4.2/s (baseline: 4.0/s, z=5.0)
2026-09-26 13:26:47,964 - drone_ids.detector.MAVLinkAnomalyDetector - WARNING - ALERT [WARNING] mavlink_rate_anomaly: MAVLink rate anomaly AHRS: 4.2/s (baseline: 4.0/s, z=4.9)
2026-09-26 13:26:48,964 - drone_ids.detector.MAVLinkAnomalyDetector - WARNING - ALERT [WARNING] mavlink_rate_anomaly: MAVLink rate anomaly SYS_STATUS: 4.2/s (baseline: 4.0/s, z=4.2)
2026-09-26 13:26:50,216 - drone_ids.detector.MAVLinkAnomalyDetector - WARNING - ALERT [WARNING] mavlink_rate_anomaly: MAVLink rate anomaly AHRS: 4.2/s (baseline: 4.0/s, z=4.9)
2026-09-26 13:26:51,465 - drone_ids.detector.MAVLinkAnomalyDetector - WARNING - ALERT [WARNING] mavlink_rate_anomaly: MAVLink rate anomaly AHRS: 4.2/s (baseline: 4.0/s, z=4.8)
2026-09-26 13:26:52,465 - drone_ids.detector.MAVLinkAnomalyDetector - WARNING - ALERT [WARNING] mavlink_rate_anomaly: MAVLink rate anomaly AHRS2: 4.2/s (baseline: 4.0/s, z=4.8)
2026-09-26 13:26:53,466 - drone_ids.detector.MAVLinkAnomalyDetector - WARNING - ALERT [WARNING] mavlink_rate_anomaly: MAVLink rate anomaly AHRS2: 4.2/s (baseline: 4.0/s, z=4.9)
2026-09-26 13:26:54,467 - drone_ids.detector.MAVLinkAnomalyDetector - WARNING - ALERT [WARNING] mavlink_rate_anomaly: MAVLink rate anomaly AHRS: 4.2/s (baseline: 4.0/s, z=4.8)
2026-09-26 13:26:55,480 - drone_ids.detector.MAVLinkAnomalyDetector - WARNING - ALERT [WARNING] mavlink_rate_anomaly: MAVLink rate anomaly HEARTBEAT: 1.3/s (baseline: 1.0/s, z=4.7)
2026-09-26 13:26:56,482 - drone_ids.detector.MAVLinkAnomalyDetector - WARNING - ALERT [WARNING] mavlink_rate_anomaly: MAVLink rate anomaly HEARTBEAT: 1.2/s (baseline: 1.0/s, z=4.7)
2026-09-26 13:26:57,713 - drone_ids.detector.MAVLinkAnomalyDetector - WARNING - ALERT [WARNING] mavlink_rate_anomaly: MAVLink rate anomaly AHRS: 4.2/s (baseline: 4.0/s, z=4.8)
2026-09-26 13:26:58,713 - drone_ids.detector.MAVLinkAnomalyDetector - WARNING - ALERT [WARNING] mavlink_rate_anomaly: MAVLink rate anomaly AHRS: 4.2/s (baseline: 4.0/s, z=4.8)
2026-09-26 13:26:59,713 - drone_ids.detector.MAVLinkAnomalyDetector - WARNING - ALERT [WARNING] mavlink_rate_anomaly: MAVLink rate anomaly AHRS2: 4.2/s (baseline: 4.0/s, z=4.7)
2026-09-26 13:27:00,476 - drone_ids.main - INFO - Status: {'state': 'running', 'detectors': 6, 'stats': {'messages_processed': 40936, 'alerts_generated': 74, 'alerts_by_type': {'mavlink_sequence_gap': 1, 'mavlink_rate_anomaly': 73}, 'uptime': 376.04537773132324, 'errors': 0}}
2026-09-26 13:27:00,713 - drone_ids.detector.MAVLinkAnomalyDetector - WARNING - ALERT [WARNING] mavlink_rate_anomaly: MAVLink rate anomaly AHRS: 4.2/s (baseline: 4.0/s, z=5.0)
2026-09-26 13:27:01,716 - drone_ids.detector.MAVLinkAnomalyDetector - WARNING - ALERT [WARNING] mavlink_rate_anomaly: MAVLink rate anomaly AHRS: 4.2/s (baseline: 4.0/s, z=5.0)
2026-09-26 13:27:02,716 - drone_ids.detector.MAVLinkAnomalyDetector - WARNING - ALERT [WARNING] mavlink_rate_anomaly: MAVLink rate anomaly NAV_CONTROLLER_OUTPUT: 4.2/s (baseline: 4.0/s, z=3.6)
2026-09-26 13:27:03,717 - drone_ids.detector.MAVLinkAnomalyDetector - WARNING - ALERT [WARNING] mavlink_rate_anomaly: MAVLink rate anomaly AHRS: 4.2/s (baseline: 4.0/s, z=4.9)
2026-09-26 13:27:04,717 - drone_ids.detector.MAVLinkAnomalyDetector - WARNING - ALERT [WARNING] mavlink_rate_anomaly: MAVLink rate anomaly GLOBAL_POSITION_INT: 4.2/s (baseline: 4.0/s, z=4.6)
2026-09-26 13:27:05,718 - drone_ids.detector.MAVLinkAnomalyDetector - WARNING - ALERT [WARNING] mavlink_rate_anomaly: MAVLink rate anomaly POWER_STATUS: 4.2/s (baseline: 4.0/s, z=3.9)
2026-09-26 13:27:06,718 - drone_ids.detector.MAVLinkAnomalyDetector - WARNING - ALERT [WARNING] mavlink_rate_anomaly: MAVLink rate anomaly NAV_CONTROLLER_OUTPUT: 4.2/s (baseline: 4.0/s, z=3.4)
2026-09-26 13:27:07,718 - drone_ids.detector.MAVLinkAnomalyDetector - WARNING - ALERT [WARNING] mavlink_rate_anomaly: MAVLink rate anomaly AHRS2: 4.2/s (baseline: 4.0/s, z=4.9)
2026-09-26 13:27:08,719 - drone_ids.detector.MAVLinkAnomalyDetector - WARNING - ALERT [WARNING] mavlink_rate_anomaly: MAVLink rate anomaly POWER_STATUS: 4.2/s (baseline: 4.0/s, z=3.7)
2026-09-26 13:27:09,966 - drone_ids.detector.MAVLinkAnomalyDetector - WARNING - ALERT [WARNING] mavlink_rate_anomaly: MAVLink rate anomaly AHRS: 4.2/s (baseline: 4.0/s, z=4.8)
2026-09-26 13:27:11,219 - drone_ids.detector.MAVLinkAnomalyDetector - WARNING - ALERT [WARNING] mavlink_rate_anomaly: MAVLink rate anomaly AHRS: 4.2/s (baseline: 4.0/s, z=4.9)
2026-09-26 13:27:12,467 - drone_ids.detector.MAVLinkAnomalyDetector - WARNING - ALERT [WARNING] mavlink_rate_anomaly: MAVLink rate anomaly AHRS: 4.2/s (baseline: 4.0/s, z=5.0)
2026-09-26 13:27:13,467 - drone_ids.detector.MAVLinkAnomalyDetector - WARNING - ALERT [WARNING] mavlink_rate_anomaly: MAVLink rate anomaly GLOBAL_POSITION_INT: 4.2/s (baseline: 4.0/s, z=4.5)
2026-09-26 13:27:14,005 - drone_ids.engine - INFO - Stats: msgs=42447, rate=109.0/s, alerts=87, errors=0
2026-09-26 13:27:14,468 - drone_ids.detector.MAVLinkAnomalyDetector - WARNING - ALERT [WARNING] mavlink_rate_anomaly: MAVLink rate anomaly GLOBAL_POSITION_INT: 4.2/s (baseline: 4.0/s, z=4.4)
2026-09-26 13:27:15,470 - drone_ids.detector.MAVLinkAnomalyDetector - WARNING - ALERT [WARNING] mavlink_rate_anomaly: MAVLink rate anomaly AHRS: 4.2/s (baseline: 4.0/s, z=4.9)
2026-09-26 13:27:16,480 - drone_ids.detector.MAVLinkAnomalyDetector - WARNING - ALERT [WARNING] mavlink_rate_anomaly: MAVLink rate anomaly HEARTBEAT: 1.2/s (baseline: 1.0/s, z=3.8)
2026-09-26 13:27:17,485 - drone_ids.detector.MAVLinkAnomalyDetector - WARNING - ALERT [WARNING] mavlink_rate_anomaly: MAVLink rate anomaly HEARTBEAT: 1.2/s (baseline: 1.0/s, z=4.7)
2026-09-26 13:27:18,716 - drone_ids.detector.MAVLinkAnomalyDetector - WARNING - ALERT [WARNING] mavlink_rate_anomaly: MAVLink rate anomaly AHRS: 4.2/s (baseline: 4.0/s, z=4.8)
2026-09-26 13:27:19,719 - drone_ids.detector.MAVLinkAnomalyDetector - WARNING - ALERT [WARNING] mavlink_rate_anomaly: MAVLink rate anomaly AHRS: 4.2/s (baseline: 4.0/s, z=4.9)
2026-09-26 13:27:20,965 - drone_ids.detector.MAVLinkAnomalyDetector - WARNING - ALERT [WARNING] mavlink_rate_anomaly: MAVLink rate anomaly AHRS: 4.2/s (baseline: 4.0/s, z=4.8)
2026-09-26 13:27:21,968 - drone_ids.detector.MAVLinkAnomalyDetector - WARNING - ALERT [WARNING] mavlink_rate_anomaly: MAVLink rate anomaly AHRS: 4.2/s (baseline: 4.0/s, z=5.0)
2026-09-26 13:27:23,216 - drone_ids.detector.MAVLinkAnomalyDetector - WARNING - ALERT [WARNING] mavlink_rate_anomaly: MAVLink rate anomaly AHRS: 4.2/s (baseline: 4.0/s, z=5.0)
2026-09-26 13:27:24,216 - drone_ids.detector.MAVLinkAnomalyDetector - WARNING - ALERT [WARNING] mavlink_rate_anomaly: MAVLink rate anomaly AHRS: 4.2/s (baseline: 4.0/s, z=4.8)
2026-09-26 13:27:25,216 - drone_ids.detector.MAVLinkAnomalyDetector - WARNING - ALERT [WARNING] mavlink_rate_anomaly: MAVLink rate anomaly NAV_CONTROLLER_OUTPUT: 4.2/s (baseline: 4.0/s, z=3.4)
2026-09-26 13:27:26,216 - drone_ids.detector.MAVLinkAnomalyDetector - WARNING - ALERT [WARNING] mavlink_rate_anomaly: MAVLink rate anomaly AHRS: 4.2/s (baseline: 4.0/s, z=5.0)
2026-09-26 13:27:27,217 - drone_ids.detector.MAVLinkAnomalyDetector - WARNING - ALERT [WARNING] mavlink_rate_anomaly: MAVLink rate anomaly POWER_STATUS: 4.2/s (baseline: 4.0/s, z=3.7)
2026-09-26 13:27:28,218 - drone_ids.detector.MAVLinkAnomalyDetector - WARNING - ALERT [WARNING] mavlink_rate_anomaly: MAVLink rate anomaly AHRS: 4.2/s (baseline: 4.0/s, z=5.0)
2026-09-26 13:27:29,218 - drone_ids.detector.MAVLinkAnomalyDetector - WARNING - ALERT [WARNING] mavlink_rate_anomaly: MAVLink rate anomaly MEMINFO: 4.2/s (baseline: 4.0/s, z=3.4)
2026-09-26 13:27:30,221 - drone_ids.detector.MAVLinkAnomalyDetector - WARNING - ALERT [WARNING] mavlink_rate_anomaly: MAVLink rate anomaly AHRS: 4.2/s (baseline: 4.0/s, z=4.9)
2026-09-26 13:27:30,481 - drone_ids.main - INFO - Status: {'state': 'running', 'detectors': 6, 'stats': {'messages_processed': 44266, 'alerts_generated': 103, 'alerts_by_type': {'mavlink_sequence_gap': 1, 'mavlink_rate_anomaly': 102}, 'uptime': 406.0505838394165, 'errors': 0}}
2026-09-26 13:27:31,222 - drone_ids.detector.MAVLinkAnomalyDetector - WARNING - ALERT [WARNING] mavlink_rate_anomaly: MAVLink rate anomaly GLOBAL_POSITION_INT: 4.2/s (baseline: 4.0/s, z=4.5)
2026-09-26 13:27:32,223 - drone_ids.detector.MAVLinkAnomalyDetector - WARNING - ALERT [WARNING] mavlink_rate_anomaly: MAVLink rate anomaly ATTITUDE: 4.2/s (baseline: 4.0/s, z=4.6)
2026-09-26 13:27:33,468 - drone_ids.detector.MAVLinkAnomalyDetector - WARNING - ALERT [WARNING] mavlink_rate_anomaly: MAVLink rate anomaly AHRS: 4.2/s (baseline: 4.0/s, z=4.8)
2026-09-26 13:27:34,471 - drone_ids.detector.MAVLinkAnomalyDetector - WARNING - ALERT [WARNING] mavlink_rate_anomaly: MAVLink rate anomaly AHRS: 4.2/s (baseline: 4.0/s, z=5.0)
2026-09-26 13:27:35,483 - drone_ids.detector.MAVLinkAnomalyDetector - WARNING - ALERT [WARNING] mavlink_rate_anomaly: MAVLink rate anomaly HEARTBEAT: 1.2/s (baseline: 1.0/s, z=3.8)
2026-09-26 13:27:36,486 - drone_ids.detector.MAVLinkAnomalyDetector - WARNING - ALERT [WARNING] mavlink_rate_anomaly: MAVLink rate anomaly HEARTBEAT: 1.2/s (baseline: 1.0/s, z=4.7)
2026-09-26 13:27:37,487 - drone_ids.detector.MAVLinkAnomalyDetector - WARNING - ALERT [WARNING] mavlink_rate_anomaly: MAVLink rate anomaly HEARTBEAT: 1.2/s (baseline: 1.0/s, z=4.7)
2026-09-26 13:27:38,718 - drone_ids.detector.MAVLinkAnomalyDetector - WARNING - ALERT [WARNING] mavlink_rate_anomaly: MAVLink rate anomaly AHRS: 4.2/s (baseline: 4.0/s, z=4.8)
2026-09-26 13:27:39,720 - drone_ids.detector.MAVLinkAnomalyDetector - WARNING - ALERT [WARNING] mavlink_rate_anomaly: MAVLink rate anomaly AHRS: 4.2/s (baseline: 4.0/s, z=5.0)
2026-09-26 13:27:40,720 - drone_ids.detector.MAVLinkAnomalyDetector - WARNING - ALERT [WARNING] mavlink_rate_anomaly: MAVLink rate anomaly AHRS: 4.2/s (baseline: 4.0/s, z=4.9)
2026-09-26 13:27:41,721 - drone_ids.detector.MAVLinkAnomalyDetector - WARNING - ALERT [WARNING] mavlink_rate_anomaly: MAVLink rate anomaly AHRS2: 4.2/s (baseline: 4.0/s, z=4.7)
2026-09-26 13:27:42,721 - drone_ids.detector.MAVLinkAnomalyDetector - WARNING - ALERT [WARNING] mavlink_rate_anomaly: MAVLink rate anomaly SYS_STATUS: 4.2/s (baseline: 4.0/s, z=4.2)
2026-09-26 13:27:43,722 - drone_ids.detector.MAVLinkAnomalyDetector - WARNING - ALERT [WARNING] mavlink_rate_anomaly: MAVLink rate anomaly ATTITUDE: 4.2/s (baseline: 4.0/s, z=4.7)
2026-09-26 13:27:44,035 - drone_ids.engine - INFO - Stats: msgs=45781, rate=109.1/s, alerts=116, errors=0
2026-09-26 13:27:44,722 - drone_ids.detector.MAVLinkAnomalyDetector - WARNING - ALERT [WARNING] mavlink_rate_anomaly: MAVLink rate anomaly AHRS: 4.2/s (baseline: 4.0/s, z=4.9)
2026-09-26 13:27:45,967 - drone_ids.detector.MAVLinkAnomalyDetector - WARNING - ALERT [WARNING] mavlink_rate_anomaly: MAVLink rate anomaly AHRS: 4.2/s (baseline: 4.0/s, z=4.9)
2026-09-26 13:27:46,970 - drone_ids.detector.MAVLinkAnomalyDetector - WARNING - ALERT [WARNING] mavlink_rate_anomaly: MAVLink rate anomaly AHRS: 4.2/s (baseline: 4.0/s, z=4.9)
2026-09-26 13:27:47,972 - drone_ids.detector.MAVLinkAnomalyDetector - WARNING - ALERT [WARNING] mavlink_rate_anomaly: MAVLink rate anomaly SYS_STATUS: 4.2/s (baseline: 4.0/s, z=3.9)
2026-09-26 13:27:48,972 - drone_ids.detector.MAVLinkAnomalyDetector - WARNING - ALERT [WARNING] mavlink_rate_anomaly: MAVLink rate anomaly AHRS: 4.2/s (baseline: 4.0/s, z=5.0)
2026-09-26 13:27:49,972 - drone_ids.detector.MAVLinkAnomalyDetector - WARNING - ALERT [WARNING] mavlink_rate_anomaly: MAVLink rate anomaly MEMINFO: 4.2/s (baseline: 4.0/s, z=3.5)
2026-09-26 13:27:50,972 - drone_ids.detector.MAVLinkAnomalyDetector - WARNING - ALERT [WARNING] mavlink_rate_anomaly: MAVLink rate anomaly ATTITUDE: 4.2/s (baseline: 4.0/s, z=4.7)
2026-09-26 13:27:51,973 - drone_ids.detector.MAVLinkAnomalyDetector - WARNING - ALERT [WARNING] mavlink_rate_anomaly: MAVLink rate anomaly GLOBAL_POSITION_INT: 4.2/s (baseline: 4.0/s, z=4.5)
2026-09-26 13:27:52,973 - drone_ids.detector.MAVLinkAnomalyDetector - WARNING - ALERT [WARNING] mavlink_rate_anomaly: MAVLink rate anomaly AHRS: 4.2/s (baseline: 4.0/s, z=4.9)
2026-09-26 13:27:53,974 - drone_ids.detector.MAVLinkAnomalyDetector - WARNING - ALERT [WARNING] mavlink_rate_anomaly: MAVLink rate anomaly SYS_STATUS: 4.2/s (baseline: 4.0/s, z=4.0)
2026-09-26 13:27:54,974 - drone_ids.detector.MAVLinkAnomalyDetector - WARNING - ALERT [WARNING] mavlink_rate_anomaly: MAVLink rate anomaly GLOBAL_POSITION_INT: 4.2/s (baseline: 4.0/s, z=4.4)
2026-09-26 13:27:55,974 - drone_ids.detector.MAVLinkAnomalyDetector - WARNING - ALERT [WARNING] mavlink_rate_anomaly: MAVLink rate anomaly GLOBAL_POSITION_INT: 4.2/s (baseline: 4.0/s, z=4.5)
2026-09-26 13:27:56,975 - drone_ids.detector.MAVLinkAnomalyDetector - WARNING - ALERT [WARNING] mavlink_rate_anomaly: MAVLink rate anomaly AHRS: 4.2/s (baseline: 4.0/s, z=4.9)
2026-09-26 13:27:57,975 - drone_ids.detector.MAVLinkAnomalyDetector - WARNING - ALERT [WARNING] mavlink_rate_anomaly: MAVLink rate anomaly SYS_STATUS: 4.2/s (baseline: 4.0/s, z=3.9)
2026-09-26 13:27:59,223 - drone_ids.detector.MAVLinkAnomalyDetector - WARNING - ALERT [WARNING] mavlink_rate_anomaly: MAVLink rate anomaly AHRS: 4.2/s (baseline: 4.0/s, z=4.9)
2026-09-26 13:28:00,224 - drone_ids.detector.MAVLinkAnomalyDetector - WARNING - ALERT [WARNING] mavlink_rate_anomaly: MAVLink rate anomaly GLOBAL_POSITION_INT: 4.2/s (baseline: 4.0/s, z=4.6)
2026-09-26 13:28:00,486 - drone_ids.main - INFO - Status: {'state': 'running', 'detectors': 6, 'stats': {'messages_processed': 47613, 'alerts_generated': 132, 'alerts_by_type': {'mavlink_sequence_gap': 1, 'mavlink_rate_anomaly': 131}, 'uptime': 436.05532002449036, 'errors': 0}}
2026-09-26 13:28:01,225 - drone_ids.detector.MAVLinkAnomalyDetector - WARNING - ALERT [WARNING] mavlink_rate_anomaly: MAVLink rate anomaly VFR_HUD: 4.2/s (baseline: 4.0/s, z=4.4)
2026-09-26 13:28:02,225 - drone_ids.detector.MAVLinkAnomalyDetector - WARNING - ALERT [WARNING] mavlink_rate_anomaly: MAVLink rate anomaly POWER_STATUS: 4.2/s (baseline: 4.0/s, z=3.7)
2026-09-26 13:28:03,226 - drone_ids.detector.MAVLinkAnomalyDetector - WARNING - ALERT [WARNING] mavlink_rate_anomaly: MAVLink rate anomaly GLOBAL_POSITION_INT: 4.2/s (baseline: 4.0/s, z=4.5)
2026-09-26 13:28:04,226 - drone_ids.detector.MAVLinkAnomalyDetector - WARNING - ALERT [WARNING] mavlink_rate_anomaly: MAVLink rate anomaly SYS_STATUS: 4.2/s (baseline: 4.0/s, z=4.1)
2026-09-26 13:28:05,226 - drone_ids.detector.MAVLinkAnomalyDetector - WARNING - ALERT [WARNING] mavlink_rate_anomaly: MAVLink rate anomaly ATTITUDE: 4.2/s (baseline: 4.0/s, z=4.7)
2026-09-26 13:28:06,228 - drone_ids.detector.MAVLinkAnomalyDetector - WARNING - ALERT [WARNING] mavlink_rate_anomaly: MAVLink rate anomaly SYS_STATUS: 4.2/s (baseline: 4.0/s, z=4.1)
2026-09-26 13:28:07,471 - drone_ids.detector.MAVLinkAnomalyDetector - WARNING - ALERT [WARNING] mavlink_rate_anomaly: MAVLink rate anomaly AHRS: 4.2/s (baseline: 4.0/s, z=5.0)
2026-09-26 13:28:08,474 - drone_ids.detector.MAVLinkAnomalyDetector - WARNING - ALERT [WARNING] mavlink_rate_anomaly: MAVLink rate anomaly AHRS: 4.2/s (baseline: 4.0/s, z=4.8)
2026-09-26 13:28:09,474 - drone_ids.detector.MAVLinkAnomalyDetector - WARNING - ALERT [WARNING] mavlink_rate_anomaly: MAVLink rate anomaly NAV_CONTROLLER_OUTPUT: 4.2/s (baseline: 4.0/s, z=3.3)
2026-09-26 13:28:10,474 - drone_ids.detector.MAVLinkAnomalyDetector - WARNING - ALERT [WARNING] mavlink_rate_anomaly: MAVLink rate anomaly AHRS: 4.2/s (baseline: 4.0/s, z=5.0)
2026-09-26 13:28:11,474 - drone_ids.detector.MAVLinkAnomalyDetector - WARNING - ALERT [WARNING] mavlink_rate_anomaly: MAVLink rate anomaly NAV_CONTROLLER_OUTPUT: 4.2/s (baseline: 4.0/s, z=3.3)
2026-09-26 13:28:12,474 - drone_ids.detector.MAVLinkAnomalyDetector - WARNING - ALERT [WARNING] mavlink_rate_anomaly: MAVLink rate anomaly AHRS: 4.2/s (baseline: 4.0/s, z=5.0)
2026-09-26 13:28:13,475 - drone_ids.detector.MAVLinkAnomalyDetector - WARNING - ALERT [WARNING] mavlink_rate_anomaly: MAVLink rate anomaly NAV_CONTROLLER_OUTPUT: 4.2/s (baseline: 4.0/s, z=3.3)
2026-09-26 13:28:14,065 - drone_ids.engine - INFO - Stats: msgs=49115, rate=109.2/s, alerts=145, errors=0
2026-09-26 13:28:14,475 - drone_ids.detector.MAVLinkAnomalyDetector - WARNING - ALERT [WARNING] mavlink_rate_anomaly: MAVLink rate anomaly AHRS: 4.2/s (baseline: 4.0/s, z=5.0)
2026-09-26 13:28:15,475 - drone_ids.detector.MAVLinkAnomalyDetector - WARNING - ALERT [WARNING] mavlink_rate_anomaly: MAVLink rate anomaly SYS_STATUS: 4.2/s (baseline: 4.0/s, z=3.9)
2026-09-26 13:28:16,476 - drone_ids.detector.MAVLinkAnomalyDetector - WARNING - ALERT [WARNING] mavlink_rate_anomaly: MAVLink rate anomaly AHRS: 4.2/s (baseline: 4.0/s, z=4.9)
2026-09-26 13:28:17,491 - drone_ids.detector.MAVLinkAnomalyDetector - WARNING - ALERT [WARNING] mavlink_rate_anomaly: MAVLink rate anomaly HEARTBEAT: 1.2/s (baseline: 1.0/s, z=4.7)
2026-09-26 13:28:18,727 - drone_ids.detector.MAVLinkAnomalyDetector - WARNING - ALERT [WARNING] mavlink_rate_anomaly: MAVLink rate anomaly AHRS: 4.2/s (baseline: 4.0/s, z=4.9)
2026-09-26 13:28:19,975 - drone_ids.detector.MAVLinkAnomalyDetector - WARNING - ALERT [WARNING] mavlink_rate_anomaly: MAVLink rate anomaly AHRS: 4.2/s (baseline: 4.0/s, z=4.9)
2026-09-26 13:28:20,975 - drone_ids.detector.MAVLinkAnomalyDetector - WARNING - ALERT [WARNING] mavlink_rate_anomaly: MAVLink rate anomaly ATTITUDE: 4.2/s (baseline: 4.0/s, z=4.5)
2026-09-26 13:28:21,978 - drone_ids.detector.MAVLinkAnomalyDetector - WARNING - ALERT [WARNING] mavlink_rate_anomaly: MAVLink rate anomaly AHRS: 4.2/s (baseline: 4.0/s, z=4.9)
2026-09-26 13:28:23,220 - drone_ids.detector.MAVLinkAnomalyDetector - WARNING - ALERT [WARNING] mavlink_rate_anomaly: MAVLink rate anomaly AHRS: 4.2/s (baseline: 4.0/s, z=4.9)
2026-09-26 13:28:24,224 - drone_ids.detector.MAVLinkAnomalyDetector - WARNING - ALERT [WARNING] mavlink_rate_anomaly: MAVLink rate anomaly AHRS: 4.2/s (baseline: 4.0/s, z=5.0)
2026-09-26 13:28:25,224 - drone_ids.detector.MAVLinkAnomalyDetector - WARNING - ALERT [WARNING] mavlink_rate_anomaly: MAVLink rate anomaly MISSION_CURRENT: 4.2/s (baseline: 4.0/s, z=3.2)
2026-09-26 13:28:26,224 - drone_ids.detector.MAVLinkAnomalyDetector - WARNING - ALERT [WARNING] mavlink_rate_anomaly: MAVLink rate anomaly ATTITUDE: 4.2/s (baseline: 4.0/s, z=4.5)
2026-09-26 13:28:27,225 - drone_ids.detector.MAVLinkAnomalyDetector - WARNING - ALERT [WARNING] mavlink_rate_anomaly: MAVLink rate anomaly AHRS2: 4.2/s (baseline: 4.0/s, z=4.9)
2026-09-26 13:28:28,225 - drone_ids.detector.MAVLinkAnomalyDetector - WARNING - ALERT [WARNING] mavlink_rate_anomaly: MAVLink rate anomaly AHRS2: 4.2/s (baseline: 4.0/s, z=4.8)
2026-09-26 13:28:29,226 - drone_ids.detector.MAVLinkAnomalyDetector - WARNING - ALERT [WARNING] mavlink_rate_anomaly: MAVLink rate anomaly AHRS2: 4.2/s (baseline: 4.0/s, z=4.9)
2026-09-26 13:28:30,229 - drone_ids.detector.MAVLinkAnomalyDetector - WARNING - ALERT [WARNING] mavlink_rate_anomaly: MAVLink rate anomaly AHRS: 4.2/s (baseline: 4.0/s, z=4.9)
2026-09-26 13:28:30,489 - drone_ids.main - INFO - Status: {'state': 'running', 'detectors': 6, 'stats': {'messages_processed': 50947, 'alerts_generated': 161, 'alerts_by_type': {'mavlink_sequence_gap': 1, 'mavlink_rate_anomaly': 160}, 'uptime': 466.05836248397827, 'errors': 0}}
2026-09-26 13:28:31,229 - drone_ids.detector.MAVLinkAnomalyDetector - WARNING - ALERT [WARNING] mavlink_rate_anomaly: MAVLink rate anomaly AHRS2: 4.2/s (baseline: 4.0/s, z=4.8)
2026-09-26 13:28:32,229 - drone_ids.detector.MAVLinkAnomalyDetector - WARNING - ALERT [WARNING] mavlink_rate_anomaly: MAVLink rate anomaly MEMINFO: 4.2/s (baseline: 4.0/s, z=3.6)
2026-09-26 13:28:33,229 - drone_ids.detector.MAVLinkAnomalyDetector - WARNING - ALERT [WARNING] mavlink_rate_anomaly: MAVLink rate anomaly MEMINFO: 4.2/s (baseline: 4.0/s, z=3.4)
2026-09-26 13:28:34,478 - drone_ids.detector.MAVLinkAnomalyDetector - WARNING - ALERT [WARNING] mavlink_rate_anomaly: MAVLink rate anomaly AHRS: 4.2/s (baseline: 4.0/s, z=5.0)
2026-09-26 13:28:35,478 - drone_ids.detector.MAVLinkAnomalyDetector - WARNING - ALERT [WARNING] mavlink_rate_anomaly: MAVLink rate anomaly GLOBAL_POSITION_INT: 4.2/s (baseline: 4.0/s, z=4.5)
2026-09-26 13:28:36,479 - drone_ids.detector.MAVLinkAnomalyDetector - WARNING - ALERT [WARNING] mavlink_rate_anomaly: MAVLink rate anomaly POWER_STATUS: 4.2/s (baseline: 4.0/s, z=3.7)
2026-09-26 13:28:37,479 - drone_ids.detector.MAVLinkAnomalyDetector - WARNING - ALERT [WARNING] mavlink_rate_anomaly: MAVLink rate anomaly ATTITUDE: 4.2/s (baseline: 4.0/s, z=4.7)
2026-09-26 13:28:38,480 - drone_ids.detector.MAVLinkAnomalyDetector - WARNING - ALERT [WARNING] mavlink_rate_anomaly: MAVLink rate anomaly GLOBAL_POSITION_INT: 4.2/s (baseline: 4.0/s, z=4.5)
2026-09-26 13:28:39,493 - drone_ids.detector.MAVLinkAnomalyDetector - WARNING - ALERT [WARNING] mavlink_rate_anomaly: MAVLink rate anomaly HEARTBEAT: 1.3/s (baseline: 1.0/s, z=4.7)
2026-09-26 13:28:40,729 - drone_ids.detector.MAVLinkAnomalyDetector - WARNING - ALERT [WARNING] mavlink_rate_anomaly: MAVLink rate anomaly AHRS: 4.2/s (baseline: 4.0/s, z=4.9)
2026-09-26 13:28:41,730 - drone_ids.detector.MAVLinkAnomalyDetector - WARNING - ALERT [WARNING] mavlink_rate_anomaly: MAVLink rate anomaly POWER_STATUS: 4.2/s (baseline: 4.0/s, z=3.6)
2026-09-26 13:28:42,730 - drone_ids.detector.MAVLinkAnomalyDetector - WARNING - ALERT [WARNING] mavlink_rate_anomaly: MAVLink rate anomaly ATTITUDE: 4.2/s (baseline: 4.0/s, z=4.6)
2026-09-26 13:28:43,731 - drone_ids.detector.MAVLinkAnomalyDetector - WARNING - ALERT [WARNING] mavlink_rate_anomaly: MAVLink rate anomaly AHRS2: 4.2/s (baseline: 4.0/s, z=4.9)
2026-09-26 13:28:44,096 - drone_ids.engine - INFO - Stats: msgs=52449, rate=109.3/s, alerts=174, errors=0
2026-09-26 13:28:44,731 - drone_ids.detector.MAVLinkAnomalyDetector - WARNING - ALERT [WARNING] mavlink_rate_anomaly: MAVLink rate anomaly POWER_STATUS: 4.2/s (baseline: 4.0/s, z=3.8)
2026-09-26 13:28:45,977 - drone_ids.detector.MAVLinkAnomalyDetector - WARNING - ALERT [WARNING] mavlink_rate_anomaly: MAVLink rate anomaly AHRS: 4.2/s (baseline: 4.0/s, z=4.8)
2026-09-26 13:28:46,980 - drone_ids.detector.MAVLinkAnomalyDetector - WARNING - ALERT [WARNING] mavlink_rate_anomaly: MAVLink rate anomaly AHRS: 4.2/s (baseline: 4.0/s, z=4.9)
2026-09-26 13:28:47,980 - drone_ids.detector.MAVLinkAnomalyDetector - WARNING - ALERT [WARNING] mavlink_rate_anomaly: MAVLink rate anomaly ATTITUDE: 4.2/s (baseline: 4.0/s, z=4.5)
2026-09-26 13:28:48,982 - drone_ids.detector.MAVLinkAnomalyDetector - WARNING - ALERT [WARNING] mavlink_rate_anomaly: MAVLink rate anomaly POWER_STATUS: 4.2/s (baseline: 4.0/s, z=3.8)
2026-09-26 13:28:49,982 - drone_ids.detector.MAVLinkAnomalyDetector - WARNING - ALERT [WARNING] mavlink_rate_anomaly: MAVLink rate anomaly MISSION_CURRENT: 4.2/s (baseline: 4.0/s, z=3.2)
2026-09-26 13:28:50,982 - drone_ids.detector.MAVLinkAnomalyDetector - WARNING - ALERT [WARNING] mavlink_rate_anomaly: MAVLink rate anomaly SERVO_OUTPUT_RAW: 4.2/s (baseline: 4.0/s, z=3.0)
2026-09-26 13:28:51,983 - drone_ids.detector.MAVLinkAnomalyDetector - WARNING - ALERT [WARNING] mavlink_rate_anomaly: MAVLink rate anomaly ATTITUDE: 4.2/s (baseline: 4.0/s, z=4.6)
2026-09-26 13:28:52,983 - drone_ids.detector.MAVLinkAnomalyDetector - WARNING - ALERT [WARNING] mavlink_rate_anomaly: MAVLink rate anomaly MEMINFO: 4.2/s (baseline: 4.0/s, z=3.4)
2026-09-26 13:28:53,983 - drone_ids.detector.MAVLinkAnomalyDetector - WARNING - ALERT [WARNING] mavlink_rate_anomaly: MAVLink rate anomaly VFR_HUD: 4.2/s (baseline: 4.0/s, z=4.4)
2026-09-26 13:28:54,983 - drone_ids.detector.MAVLinkAnomalyDetector - WARNING - ALERT [WARNING] mavlink_rate_anomaly: MAVLink rate anomaly MEMINFO: 4.2/s (baseline: 4.0/s, z=3.6)
2026-09-26 13:28:55,983 - drone_ids.detector.MAVLinkAnomalyDetector - WARNING - ALERT [WARNING] mavlink_rate_anomaly: MAVLink rate anomaly SYS_STATUS: 4.2/s (baseline: 4.0/s, z=4.1)
2026-09-26 13:28:56,983 - drone_ids.detector.MAVLinkAnomalyDetector - WARNING - ALERT [WARNING] mavlink_rate_anomaly: MAVLink rate anomaly VFR_HUD: 4.2/s (baseline: 4.0/s, z=4.2)
2026-09-26 13:28:57,984 - drone_ids.detector.MAVLinkAnomalyDetector - WARNING - ALERT [WARNING] mavlink_rate_anomaly: MAVLink rate anomaly SYS_STATUS: 4.2/s (baseline: 4.0/s, z=4.2)
2026-09-26 13:28:59,226 - drone_ids.detector.MAVLinkAnomalyDetector - WARNING - ALERT [WARNING] mavlink_rate_anomaly: MAVLink rate anomaly AHRS: 4.2/s (baseline: 4.0/s, z=4.8)
2026-09-26 13:29:00,229 - drone_ids.detector.MAVLinkAnomalyDetector - WARNING - ALERT [WARNING] mavlink_rate_anomaly: MAVLink rate anomaly AHRS: 4.2/s (baseline: 4.0/s, z=4.8)
2026-09-26 13:29:00,494 - drone_ids.main - INFO - Status: {'state': 'running', 'detectors': 6, 'stats': {'messages_processed': 54271, 'alerts_generated': 190, 'alerts_by_type': {'mavlink_sequence_gap': 1, 'mavlink_rate_anomaly': 189}, 'uptime': 496.0637278556824, 'errors': 0}}
2026-09-26 13:29:01,229 - drone_ids.detector.MAVLinkAnomalyDetector - WARNING - ALERT [WARNING] mavlink_rate_anomaly: MAVLink rate anomaly VFR_HUD: 4.2/s (baseline: 4.0/s, z=4.3)
2026-09-26 13:29:02,229 - drone_ids.detector.MAVLinkAnomalyDetector - WARNING - ALERT [WARNING] mavlink_rate_anomaly: MAVLink rate anomaly AHRS2: 4.2/s (baseline: 4.0/s, z=4.9)
2026-09-26 13:29:03,483 - drone_ids.detector.MAVLinkAnomalyDetector - WARNING - ALERT [WARNING] mavlink_rate_anomaly: MAVLink rate anomaly AHRS: 4.2/s (baseline: 4.0/s, z=4.9)
2026-09-26 13:29:04,483 - drone_ids.detector.MAVLinkAnomalyDetector - WARNING - ALERT [WARNING] mavlink_rate_anomaly: MAVLink rate anomaly SYS_STATUS: 4.2/s (baseline: 4.0/s, z=4.0)
2026-09-26 13:29:10,499 - drone_ids.detector.MAVLinkAnomalyDetector - WARNING - ALERT [WARNING] mavlink_sequence_gap: MAVLink sequence gap: 99 (sys=1, comp=1, type=FLIGHT_INFORMATION)
2026-09-26 13:29:10,978 - drone_ids.detector.MAVLinkAnomalyDetector - WARNING - ALERT [WARNING] mavlink_rate_anomaly: MAVLink rate anomaly AHRS: 8.2/s (baseline: 4.0/s, z=99.2)
2026-09-26 13:29:11,981 - drone_ids.detector.MAVLinkAnomalyDetector - WARNING - ALERT [WARNING] mavlink_rate_anomaly: MAVLink rate anomaly AHRS: 4.8/s (baseline: 4.0/s, z=19.2)
2026-09-26 13:29:12,982 - drone_ids.detector.MAVLinkAnomalyDetector - WARNING - ALERT [WARNING] mavlink_rate_anomaly: MAVLink rate anomaly AHRS: 4.4/s (baseline: 4.0/s, z=10.6)
2026-09-26 13:29:13,982 - drone_ids.detector.MAVLinkAnomalyDetector - WARNING - ALERT [WARNING] mavlink_rate_anomaly: MAVLink rate anomaly SCALED_PRESSURE: 4.3/s (baseline: 4.0/s, z=4.1)
2026-09-26 13:29:14,125 - drone_ids.engine - INFO - Stats: msgs=55173, rate=108.2/s, alerts=199, errors=0
2026-09-26 13:29:14,983 - drone_ids.detector.MAVLinkAnomalyDetector - WARNING - ALERT [WARNING] mavlink_rate_anomaly: MAVLink rate anomaly AHRS2: 4.2/s (baseline: 4.0/s, z=5.5)
2026-09-26 13:29:15,983 - drone_ids.detector.MAVLinkAnomalyDetector - WARNING - ALERT [WARNING] mavlink_rate_anomaly: MAVLink rate anomaly AHRS2: 4.2/s (baseline: 4.0/s, z=4.8)
2026-09-26 13:29:16,984 - drone_ids.detector.MAVLinkAnomalyDetector - WARNING - ALERT [WARNING] mavlink_rate_anomaly: MAVLink rate anomaly ATTITUDE: 4.2/s (baseline: 4.0/s, z=4.8)
2026-09-26 13:29:17,984 - drone_ids.detector.MAVLinkAnomalyDetector - WARNING - ALERT [WARNING] mavlink_rate_anomaly: MAVLink rate anomaly GLOBAL_POSITION_INT: 4.2/s (baseline: 4.0/s, z=4.5)
2026-09-26 13:29:18,985 - drone_ids.detector.MAVLinkAnomalyDetector - WARNING - ALERT [WARNING] mavlink_rate_anomaly: MAVLink rate anomaly GLOBAL_POSITION_INT: 4.2/s (baseline: 4.0/s, z=4.5)
2026-09-26 13:29:19,985 - drone_ids.detector.MAVLinkAnomalyDetector - WARNING - ALERT [WARNING] mavlink_rate_anomaly: MAVLink rate anomaly GLOBAL_POSITION_INT: 4.2/s (baseline: 4.0/s, z=4.5)
2026-09-26 13:29:21,233 - drone_ids.detector.MAVLinkAnomalyDetector - WARNING - ALERT [WARNING] mavlink_rate_anomaly: MAVLink rate anomaly AHRS: 4.2/s (baseline: 4.0/s, z=5.0)
2026-09-26 13:29:22,234 - drone_ids.detector.MAVLinkAnomalyDetector - WARNING - ALERT [WARNING] mavlink_rate_anomaly: MAVLink rate anomaly ATTITUDE: 4.2/s (baseline: 4.0/s, z=4.5)
2026-09-26 13:29:23,234 - drone_ids.detector.MAVLinkAnomalyDetector - WARNING - ALERT [WARNING] mavlink_rate_anomaly: MAVLink rate anomaly AHRS: 4.2/s (baseline: 4.0/s, z=5.0)
2026-09-26 13:29:24,235 - drone_ids.detector.MAVLinkAnomalyDetector - WARNING - ALERT [WARNING] mavlink_rate_anomaly: MAVLink rate anomaly GLOBAL_POSITION_INT: 4.2/s (baseline: 4.0/s, z=4.3)
2026-09-26 13:29:25,235 - drone_ids.detector.MAVLinkAnomalyDetector - WARNING - ALERT [WARNING] mavlink_rate_anomaly: MAVLink rate anomaly ATTITUDE: 4.2/s (baseline: 4.0/s, z=4.7)
2026-09-26 13:29:26,235 - drone_ids.detector.MAVLinkAnomalyDetector - WARNING - ALERT [WARNING] mavlink_rate_anomaly: MAVLink rate anomaly VFR_HUD: 4.2/s (baseline: 4.0/s, z=4.3)
2026-09-26 13:29:27,236 - drone_ids.detector.MAVLinkAnomalyDetector - WARNING - ALERT [WARNING] mavlink_rate_anomaly: MAVLink rate anomaly GLOBAL_POSITION_INT: 4.2/s (baseline: 4.0/s, z=4.5)
2026-09-26 13:29:28,236 - drone_ids.detector.MAVLinkAnomalyDetector - WARNING - ALERT [WARNING] mavlink_rate_anomaly: MAVLink rate anomaly POWER_STATUS: 4.2/s (baseline: 4.0/s, z=3.7)
2026-09-26 13:29:29,237 - drone_ids.detector.MAVLinkAnomalyDetector - WARNING - ALERT [WARNING] mavlink_rate_anomaly: MAVLink rate anomaly GLOBAL_POSITION_INT: 4.2/s (baseline: 4.0/s, z=4.5)
2026-09-26 13:29:30,238 - drone_ids.detector.MAVLinkAnomalyDetector - WARNING - ALERT [WARNING] mavlink_rate_anomaly: MAVLink rate anomaly NAV_CONTROLLER_OUTPUT: 4.2/s (baseline: 4.0/s, z=3.3)
2026-09-26 13:29:30,499 - drone_ids.main - INFO - Status: {'state': 'running', 'detectors': 6, 'stats': {'messages_processed': 57005, 'alerts_generated': 215, 'alerts_by_type': {'mavlink_sequence_gap': 2, 'mavlink_rate_anomaly': 213}, 'uptime': 526.0683588981628, 'errors': 0}}
2026-09-26 13:29:31,485 - drone_ids.detector.MAVLinkAnomalyDetector - WARNING - ALERT [WARNING] mavlink_rate_anomaly: MAVLink rate anomaly AHRS: 4.2/s (baseline: 4.0/s, z=5.0)
2026-09-26 13:29:32,485 - drone_ids.detector.MAVLinkAnomalyDetector - WARNING - ALERT [WARNING] mavlink_rate_anomaly: MAVLink rate anomaly SYS_STATUS: 4.2/s (baseline: 4.0/s, z=4.0)
2026-09-26 13:29:33,485 - drone_ids.detector.MAVLinkAnomalyDetector - WARNING - ALERT [WARNING] mavlink_rate_anomaly: MAVLink rate anomaly GLOBAL_POSITION_INT: 4.2/s (baseline: 4.0/s, z=4.4)
2026-09-26 13:29:34,500 - drone_ids.detector.MAVLinkAnomalyDetector - WARNING - ALERT [WARNING] mavlink_rate_anomaly: MAVLink rate anomaly HEARTBEAT: 1.2/s (baseline: 1.0/s, z=4.7)
2026-09-26 13:29:35,732 - drone_ids.detector.MAVLinkAnomalyDetector - WARNING - ALERT [WARNING] mavlink_rate_anomaly: MAVLink rate anomaly AHRS: 4.2/s (baseline: 4.0/s, z=4.8)
2026-09-26 13:29:36,734 - drone_ids.detector.MAVLinkAnomalyDetector - WARNING - ALERT [WARNING] mavlink_rate_anomaly: MAVLink rate anomaly AHRS: 4.2/s (baseline: 4.0/s, z=4.8)
2026-09-26 13:29:37,735 - drone_ids.detector.MAVLinkAnomalyDetector - WARNING - ALERT [WARNING] mavlink_rate_anomaly: MAVLink rate anomaly AHRS2: 4.2/s (baseline: 4.0/s, z=4.9)
2026-09-26 13:29:38,735 - drone_ids.detector.MAVLinkAnomalyDetector - WARNING - ALERT [WARNING] mavlink_rate_anomaly: MAVLink rate anomaly SYS_STATUS: 4.2/s (baseline: 4.0/s, z=3.9)
2026-09-26 13:29:39,736 - drone_ids.detector.MAVLinkAnomalyDetector - WARNING - ALERT [WARNING] mavlink_rate_anomaly: MAVLink rate anomaly AHRS: 4.2/s (baseline: 4.0/s, z=5.0)
2026-09-26 13:29:40,985 - drone_ids.detector.MAVLinkAnomalyDetector - WARNING - ALERT [WARNING] mavlink_rate_anomaly: MAVLink rate anomaly AHRS: 4.2/s (baseline: 4.0/s, z=5.0)
2026-09-26 13:29:41,985 - drone_ids.detector.MAVLinkAnomalyDetector - WARNING - ALERT [WARNING] mavlink_rate_anomaly: MAVLink rate anomaly GLOBAL_POSITION_INT: 4.2/s (baseline: 4.0/s, z=4.4)
2026-09-26 13:29:42,986 - drone_ids.detector.MAVLinkAnomalyDetector - WARNING - ALERT [WARNING] mavlink_rate_anomaly: MAVLink rate anomaly AHRS2: 4.2/s (baseline: 4.0/s, z=4.7)
2026-09-26 13:29:43,987 - drone_ids.detector.MAVLinkAnomalyDetector - WARNING - ALERT [WARNING] mavlink_rate_anomaly: MAVLink rate anomaly AHRS2: 4.2/s (baseline: 4.0/s, z=4.9)
2026-09-26 13:29:44,155 - drone_ids.engine - INFO - Stats: msgs=58507, rate=108.4/s, alerts=228, errors=0
2026-09-26 13:29:45,237 - drone_ids.detector.MAVLinkAnomalyDetector - WARNING - ALERT [WARNING] mavlink_rate_anomaly: MAVLink rate anomaly AHRS: 4.2/s (baseline: 4.0/s, z=4.9)
2026-09-26 13:29:46,238 - drone_ids.detector.MAVLinkAnomalyDetector - WARNING - ALERT [WARNING] mavlink_rate_anomaly: MAVLink rate anomaly SERVO_OUTPUT_RAW: 4.2/s (baseline: 4.0/s, z=3.1)
2026-09-26 13:29:47,238 - drone_ids.detector.MAVLinkAnomalyDetector - WARNING - ALERT [WARNING] mavlink_rate_anomaly: MAVLink rate anomaly POWER_STATUS: 4.2/s (baseline: 4.0/s, z=3.8)
2026-09-26 13:29:48,238 - drone_ids.detector.MAVLinkAnomalyDetector - WARNING - ALERT [WARNING] mavlink_rate_anomaly: MAVLink rate anomaly SERVO_OUTPUT_RAW: 4.2/s (baseline: 4.0/s, z=3.0)
2026-09-26 13:29:49,485 - drone_ids.detector.MAVLinkAnomalyDetector - WARNING - ALERT [WARNING] mavlink_rate_anomaly: MAVLink rate anomaly AHRS: 4.2/s (baseline: 4.0/s, z=4.8)
2026-09-26 13:29:50,487 - drone_ids.detector.MAVLinkAnomalyDetector - WARNING - ALERT [WARNING] mavlink_rate_anomaly: MAVLink rate anomaly AHRS: 4.2/s (baseline: 4.0/s, z=4.9)
2026-09-26 13:29:51,488 - drone_ids.detector.MAVLinkAnomalyDetector - WARNING - ALERT [WARNING] mavlink_rate_anomaly: MAVLink rate anomaly POWER_STATUS: 4.2/s (baseline: 4.0/s, z=3.8)
2026-09-26 13:29:52,488 - drone_ids.detector.MAVLinkAnomalyDetector - WARNING - ALERT [WARNING] mavlink_rate_anomaly: MAVLink rate anomaly MISSION_CURRENT: 4.2/s (baseline: 4.0/s, z=3.2)
2026-09-26 13:29:53,488 - drone_ids.detector.MAVLinkAnomalyDetector - WARNING - ALERT [WARNING] mavlink_rate_anomaly: MAVLink rate anomaly GLOBAL_POSITION_INT: 4.2/s (baseline: 4.0/s, z=4.5)
2026-09-26 13:29:54,503 - drone_ids.detector.MAVLinkAnomalyDetector - WARNING - ALERT [WARNING] mavlink_rate_anomaly: MAVLink rate anomaly HEARTBEAT: 1.2/s (baseline: 1.0/s, z=4.7)
2026-09-26 13:29:55,734 - drone_ids.detector.MAVLinkAnomalyDetector - WARNING - ALERT [WARNING] mavlink_rate_anomaly: MAVLink rate anomaly AHRS: 4.2/s (baseline: 4.0/s, z=5.0)
2026-09-26 13:29:56,737 - drone_ids.detector.MAVLinkAnomalyDetector - WARNING - ALERT [WARNING] mavlink_rate_anomaly: MAVLink rate anomaly AHRS: 4.2/s (baseline: 4.0/s, z=5.0)
2026-09-26 13:29:57,985 - drone_ids.detector.MAVLinkAnomalyDetector - WARNING - ALERT [WARNING] mavlink_rate_anomaly: MAVLink rate anomaly AHRS: 4.2/s (baseline: 4.0/s, z=4.8)
2026-09-26 13:29:59,234 - drone_ids.detector.MAVLinkAnomalyDetector - WARNING - ALERT [WARNING] mavlink_rate_anomaly: MAVLink rate anomaly AHRS: 4.2/s (baseline: 4.0/s, z=5.0)
2026-09-26 13:30:00,237 - drone_ids.detector.MAVLinkAnomalyDetector - WARNING - ALERT [WARNING] mavlink_rate_anomaly: MAVLink rate anomaly AHRS: 4.2/s (baseline: 4.0/s, z=4.9)
2026-09-26 13:30:00,501 - drone_ids.main - INFO - Status: {'state': 'running', 'detectors': 6, 'stats': {'messages_processed': 60340, 'alerts_generated': 243, 'alerts_by_type': {'mavlink_sequence_gap': 2, 'mavlink_rate_anomaly': 241}, 'uptime': 556.0710163116455, 'errors': 0}}
2026-09-26 13:30:01,485 - drone_ids.detector.MAVLinkAnomalyDetector - WARNING - ALERT [WARNING] mavlink_rate_anomaly: MAVLink rate anomaly AHRS: 4.2/s (baseline: 4.0/s, z=4.8)
2026-09-26 13:30:02,488 - drone_ids.detector.MAVLinkAnomalyDetector - WARNING - ALERT [WARNING] mavlink_rate_anomaly: MAVLink rate anomaly AHRS: 4.2/s (baseline: 4.0/s, z=4.9)
2026-09-26 13:30:03,503 - drone_ids.detector.MAVLinkAnomalyDetector - WARNING - ALERT [WARNING] mavlink_rate_anomaly: MAVLink rate anomaly HEARTBEAT: 1.2/s (baseline: 1.0/s, z=4.7)
2026-09-26 13:30:04,739 - drone_ids.detector.MAVLinkAnomalyDetector - WARNING - ALERT [WARNING] mavlink_rate_anomaly: MAVLink rate anomaly AHRS: 4.2/s (baseline: 4.0/s, z=5.0)
2026-09-26 13:30:05,987 - drone_ids.detector.MAVLinkAnomalyDetector - WARNING - ALERT [WARNING] mavlink_rate_anomaly: MAVLink rate anomaly AHRS: 4.2/s (baseline: 4.0/s, z=4.9)
2026-09-26 13:30:07,235 - drone_ids.detector.MAVLinkAnomalyDetector - WARNING - ALERT [WARNING] mavlink_rate_anomaly: MAVLink rate anomaly AHRS: 4.2/s (baseline: 4.0/s, z=4.8)
2026-09-26 13:30:08,238 - drone_ids.detector.MAVLinkAnomalyDetector - WARNING - ALERT [WARNING] mavlink_rate_anomaly: MAVLink rate anomaly AHRS: 4.2/s (baseline: 4.0/s, z=5.0)
2026-09-26 13:30:09,486 - drone_ids.detector.MAVLinkAnomalyDetector - WARNING - ALERT [WARNING] mavlink_rate_anomaly: MAVLink rate anomaly AHRS: 4.2/s (baseline: 4.0/s, z=4.8)
2026-09-26 13:30:10,489 - drone_ids.detector.MAVLinkAnomalyDetector - WARNING - ALERT [WARNING] mavlink_rate_anomaly: MAVLink rate anomaly AHRS: 4.2/s (baseline: 4.0/s, z=4.9)
2026-09-26 13:30:11,489 - drone_ids.detector.MAVLinkAnomalyDetector - WARNING - ALERT [WARNING] mavlink_rate_anomaly: MAVLink rate anomaly MISSION_CURRENT: 4.2/s (baseline: 4.0/s, z=3.2)
2026-09-26 13:30:12,490 - drone_ids.detector.MAVLinkAnomalyDetector - WARNING - ALERT [WARNING] mavlink_rate_anomaly: MAVLink rate anomaly AHRS: 4.2/s (baseline: 4.0/s, z=4.9)
2026-09-26 13:30:13,491 - drone_ids.detector.MAVLinkAnomalyDetector - WARNING - ALERT [WARNING] mavlink_rate_anomaly: MAVLink rate anomaly POWER_STATUS: 4.2/s (baseline: 4.0/s, z=3.6)
2026-09-26 13:30:14,182 - drone_ids.engine - INFO - Stats: msgs=61841, rate=108.5/s, alerts=255, errors=0
2026-09-26 13:30:14,505 - drone_ids.detector.MAVLinkAnomalyDetector - WARNING - ALERT [WARNING] mavlink_rate_anomaly: MAVLink rate anomaly HEARTBEAT: 1.2/s (baseline: 1.0/s, z=4.7)
2026-09-26 13:30:15,735 - drone_ids.detector.MAVLinkAnomalyDetector - WARNING - ALERT [WARNING] mavlink_rate_anomaly: MAVLink rate anomaly AHRS: 4.2/s (baseline: 4.0/s, z=4.9)
2026-09-26 13:30:16,740 - drone_ids.detector.MAVLinkAnomalyDetector - WARNING - ALERT [WARNING] mavlink_rate_anomaly: MAVLink rate anomaly AHRS: 4.2/s (baseline: 4.0/s, z=5.0)
2026-09-26 13:30:17,987 - drone_ids.detector.MAVLinkAnomalyDetector - WARNING - ALERT [WARNING] mavlink_rate_anomaly: MAVLink rate anomaly AHRS: 4.2/s (baseline: 4.0/s, z=5.0)
2026-09-26 13:30:18,987 - drone_ids.detector.MAVLinkAnomalyDetector - WARNING - ALERT [WARNING] mavlink_rate_anomaly: MAVLink rate anomaly SYS_STATUS: 4.2/s (baseline: 4.0/s, z=4.1)
2026-09-26 13:30:20,234 - drone_ids.detector.MAVLinkAnomalyDetector - WARNING - ALERT [WARNING] mavlink_rate_anomaly: MAVLink rate anomaly AHRS: 4.2/s (baseline: 4.0/s, z=4.9)
2026-09-26 13:30:21,238 - drone_ids.detector.MAVLinkAnomalyDetector - WARNING - ALERT [WARNING] mavlink_rate_anomaly: MAVLink rate anomaly AHRS: 4.2/s (baseline: 4.0/s, z=5.0)
2026-09-26 13:30:22,238 - drone_ids.detector.MAVLinkAnomalyDetector - WARNING - ALERT [WARNING] mavlink_rate_anomaly: MAVLink rate anomaly AHRS: 4.2/s (baseline: 4.0/s, z=5.0)
2026-09-26 13:30:23,241 - drone_ids.detector.MAVLinkAnomalyDetector - WARNING - ALERT [WARNING] mavlink_rate_anomaly: MAVLink rate anomaly AHRS: 4.2/s (baseline: 4.0/s, z=5.0)
2026-09-26 13:30:24,488 - drone_ids.detector.MAVLinkAnomalyDetector - WARNING - ALERT [WARNING] mavlink_rate_anomaly: MAVLink rate anomaly AHRS: 4.2/s (baseline: 4.0/s, z=5.0)
2026-09-26 13:30:25,488 - drone_ids.detector.MAVLinkAnomalyDetector - WARNING - ALERT [WARNING] mavlink_rate_anomaly: MAVLink rate anomaly POWER_STATUS: 4.2/s (baseline: 4.0/s, z=3.8)
2026-09-26 13:30:26,489 - drone_ids.detector.MAVLinkAnomalyDetector - WARNING - ALERT [WARNING] mavlink_rate_anomaly: MAVLink rate anomaly AHRS: 4.2/s (baseline: 4.0/s, z=4.8)
2026-09-26 13:30:27,504 - drone_ids.detector.MAVLinkAnomalyDetector - WARNING - ALERT [WARNING] mavlink_rate_anomaly: MAVLink rate anomaly HEARTBEAT: 1.2/s (baseline: 1.0/s, z=3.8)
2026-09-26 13:30:28,507 - drone_ids.detector.MAVLinkAnomalyDetector - WARNING - ALERT [WARNING] mavlink_rate_anomaly: MAVLink rate anomaly HEARTBEAT: 1.2/s (baseline: 1.0/s, z=4.7)
2026-09-26 13:30:29,738 - drone_ids.detector.MAVLinkAnomalyDetector - WARNING - ALERT [WARNING] mavlink_rate_anomaly: MAVLink rate anomaly AHRS: 4.2/s (baseline: 4.0/s, z=4.8)
2026-09-26 13:30:30,505 - drone_ids.main - INFO - Status: {'state': 'running', 'detectors': 6, 'stats': {'messages_processed': 63674, 'alerts_generated': 270, 'alerts_by_type': {'mavlink_sequence_gap': 2, 'mavlink_rate_anomaly': 268}, 'uptime': 586.0747776031494, 'errors': 0}}
2026-09-26 13:30:30,739 - drone_ids.detector.MAVLinkAnomalyDetector - WARNING - ALERT [WARNING] mavlink_rate_anomaly: MAVLink rate anomaly GLOBAL_POSITION_INT: 4.2/s (baseline: 4.0/s, z=4.5)
2026-09-26 13:30:31,741 - drone_ids.detector.MAVLinkAnomalyDetector - WARNING - ALERT [WARNING] mavlink_rate_anomaly: MAVLink rate anomaly AHRS: 4.2/s (baseline: 4.0/s, z=5.0)
2026-09-26 13:30:32,741 - drone_ids.detector.MAVLinkAnomalyDetector - WARNING - ALERT [WARNING] mavlink_rate_anomaly: MAVLink rate anomaly GLOBAL_POSITION_INT: 4.2/s (baseline: 4.0/s, z=4.5)
2026-09-26 13:30:33,741 - drone_ids.detector.MAVLinkAnomalyDetector - WARNING - ALERT [WARNING] mavlink_rate_anomaly: MAVLink rate anomaly POWER_STATUS: 4.2/s (baseline: 4.0/s, z=3.8)
2026-09-26 13:30:34,742 - drone_ids.detector.MAVLinkAnomalyDetector - WARNING - ALERT [WARNING] mavlink_rate_anomaly: MAVLink rate anomaly SYS_STATUS: 4.2/s (baseline: 4.0/s, z=3.9)
2026-09-26 13:30:35,742 - drone_ids.detector.MAVLinkAnomalyDetector - WARNING - ALERT [WARNING] mavlink_rate_anomaly: MAVLink rate anomaly VFR_HUD: 4.2/s (baseline: 4.0/s, z=4.4)
2026-09-26 13:30:36,743 - drone_ids.detector.MAVLinkAnomalyDetector - WARNING - ALERT [WARNING] mavlink_rate_anomaly: MAVLink rate anomaly SYS_STATUS: 4.2/s (baseline: 4.0/s, z=4.0)
2026-09-26 13:30:37,743 - drone_ids.detector.MAVLinkAnomalyDetector - WARNING - ALERT [WARNING] mavlink_rate_anomaly: MAVLink rate anomaly AHRS2: 4.2/s (baseline: 4.0/s, z=4.8)
2026-09-26 13:30:38,743 - drone_ids.detector.MAVLinkAnomalyDetector - WARNING - ALERT [WARNING] mavlink_rate_anomaly: MAVLink rate anomaly GLOBAL_POSITION_INT: 4.2/s (baseline: 4.0/s, z=4.5)
2026-09-26 13:30:39,744 - drone_ids.detector.MAVLinkAnomalyDetector - WARNING - ALERT [WARNING] mavlink_rate_anomaly: MAVLink rate anomaly AHRS2: 4.2/s (baseline: 4.0/s, z=4.8)
2026-09-26 13:30:40,745 - drone_ids.detector.MAVLinkAnomalyDetector - WARNING - ALERT [WARNING] mavlink_rate_anomaly: MAVLink rate anomaly GLOBAL_POSITION_INT: 4.2/s (baseline: 4.0/s, z=4.5)
2026-09-26 13:30:41,745 - drone_ids.detector.MAVLinkAnomalyDetector - WARNING - ALERT [WARNING] mavlink_rate_anomaly: MAVLink rate anomaly SYS_STATUS: 4.2/s (baseline: 4.0/s, z=4.0)
2026-09-26 13:30:42,745 - drone_ids.detector.MAVLinkAnomalyDetector - WARNING - ALERT [WARNING] mavlink_rate_anomaly: MAVLink rate anomaly NAV_CONTROLLER_OUTPUT: 4.2/s (baseline: 4.0/s, z=3.6)
2026-09-26 13:30:43,746 - drone_ids.detector.MAVLinkAnomalyDetector - WARNING - ALERT [WARNING] mavlink_rate_anomaly: MAVLink rate anomaly SYS_STATUS: 4.2/s (baseline: 4.0/s, z=4.0)
2026-09-26 13:30:44,212 - drone_ids.engine - INFO - Stats: msgs=65175, rate=108.7/s, alerts=284, errors=0
2026-09-26 13:30:44,746 - drone_ids.detector.MAVLinkAnomalyDetector - WARNING - ALERT [WARNING] mavlink_rate_anomaly: MAVLink rate anomaly SERVO_OUTPUT_RAW: 4.2/s (baseline: 4.0/s, z=3.0)
2026-09-26 13:30:45,994 - drone_ids.detector.MAVLinkAnomalyDetector - WARNING - ALERT [WARNING] mavlink_rate_anomaly: MAVLink rate anomaly AHRS: 4.2/s (baseline: 4.0/s, z=4.9)
2026-09-26 13:30:47,239 - drone_ids.detector.MAVLinkAnomalyDetector - WARNING - ALERT [WARNING] mavlink_rate_anomaly: MAVLink rate anomaly AHRS: 4.2/s (baseline: 4.0/s, z=4.8)
2026-09-26 13:30:48,240 - drone_ids.detector.MAVLinkAnomalyDetector - WARNING - ALERT [WARNING] mavlink_rate_anomaly: MAVLink rate anomaly AHRS: 4.2/s (baseline: 4.0/s, z=4.8)
2026-09-26 13:30:49,241 - drone_ids.detector.MAVLinkAnomalyDetector - WARNING - ALERT [WARNING] mavlink_rate_anomaly: MAVLink rate anomaly AHRS: 4.2/s (baseline: 4.0/s, z=5.0)
2026-09-26 13:30:50,245 - drone_ids.detector.MAVLinkAnomalyDetector - WARNING - ALERT [WARNING] mavlink_rate_anomaly: MAVLink rate anomaly AHRS: 4.2/s (baseline: 4.0/s, z=4.9)
2026-09-26 13:30:51,246 - drone_ids.detector.MAVLinkAnomalyDetector - WARNING - ALERT [WARNING] mavlink_rate_anomaly: MAVLink rate anomaly POWER_STATUS: 4.2/s (baseline: 4.0/s, z=3.8)
2026-09-26 13:30:52,247 - drone_ids.detector.MAVLinkAnomalyDetector - WARNING - ALERT [WARNING] mavlink_rate_anomaly: MAVLink rate anomaly SYS_STATUS: 4.2/s (baseline: 4.0/s, z=4.1)
2026-09-26 13:30:53,247 - drone_ids.detector.MAVLinkAnomalyDetector - WARNING - ALERT [WARNING] mavlink_rate_anomaly: MAVLink rate anomaly SYS_STATUS: 4.2/s (baseline: 4.0/s, z=4.1)
2026-09-26 13:30:54,247 - drone_ids.detector.MAVLinkAnomalyDetector - WARNING - ALERT [WARNING] mavlink_rate_anomaly: MAVLink rate anomaly AHRS2: 4.2/s (baseline: 4.0/s, z=4.8)
2026-09-26 13:30:55,247 - drone_ids.detector.MAVLinkAnomalyDetector - WARNING - ALERT [WARNING] mavlink_rate_anomaly: MAVLink rate anomaly POWER_STATUS: 4.2/s (baseline: 4.0/s, z=3.7)
2026-09-26 13:30:56,247 - drone_ids.detector.MAVLinkAnomalyDetector - WARNING - ALERT [WARNING] mavlink_rate_anomaly: MAVLink rate anomaly POWER_STATUS: 4.2/s (baseline: 4.0/s, z=3.8)
2026-09-26 13:30:57,248 - drone_ids.detector.MAVLinkAnomalyDetector - WARNING - ALERT [WARNING] mavlink_rate_anomaly: MAVLink rate anomaly MISSION_CURRENT: 4.2/s (baseline: 4.0/s, z=3.2)
2026-09-26 13:30:58,249 - drone_ids.detector.MAVLinkAnomalyDetector - WARNING - ALERT [WARNING] mavlink_rate_anomaly: MAVLink rate anomaly SYS_STATUS: 4.2/s (baseline: 4.0/s, z=4.1)
2026-09-26 13:30:59,494 - drone_ids.detector.MAVLinkAnomalyDetector - WARNING - ALERT [WARNING] mavlink_rate_anomaly: MAVLink rate anomaly AHRS: 4.2/s (baseline: 4.0/s, z=5.0)
2026-09-26 13:31:00,494 - drone_ids.detector.MAVLinkAnomalyDetector - WARNING - ALERT [WARNING] mavlink_rate_anomaly: MAVLink rate anomaly AHRS2: 4.2/s (baseline: 4.0/s, z=4.7)
2026-09-26 13:31:00,513 - drone_ids.main - INFO - Status: {'state': 'running', 'detectors': 6, 'stats': {'messages_processed': 67008, 'alerts_generated': 300, 'alerts_by_type': {'mavlink_sequence_gap': 2, 'mavlink_rate_anomaly': 298}, 'uptime': 616.0825011730194, 'errors': 0}}
2026-09-26 13:31:01,494 - drone_ids.detector.MAVLinkAnomalyDetector - WARNING - ALERT [WARNING] mavlink_rate_anomaly: MAVLink rate anomaly AHRS: 4.2/s (baseline: 4.0/s, z=5.0)
2026-09-26 13:31:02,496 - drone_ids.detector.MAVLinkAnomalyDetector - WARNING - ALERT [WARNING] mavlink_rate_anomaly: MAVLink rate anomaly AHRS: 4.2/s (baseline: 4.0/s, z=4.9)
2026-09-26 13:31:03,497 - drone_ids.detector.MAVLinkAnomalyDetector - WARNING - ALERT [WARNING] mavlink_rate_anomaly: MAVLink rate anomaly GLOBAL_POSITION_INT: 4.2/s (baseline: 4.0/s, z=4.6)
2026-09-26 13:31:04,497 - drone_ids.detector.MAVLinkAnomalyDetector - WARNING - ALERT [WARNING] mavlink_rate_anomaly: MAVLink rate anomaly GLOBAL_POSITION_INT: 4.2/s (baseline: 4.0/s, z=4.5)
2026-09-26 13:31:05,497 - drone_ids.detector.MAVLinkAnomalyDetector - WARNING - ALERT [WARNING] mavlink_rate_anomaly: MAVLink rate anomaly POWER_STATUS: 4.2/s (baseline: 4.0/s, z=3.6)
2026-09-26 13:31:06,498 - drone_ids.detector.MAVLinkAnomalyDetector - WARNING - ALERT [WARNING] mavlink_rate_anomaly: MAVLink rate anomaly AHRS: 4.2/s (baseline: 4.0/s, z=4.9)
2026-09-26 13:31:07,498 - drone_ids.detector.MAVLinkAnomalyDetector - WARNING - ALERT [WARNING] mavlink_rate_anomaly: MAVLink rate anomaly AHRS2: 4.2/s (baseline: 4.0/s, z=4.9)
2026-09-26 13:31:08,499 - drone_ids.detector.MAVLinkAnomalyDetector - WARNING - ALERT [WARNING] mavlink_rate_anomaly: MAVLink rate anomaly VFR_HUD: 4.2/s (baseline: 4.0/s, z=4.4)
2026-09-26 13:31:09,501 - drone_ids.detector.MAVLinkAnomalyDetector - WARNING - ALERT [WARNING] mavlink_rate_anomaly: MAVLink rate anomaly AHRS2: 4.2/s (baseline: 4.0/s, z=4.8)
2026-09-26 13:31:10,501 - drone_ids.detector.MAVLinkAnomalyDetector - WARNING - ALERT [WARNING] mavlink_rate_anomaly: MAVLink rate anomaly SYS_STATUS: 4.2/s (baseline: 4.0/s, z=4.1)
2026-09-26 13:31:11,502 - drone_ids.detector.MAVLinkAnomalyDetector - WARNING - ALERT [WARNING] mavlink_rate_anomaly: MAVLink rate anomaly MEMINFO: 4.2/s (baseline: 4.0/s, z=3.4)
2026-09-26 13:31:12,512 - drone_ids.detector.MAVLinkAnomalyDetector - WARNING - ALERT [WARNING] mavlink_rate_anomaly: MAVLink rate anomaly HEARTBEAT: 1.2/s (baseline: 1.0/s, z=3.8)
2026-09-26 13:31:13,513 - drone_ids.detector.MAVLinkAnomalyDetector - WARNING - ALERT [WARNING] mavlink_rate_anomaly: MAVLink rate anomaly HEARTBEAT: 1.2/s (baseline: 1.0/s, z=3.8)
2026-09-26 13:31:14,242 - drone_ids.engine - INFO - Stats: msgs=68509, rate=108.8/s, alerts=313, errors=0
2026-09-26 13:31:14,514 - drone_ids.detector.MAVLinkAnomalyDetector - WARNING - ALERT [WARNING] mavlink_rate_anomaly: MAVLink rate anomaly HEARTBEAT: 1.2/s (baseline: 1.0/s, z=3.8)
2026-09-26 13:31:15,514 - drone_ids.detector.MAVLinkAnomalyDetector - WARNING - ALERT [WARNING] mavlink_rate_anomaly: MAVLink rate anomaly HEARTBEAT: 1.2/s (baseline: 1.0/s, z=3.8)
2026-09-26 13:31:16,517 - drone_ids.detector.MAVLinkAnomalyDetector - WARNING - ALERT [WARNING] mavlink_rate_anomaly: MAVLink rate anomaly HEARTBEAT: 1.2/s (baseline: 1.0/s, z=4.6)
2026-09-26 13:31:17,749 - drone_ids.detector.MAVLinkAnomalyDetector - WARNING - ALERT [WARNING] mavlink_rate_anomaly: MAVLink rate anomaly AHRS: 4.2/s (baseline: 4.0/s, z=5.0)
2026-09-26 13:31:18,750 - drone_ids.detector.MAVLinkAnomalyDetector - WARNING - ALERT [WARNING] mavlink_rate_anomaly: MAVLink rate anomaly SYS_STATUS: 4.2/s (baseline: 4.0/s, z=4.0)
2026-09-26 13:31:19,750 - drone_ids.detector.MAVLinkAnomalyDetector - WARNING - ALERT [WARNING] mavlink_rate_anomaly: MAVLink rate anomaly VFR_HUD: 4.2/s (baseline: 4.0/s, z=4.2)
2026-09-26 13:31:20,751 - drone_ids.detector.MAVLinkAnomalyDetector - WARNING - ALERT [WARNING] mavlink_rate_anomaly: MAVLink rate anomaly MEMINFO: 4.2/s (baseline: 4.0/s, z=3.5)
2026-09-26 13:31:21,751 - drone_ids.detector.MAVLinkAnomalyDetector - WARNING - ALERT [WARNING] mavlink_rate_anomaly: MAVLink rate anomaly SYS_STATUS: 4.2/s (baseline: 4.0/s, z=4.2)
2026-09-26 13:31:22,751 - drone_ids.detector.MAVLinkAnomalyDetector - WARNING - ALERT [WARNING] mavlink_rate_anomaly: MAVLink rate anomaly VFR_HUD: 4.2/s (baseline: 4.0/s, z=4.2)
2026-09-26 13:31:23,752 - drone_ids.detector.MAVLinkAnomalyDetector - WARNING - ALERT [WARNING] mavlink_rate_anomaly: MAVLink rate anomaly ATTITUDE: 4.2/s (baseline: 4.0/s, z=4.7)
2026-09-26 13:31:24,754 - drone_ids.detector.MAVLinkAnomalyDetector - WARNING - ALERT [WARNING] mavlink_rate_anomaly: MAVLink rate anomaly SYS_STATUS: 4.2/s (baseline: 4.0/s, z=4.1)
2026-09-26 13:31:25,755 - drone_ids.detector.MAVLinkAnomalyDetector - WARNING - ALERT [WARNING] mavlink_rate_anomaly: MAVLink rate anomaly MEMINFO: 4.2/s (baseline: 4.0/s, z=3.6)
2026-09-26 13:31:26,756 - drone_ids.detector.MAVLinkAnomalyDetector - WARNING - ALERT [WARNING] mavlink_rate_anomaly: MAVLink rate anomaly MISSION_CURRENT: 4.2/s (baseline: 4.0/s, z=3.2)
2026-09-26 13:31:27,756 - drone_ids.detector.MAVLinkAnomalyDetector - WARNING - ALERT [WARNING] mavlink_rate_anomaly: MAVLink rate anomaly MEMINFO: 4.2/s (baseline: 4.0/s, z=3.5)
2026-09-26 13:31:28,999 - drone_ids.detector.MAVLinkAnomalyDetector - WARNING - ALERT [WARNING] mavlink_rate_anomaly: MAVLink rate anomaly AHRS: 4.2/s (baseline: 4.0/s, z=5.0)
2026-09-26 13:31:30,247 - drone_ids.detector.MAVLinkAnomalyDetector - WARNING - ALERT [WARNING] mavlink_rate_anomaly: MAVLink rate anomaly AHRS: 4.2/s (baseline: 4.0/s, z=4.8)
2026-09-26 13:31:30,517 - drone_ids.main - INFO - Status: {'state': 'running', 'detectors': 6, 'stats': {'messages_processed': 70343, 'alerts_generated': 329, 'alerts_by_type': {'mavlink_sequence_gap': 2, 'mavlink_rate_anomaly': 327}, 'uptime': 646.0862646102905, 'errors': 0}}
2026-09-26 13:31:31,248 - drone_ids.detector.MAVLinkAnomalyDetector - WARNING - ALERT [WARNING] mavlink_rate_anomaly: MAVLink rate anomaly ATTITUDE: 4.2/s (baseline: 4.0/s, z=4.5)
2026-09-26 13:31:32,251 - drone_ids.detector.MAVLinkAnomalyDetector - WARNING - ALERT [WARNING] mavlink_rate_anomaly: MAVLink rate anomaly AHRS: 4.2/s (baseline: 4.0/s, z=5.0)
2026-09-26 13:31:33,500 - drone_ids.detector.MAVLinkAnomalyDetector - WARNING - ALERT [WARNING] mavlink_rate_anomaly: MAVLink rate anomaly AHRS: 4.2/s (baseline: 4.0/s, z=5.0)
2026-09-26 13:31:34,501 - drone_ids.detector.MAVLinkAnomalyDetector - WARNING - ALERT [WARNING] mavlink_rate_anomaly: MAVLink rate anomaly ATTITUDE: 4.2/s (baseline: 4.0/s, z=4.5)
2026-09-26 13:31:35,501 - drone_ids.detector.MAVLinkAnomalyDetector - WARNING - ALERT [WARNING] mavlink_rate_anomaly: MAVLink rate anomaly VFR_HUD: 4.2/s (baseline: 4.0/s, z=4.4)
2026-09-26 13:31:36,502 - drone_ids.detector.MAVLinkAnomalyDetector - WARNING - ALERT [WARNING] mavlink_rate_anomaly: MAVLink rate anomaly GLOBAL_POSITION_INT: 4.2/s (baseline: 4.0/s, z=4.4)
2026-09-26 13:31:37,503 - drone_ids.detector.MAVLinkAnomalyDetector - WARNING - ALERT [WARNING] mavlink_rate_anomaly: MAVLink rate anomaly VFR_HUD: 4.2/s (baseline: 4.0/s, z=4.3)
2026-09-26 13:31:38,504 - drone_ids.detector.MAVLinkAnomalyDetector - WARNING - ALERT [WARNING] mavlink_rate_anomaly: MAVLink rate anomaly SYS_STATUS: 4.2/s (baseline: 4.0/s, z=3.9)
2026-09-26 13:31:39,504 - drone_ids.detector.MAVLinkAnomalyDetector - WARNING - ALERT [WARNING] mavlink_rate_anomaly: MAVLink rate anomaly GLOBAL_POSITION_INT: 4.2/s (baseline: 4.0/s, z=4.5)
2026-09-26 13:31:40,504 - drone_ids.detector.MAVLinkAnomalyDetector - WARNING - ALERT [WARNING] mavlink_rate_anomaly: MAVLink rate anomaly GLOBAL_POSITION_INT: 4.2/s (baseline: 4.0/s, z=4.5)
2026-09-26 13:31:41,505 - drone_ids.detector.MAVLinkAnomalyDetector - WARNING - ALERT [WARNING] mavlink_rate_anomaly: MAVLink rate anomaly POWER_STATUS: 4.2/s (baseline: 4.0/s, z=3.8)
2026-09-26 13:31:42,506 - drone_ids.detector.MAVLinkAnomalyDetector - WARNING - ALERT [WARNING] mavlink_rate_anomaly: MAVLink rate anomaly VFR_HUD: 4.2/s (baseline: 4.0/s, z=4.3)
2026-09-26 13:31:43,506 - drone_ids.detector.MAVLinkAnomalyDetector - WARNING - ALERT [WARNING] mavlink_rate_anomaly: MAVLink rate anomaly POWER_STATUS: 4.2/s (baseline: 4.0/s, z=3.8)
2026-09-26 13:31:44,276 - drone_ids.engine - INFO - Stats: msgs=71870, rate=108.9/s, alerts=342, errors=0
2026-09-26 13:31:44,507 - drone_ids.detector.MAVLinkAnomalyDetector - WARNING - ALERT [WARNING] mavlink_rate_anomaly: MAVLink rate anomaly SYS_STATUS: 4.2/s (baseline: 4.0/s, z=4.1)
2026-09-26 13:31:45,507 - drone_ids.detector.MAVLinkAnomalyDetector - WARNING - ALERT [WARNING] mavlink_rate_anomaly: MAVLink rate anomaly SERVO_OUTPUT_RAW: 4.2/s (baseline: 4.0/s, z=3.0)
2026-09-26 13:31:46,508 - drone_ids.detector.MAVLinkAnomalyDetector - WARNING - ALERT [WARNING] mavlink_rate_anomaly: MAVLink rate anomaly SYS_STATUS: 4.2/s (baseline: 4.0/s, z=4.1)
2026-09-26 13:31:47,515 - drone_ids.detector.MAVLinkAnomalyDetector - WARNING - ALERT [WARNING] mavlink_rate_anomaly: MAVLink rate anomaly HEARTBEAT: 1.2/s (baseline: 1.0/s, z=3.8)
2026-09-26 13:31:48,517 - drone_ids.detector.MAVLinkAnomalyDetector - WARNING - ALERT [WARNING] mavlink_rate_anomaly: MAVLink rate anomaly HEARTBEAT: 1.3/s (baseline: 1.0/s, z=4.7)
2026-09-26 13:31:49,518 - drone_ids.detector.MAVLinkAnomalyDetector - WARNING - ALERT [WARNING] mavlink_rate_anomaly: MAVLink rate anomaly HEARTBEAT: 1.2/s (baseline: 1.0/s, z=3.8)
2026-09-26 13:31:50,520 - drone_ids.detector.MAVLinkAnomalyDetector - WARNING - ALERT [WARNING] mavlink_rate_anomaly: MAVLink rate anomaly HEARTBEAT: 1.2/s (baseline: 1.0/s, z=4.7)
2026-09-26 13:31:51,521 - drone_ids.detector.MAVLinkAnomalyDetector - WARNING - ALERT [WARNING] mavlink_rate_anomaly: MAVLink rate anomaly HEARTBEAT: 1.2/s (baseline: 1.0/s, z=4.6)
2026-09-26 13:31:52,524 - drone_ids.detector.MAVLinkAnomalyDetector - WARNING - ALERT [WARNING] mavlink_rate_anomaly: MAVLink rate anomaly HEARTBEAT: 1.2/s (baseline: 1.0/s, z=4.6)
2026-09-26 13:31:53,753 - drone_ids.detector.MAVLinkAnomalyDetector - WARNING - ALERT [WARNING] mavlink_rate_anomaly: MAVLink rate anomaly AHRS: 4.2/s (baseline: 4.0/s, z=4.8)
2026-09-26 13:31:54,753 - drone_ids.detector.MAVLinkAnomalyDetector - WARNING - ALERT [WARNING] mavlink_rate_anomaly: MAVLink rate anomaly GLOBAL_POSITION_INT: 4.2/s (baseline: 4.0/s, z=4.4)
2026-09-26 13:31:55,754 - drone_ids.detector.MAVLinkAnomalyDetector - WARNING - ALERT [WARNING] mavlink_rate_anomaly: MAVLink rate anomaly AHRS2: 4.2/s (baseline: 4.0/s, z=4.7)
2026-09-26 13:31:56,754 - drone_ids.detector.MAVLinkAnomalyDetector - WARNING - ALERT [WARNING] mavlink_rate_anomaly: MAVLink rate anomaly ATTITUDE: 4.2/s (baseline: 4.0/s, z=4.5)
2026-09-26 13:31:58,003 - drone_ids.detector.MAVLinkAnomalyDetector - WARNING - ALERT [WARNING] mavlink_rate_anomaly: MAVLink rate anomaly AHRS: 4.2/s (baseline: 4.0/s, z=5.0)
2026-09-26 13:31:59,003 - drone_ids.detector.MAVLinkAnomalyDetector - WARNING - ALERT [WARNING] mavlink_rate_anomaly: MAVLink rate anomaly POWER_STATUS: 4.2/s (baseline: 4.0/s, z=3.8)
2026-09-26 13:32:00,004 - drone_ids.detector.MAVLinkAnomalyDetector - WARNING - ALERT [WARNING] mavlink_rate_anomaly: MAVLink rate anomaly SYS_STATUS: 4.2/s (baseline: 4.0/s, z=4.0)
2026-09-26 13:32:00,520 - drone_ids.main - INFO - Status: {'state': 'running', 'detectors': 6, 'stats': {'messages_processed': 73673, 'alerts_generated': 358, 'alerts_by_type': {'mavlink_sequence_gap': 2, 'mavlink_rate_anomaly': 356}, 'uptime': 676.090213060379, 'errors': 0}}
2026-09-26 13:32:01,005 - drone_ids.detector.MAVLinkAnomalyDetector - WARNING - ALERT [WARNING] mavlink_rate_anomaly: MAVLink rate anomaly AHRS: 4.2/s (baseline: 4.0/s, z=4.9)
2026-09-26 13:32:02,006 - drone_ids.detector.MAVLinkAnomalyDetector - WARNING - ALERT [WARNING] mavlink_rate_anomaly: MAVLink rate anomaly AHRS2: 4.2/s (baseline: 4.0/s, z=4.9)
2026-09-26 13:32:03,006 - drone_ids.detector.MAVLinkAnomalyDetector - WARNING - ALERT [WARNING] mavlink_rate_anomaly: MAVLink rate anomaly AHRS2: 4.2/s (baseline: 4.0/s, z=4.8)
2026-09-26 13:32:04,252 - drone_ids.detector.MAVLinkAnomalyDetector - WARNING - ALERT [WARNING] mavlink_rate_anomaly: MAVLink rate anomaly AHRS: 4.2/s (baseline: 4.0/s, z=4.8)
2026-09-26 13:32:05,257 - drone_ids.detector.MAVLinkAnomalyDetector - WARNING - ALERT [WARNING] mavlink_rate_anomaly: MAVLink rate anomaly AHRS: 4.2/s (baseline: 4.0/s, z=5.0)
2026-09-26 13:32:06,257 - drone_ids.detector.MAVLinkAnomalyDetector - WARNING - ALERT [WARNING] mavlink_rate_anomaly: MAVLink rate anomaly NAV_CONTROLLER_OUTPUT: 4.2/s (baseline: 4.0/s, z=3.4)
2026-09-26 13:32:07,504 - drone_ids.detector.MAVLinkAnomalyDetector - WARNING - ALERT [WARNING] mavlink_rate_anomaly: MAVLink rate anomaly AHRS: 4.2/s (baseline: 4.0/s, z=5.0)
2026-09-26 13:32:14,303 - drone_ids.engine - INFO - Stats: msgs=74510, rate=108.0/s, alerts=365, errors=0
2026-09-26 13:32:22,008 - drone_ids.detector.MAVLinkAnomalyDetector - WARNING - ALERT [WARNING] mavlink_rate_anomaly: MAVLink rate anomaly AHRS: 8.0/s (baseline: 4.0/s, z=94.6)
2026-09-26 13:32:23,008 - drone_ids.detector.MAVLinkAnomalyDetector - WARNING - ALERT [WARNING] mavlink_rate_anomaly: MAVLink rate anomaly SCALED_IMU2: 4.8/s (baseline: 4.0/s, z=11.1)
2026-09-26 13:32:24,009 - drone_ids.detector.MAVLinkAnomalyDetector - WARNING - ALERT [WARNING] mavlink_rate_anomaly: MAVLink rate anomaly MEMINFO: 4.4/s (baseline: 4.0/s, z=7.6)
2026-09-26 13:32:25,009 - drone_ids.detector.MAVLinkAnomalyDetector - WARNING - ALERT [WARNING] mavlink_rate_anomaly: MAVLink rate anomaly SIMSTATE: 4.3/s (baseline: 4.0/s, z=3.7)
2026-09-26 13:32:26,009 - drone_ids.detector.MAVLinkAnomalyDetector - WARNING - ALERT [WARNING] mavlink_rate_anomaly: MAVLink rate anomaly AHRS2: 4.2/s (baseline: 4.0/s, z=5.4)
2026-09-26 13:32:27,023 - drone_ids.main - INFO - Initializing Drone IDS...
2026-09-26 13:32:27,027 - drone_ids.engine - INFO - Added detector: GPSSpoofingDetector
2026-09-26 13:32:27,027 - drone_ids.main - INFO - Registered: GPSSpoofingDetector
2026-09-26 13:32:27,027 - drone_ids.engine - INFO - Added detector: MAVLinkAnomalyDetector
2026-09-26 13:32:27,027 - drone_ids.main - INFO - Registered: MAVLinkAnomalyDetector
2026-09-26 13:32:27,027 - drone_ids.engine - INFO - Added detector: CommandInjectionDetector
2026-09-26 13:32:27,027 - drone_ids.main - INFO - Registered: CommandInjectionDetector
2026-09-26 13:32:27,027 - drone_ids.engine - INFO - Added detector: TelemetryManipulationDetector
2026-09-26 13:32:27,027 - drone_ids.main - INFO - Registered: TelemetryManipulationDetector
2026-09-26 13:32:27,027 - drone_ids.engine - INFO - Added detector: DoSDetector
2026-09-26 13:32:27,027 - drone_ids.main - INFO - Registered: DoSDetector
2026-09-26 13:32:27,027 - drone_ids.engine - INFO - Added detector: FirmwareIntegrityDetector
2026-09-26 13:32:27,027 - drone_ids.main - INFO - Registered: FirmwareIntegrityDetector
2026-09-26 13:32:27,027 - drone_ids.alert_manager - INFO - Alert Manager started
2026-09-26 13:32:27,027 - drone_ids.main - INFO - Connecting to SITL on UDP 14550...
2026-09-26 13:32:27,027 - drone_ids.mavlink - INFO - Connecting to udp:127.0.0.1:14550...
2026-09-26 13:32:27,027 - drone_ids.mavlink - INFO - Waiting for heartbeat...
2026-09-26 13:32:27,521 - drone_ids.mavlink - INFO - Connected to system 1
2026-09-26 13:32:27,522 - drone_ids.main - INFO - Requested stream 0 at 10Hz
2026-09-26 13:32:27,523 - drone_ids.main - INFO - Requested stream 5 at 10Hz
2026-09-26 13:32:27,523 - drone_ids.main - INFO - Requested stream 2 at 5Hz
2026-09-26 13:32:27,523 - drone_ids.main - INFO - Starting Drone IDS...
2026-09-26 13:32:27,523 - drone_ids.detector.GPSSpoofingDetector - INFO - GPS Spoofing Detector initialized
2026-09-26 13:32:27,523 - drone_ids.engine - INFO - Initialized detector: GPSSpoofingDetector
2026-09-26 13:32:27,523 - drone_ids.detector.MAVLinkAnomalyDetector - INFO - MAVLink Anomaly Detector initialized
2026-09-26 13:32:27,523 - drone_ids.engine - INFO - Initialized detector: MAVLinkAnomalyDetector
2026-09-26 13:32:27,523 - drone_ids.detector.CommandInjectionDetector - INFO - Command Injection Detector initialized
2026-09-26 13:32:27,523 - drone_ids.engine - INFO - Initialized detector: CommandInjectionDetector
2026-09-26 13:32:27,523 - drone_ids.detector.TelemetryManipulationDetector - INFO - Telemetry Manipulation Detector initialized
2026-09-26 13:32:27,523 - drone_ids.engine - INFO - Initialized detector: TelemetryManipulationDetector
2026-09-26 13:32:27,523 - drone_ids.detector.DoSDetector - INFO - DoS Detector initialized
2026-09-26 13:32:27,523 - drone_ids.engine - INFO - Initialized detector: DoSDetector
2026-09-26 13:32:27,523 - drone_ids.detector.FirmwareIntegrityDetector - INFO - Firmware Integrity Detector initialized
2026-09-26 13:32:27,523 - drone_ids.engine - INFO - Initialized detector: FirmwareIntegrityDetector
2026-09-26 13:32:27,524 - drone_ids.engine - INFO - IDS Engine started
2026-09-26 13:32:27,524 - drone_ids.main - INFO - Running indefinitely (Ctrl+C to stop)...
2026-09-26 13:32:30,524 - drone_ids.main - INFO - Status: {'state': 'running', 'detectors': 6, 'stats': {'messages_processed': 75121, 'alerts_generated': 370, 'alerts_by_type': {'mavlink_sequence_gap': 2, 'mavlink_rate_anomaly': 368}, 'uptime': 706.09379529953, 'errors': 0}}
2026-09-26 13:32:30,524 - drone_ids.main - INFO - Status: {'state': 'running', 'detectors': 6, 'stats': {'messages_processed': 702, 'alerts_generated': 0, 'alerts_by_type': {}, 'uptime': 3.0008671283721924, 'errors': 0}}
2026-09-26 13:32:44,330 - drone_ids.engine - INFO - Stats: msgs=75121, rate=104.3/s, alerts=370, errors=0
2026-09-26 13:32:56,851 - drone_ids.engine - INFO - Stats: msgs=4718, rate=160.9/s, alerts=0, errors=0
2026-09-26 13:33:00,528 - drone_ids.main - INFO - Status: {'state': 'running', 'detectors': 6, 'stats': {'messages_processed': 5135, 'alerts_generated': 0, 'alerts_by_type': {}, 'uptime': 33.004807233810425, 'errors': 0}}
2026-09-26 13:33:00,528 - drone_ids.main - INFO - Status: {'state': 'running', 'detectors': 6, 'stats': {'messages_processed': 75121, 'alerts_generated': 370, 'alerts_by_type': {'mavlink_sequence_gap': 2, 'mavlink_rate_anomaly': 368}, 'uptime': 736.0981001853943, 'errors': 0}}
2026-09-26 13:33:05,444 - drone_ids.main - INFO - Initializing Drone IDS...
2026-09-26 13:33:05,448 - drone_ids.engine - INFO - Added detector: GPSSpoofingDetector
2026-09-26 13:33:05,448 - drone_ids.main - INFO - Registered: GPSSpoofingDetector
2026-09-26 13:33:05,448 - drone_ids.engine - INFO - Added detector: MAVLinkAnomalyDetector
2026-09-26 13:33:05,448 - drone_ids.main - INFO - Registered: MAVLinkAnomalyDetector
2026-09-26 13:33:05,448 - drone_ids.engine - INFO - Added detector: CommandInjectionDetector
2026-09-26 13:33:05,448 - drone_ids.main - INFO - Registered: CommandInjectionDetector
2026-09-26 13:33:05,448 - drone_ids.engine - INFO - Added detector: TelemetryManipulationDetector
2026-09-26 13:33:05,448 - drone_ids.main - INFO - Registered: TelemetryManipulationDetector
2026-09-26 13:33:05,448 - drone_ids.engine - INFO - Added detector: DoSDetector
2026-09-26 13:33:05,448 - drone_ids.main - INFO - Registered: DoSDetector
2026-09-26 13:33:05,448 - drone_ids.engine - INFO - Added detector: FirmwareIntegrityDetector
2026-09-26 13:33:05,448 - drone_ids.main - INFO - Registered: FirmwareIntegrityDetector
2026-09-26 13:33:05,449 - drone_ids.alert_manager - INFO - Alert Manager started
2026-09-26 13:33:05,449 - drone_ids.main - INFO - Connecting to SITL on UDP 14550...
2026-09-26 13:33:05,449 - drone_ids.mavlink - INFO - Connecting to udp:127.0.0.1:14550...
2026-09-26 13:33:05,449 - drone_ids.mavlink - INFO - Waiting for heartbeat...
2026-09-26 13:33:05,541 - drone_ids.mavlink - INFO - Connected to system 1
2026-09-26 13:33:05,541 - drone_ids.main - INFO - Requested stream 0 at 10Hz
2026-09-26 13:33:05,541 - drone_ids.main - INFO - Requested stream 5 at 10Hz
2026-09-26 13:33:05,541 - drone_ids.main - INFO - Requested stream 2 at 5Hz
2026-09-26 13:33:05,541 - drone_ids.main - INFO - Starting Drone IDS...
2026-09-26 13:33:05,541 - drone_ids.detector.GPSSpoofingDetector - INFO - GPS Spoofing Detector initialized
2026-09-26 13:33:05,541 - drone_ids.engine - INFO - Initialized detector: GPSSpoofingDetector
2026-09-26 13:33:05,541 - drone_ids.detector.MAVLinkAnomalyDetector - INFO - MAVLink Anomaly Detector initialized
2026-09-26 13:33:05,541 - drone_ids.engine - INFO - Initialized detector: MAVLinkAnomalyDetector
2026-09-26 13:33:05,541 - drone_ids.detector.CommandInjectionDetector - INFO - Command Injection Detector initialized
2026-09-26 13:33:05,541 - drone_ids.engine - INFO - Initialized detector: CommandInjectionDetector
2026-09-26 13:33:05,541 - drone_ids.detector.TelemetryManipulationDetector - INFO - Telemetry Manipulation Detector initialized
2026-09-26 13:33:05,541 - drone_ids.engine - INFO - Initialized detector: TelemetryManipulationDetector
2026-09-26 13:33:05,541 - drone_ids.detector.DoSDetector - INFO - DoS Detector initialized
2026-09-26 13:33:05,541 - drone_ids.engine - INFO - Initialized detector: DoSDetector
2026-09-26 13:33:05,541 - drone_ids.detector.FirmwareIntegrityDetector - INFO - Firmware Integrity Detector initialized
2026-09-26 13:33:05,541 - drone_ids.engine - INFO - Initialized detector: FirmwareIntegrityDetector
2026-09-26 13:33:05,542 - drone_ids.engine - INFO - IDS Engine started
2026-09-26 13:33:05,542 - drone_ids.main - INFO - Running indefinitely (Ctrl+C to stop)...
2026-09-26 13:33:06,617 - drone_ids.main - INFO - Signal 15, shutting down...
2026-09-26 13:33:07,529 - drone_ids.main - INFO - Shutting down...
2026-09-26 13:33:07,529 - drone_ids.detector.GPSSpoofingDetector - INFO - GPS Spoofing Detector shutdown
2026-09-26 13:33:07,530 - drone_ids.detector.MAVLinkAnomalyDetector - INFO - MAVLink Anomaly Detector shutdown
2026-09-26 13:33:07,530 - drone_ids.detector.CommandInjectionDetector - INFO - Command Injection Detector shutdown
2026-09-26 13:33:07,530 - drone_ids.detector.TelemetryManipulationDetector - INFO - Telemetry Manipulation Detector shutdown
2026-09-26 13:33:07,530 - drone_ids.detector.DoSDetector - INFO - DoS Detector shutdown
2026-09-26 13:33:07,530 - drone_ids.detector.FirmwareIntegrityDetector - INFO - Firmware Integrity Detector shutdown
2026-09-26 13:33:07,561 - drone_ids.engine - INFO - IDS Engine stopped
2026-09-26 13:33:08,033 - drone_ids.alert_manager - INFO - Alert Manager stopped
2026-09-26 13:33:08,532 - drone_ids.mavlink - INFO - Disconnected
2026-09-26 13:33:08,532 - drone_ids.main - INFO - Shutdown complete
2026-09-26 13:33:14,356 - drone_ids.engine - INFO - Stats: msgs=75121, rate=100.2/s, alerts=370, errors=0
2026-09-26 13:33:25,039 - drone_ids.main - INFO - Signal 15, shutting down...
2026-09-26 13:33:25,544 - drone_ids.main - INFO - Shutting down...
2026-09-26 13:33:25,544 - drone_ids.detector.GPSSpoofingDetector - INFO - GPS Spoofing Detector shutdown
2026-09-26 13:33:25,544 - drone_ids.detector.MAVLinkAnomalyDetector - INFO - MAVLink Anomaly Detector shutdown
2026-09-26 13:33:25,544 - drone_ids.detector.CommandInjectionDetector - INFO - Command Injection Detector shutdown
2026-09-26 13:33:25,544 - drone_ids.detector.TelemetryManipulationDetector - INFO - Telemetry Manipulation Detector shutdown
2026-09-26 13:33:25,544 - drone_ids.detector.DoSDetector - INFO - DoS Detector shutdown
2026-09-26 13:33:25,544 - drone_ids.detector.FirmwareIntegrityDetector - INFO - Firmware Integrity Detector shutdown
2026-09-26 13:33:25,560 - drone_ids.engine - INFO - IDS Engine stopped
2026-09-26 13:33:26,451 - drone_ids.alert_manager - INFO - Alert Manager stopped
2026-09-26 13:33:26,547 - drone_ids.mavlink - INFO - Disconnected
2026-09-26 13:33:26,547 - drone_ids.main - INFO - Shutdown complete
2026-09-26 13:33:26,645 - drone_ids.detector.MAVLinkAnomalyDetector - WARNING - ALERT [WARNING] mavlink_sequence_gap: MAVLink sequence gap: 44 (sys=1, comp=1, type=AHRS)
2026-09-26 13:33:26,890 - drone_ids.detector.MAVLinkAnomalyDetector - WARNING - ALERT [WARNING] mavlink_rate_anomaly: MAVLink rate anomaly AHRS: 8.2/s (baseline: 4.0/s, z=99.1)
2026-09-26 13:33:27,894 - drone_ids.detector.MAVLinkAnomalyDetector - WARNING - ALERT [WARNING] mavlink_rate_anomaly: MAVLink rate anomaly AHRS: 4.8/s (baseline: 4.0/s, z=19.1)
2026-09-26 13:33:28,896 - drone_ids.detector.MAVLinkAnomalyDetector - WARNING - ALERT [WARNING] mavlink_rate_anomaly: MAVLink rate anomaly AHRS: 4.4/s (baseline: 4.0/s, z=10.5)
2026-09-26 13:33:29,897 - drone_ids.detector.MAVLinkAnomalyDetector - WARNING - ALERT [WARNING] mavlink_rate_anomaly: MAVLink rate anomaly AHRS: 4.3/s (baseline: 4.0/s, z=7.3)
2026-09-26 13:33:30,532 - drone_ids.main - INFO - Status: {'state': 'running', 'detectors': 6, 'stats': {'messages_processed': 75564, 'alerts_generated': 375, 'alerts_by_type': {'mavlink_sequence_gap': 3, 'mavlink_rate_anomaly': 372}, 'uptime': 766.1018266677856, 'errors': 0}}
2026-09-26 13:33:30,897 - drone_ids.detector.MAVLinkAnomalyDetector - WARNING - ALERT [WARNING] mavlink_rate_anomaly: MAVLink rate anomaly MISSION_CURRENT: 4.2/s (baseline: 4.0/s, z=3.7)
2026-09-26 13:33:31,023 - drone_ids.main - INFO - Initializing Drone IDS...
2026-09-26 13:33:31,027 - drone_ids.engine - INFO - Added detector: GPSSpoofingDetector
2026-09-26 13:33:31,027 - drone_ids.main - INFO - Registered: GPSSpoofingDetector
2026-09-26 13:33:31,027 - drone_ids.engine - INFO - Added detector: MAVLinkAnomalyDetector
2026-09-26 13:33:31,027 - drone_ids.main - INFO - Registered: MAVLinkAnomalyDetector
2026-09-26 13:33:31,027 - drone_ids.engine - INFO - Added detector: CommandInjectionDetector
2026-09-26 13:33:31,027 - drone_ids.main - INFO - Registered: CommandInjectionDetector
2026-09-26 13:33:31,027 - drone_ids.engine - INFO - Added detector: TelemetryManipulationDetector
2026-09-26 13:33:31,027 - drone_ids.main - INFO - Registered: TelemetryManipulationDetector
2026-09-26 13:33:31,027 - drone_ids.engine - INFO - Added detector: DoSDetector
2026-09-26 13:33:31,027 - drone_ids.main - INFO - Registered: DoSDetector
2026-09-26 13:33:31,027 - drone_ids.engine - INFO - Added detector: FirmwareIntegrityDetector
2026-09-26 13:33:31,027 - drone_ids.main - INFO - Registered: FirmwareIntegrityDetector
2026-09-26 13:33:31,028 - drone_ids.alert_manager - INFO - Alert Manager started
2026-09-26 13:33:31,028 - drone_ids.main - INFO - Connecting to SITL on UDP 14550...
2026-09-26 13:33:31,028 - drone_ids.mavlink - INFO - Connecting to udp:127.0.0.1:14550...
2026-09-26 13:33:31,028 - drone_ids.mavlink - INFO - Waiting for heartbeat...
2026-09-26 13:33:31,530 - drone_ids.mavlink - INFO - Connected to system 1
2026-09-26 13:33:31,531 - drone_ids.main - INFO - Requested stream 0 at 10Hz
2026-09-26 13:33:31,531 - drone_ids.main - INFO - Requested stream 5 at 10Hz
2026-09-26 13:33:31,531 - drone_ids.main - INFO - Requested stream 2 at 5Hz
2026-09-26 13:33:31,531 - drone_ids.main - INFO - Starting Drone IDS...
2026-09-26 13:33:31,531 - drone_ids.detector.GPSSpoofingDetector - INFO - GPS Spoofing Detector initialized
2026-09-26 13:33:31,531 - drone_ids.engine - INFO - Initialized detector: GPSSpoofingDetector
2026-09-26 13:33:31,531 - drone_ids.detector.MAVLinkAnomalyDetector - INFO - MAVLink Anomaly Detector initialized
2026-09-26 13:33:31,531 - drone_ids.engine - INFO - Initialized detector: MAVLinkAnomalyDetector
2026-09-26 13:33:31,531 - drone_ids.detector.CommandInjectionDetector - INFO - Command Injection Detector initialized
2026-09-26 13:33:31,531 - drone_ids.engine - INFO - Initialized detector: CommandInjectionDetector
2026-09-26 13:33:31,531 - drone_ids.detector.TelemetryManipulationDetector - INFO - Telemetry Manipulation Detector initialized
2026-09-26 13:33:31,531 - drone_ids.engine - INFO - Initialized detector: TelemetryManipulationDetector
2026-09-26 13:33:31,531 - drone_ids.detector.DoSDetector - INFO - DoS Detector initialized
2026-09-26 13:33:31,531 - drone_ids.engine - INFO - Initialized detector: DoSDetector
2026-09-26 13:33:31,531 - drone_ids.detector.FirmwareIntegrityDetector - INFO - Firmware Integrity Detector initialized
2026-09-26 13:33:31,531 - drone_ids.engine - INFO - Initialized detector: FirmwareIntegrityDetector
2026-09-26 13:33:31,532 - drone_ids.engine - INFO - IDS Engine started
2026-09-26 13:33:31,532 - drone_ids.main - INFO - Running indefinitely (Ctrl+C to stop)...
2026-09-26 13:33:38,852 - drone_ids.main - INFO - Initializing Drone IDS...
2026-09-26 13:33:38,856 - drone_ids.engine - INFO - Added detector: GPSSpoofingDetector
2026-09-26 13:33:38,856 - drone_ids.main - INFO - Registered: GPSSpoofingDetector
2026-09-26 13:33:38,856 - drone_ids.engine - INFO - Added detector: MAVLinkAnomalyDetector
2026-09-26 13:33:38,856 - drone_ids.main - INFO - Registered: MAVLinkAnomalyDetector
2026-09-26 13:33:38,856 - drone_ids.engine - INFO - Added detector: CommandInjectionDetector
2026-09-26 13:33:38,856 - drone_ids.main - INFO - Registered: CommandInjectionDetector
2026-09-26 13:33:38,856 - drone_ids.engine - INFO - Added detector: TelemetryManipulationDetector
2026-09-26 13:33:38,856 - drone_ids.main - INFO - Registered: TelemetryManipulationDetector
2026-09-26 13:33:38,856 - drone_ids.engine - INFO - Added detector: DoSDetector
2026-09-26 13:33:38,856 - drone_ids.main - INFO - Registered: DoSDetector
2026-09-26 13:33:38,856 - drone_ids.engine - INFO - Added detector: FirmwareIntegrityDetector
2026-09-26 13:33:38,856 - drone_ids.main - INFO - Registered: FirmwareIntegrityDetector
2026-09-26 13:33:38,856 - drone_ids.alert_manager - INFO - Alert Manager started
2026-09-26 13:33:38,856 - drone_ids.main - INFO - Connecting to SITL on UDP 14550...
2026-09-26 13:33:38,856 - drone_ids.mavlink - INFO - Connecting to udp:127.0.0.1:14550...
2026-09-26 13:33:38,856 - drone_ids.mavlink - INFO - Waiting for heartbeat...
2026-09-26 13:33:39,527 - drone_ids.mavlink - INFO - Connected to system 1
2026-09-26 13:33:39,528 - drone_ids.main - INFO - Requested stream 0 at 10Hz
2026-09-26 13:33:39,528 - drone_ids.main - INFO - Requested stream 5 at 10Hz
2026-09-26 13:33:39,528 - drone_ids.main - INFO - Requested stream 2 at 5Hz
2026-09-26 13:33:39,528 - drone_ids.main - INFO - Starting Drone IDS...
2026-09-26 13:33:39,528 - drone_ids.detector.GPSSpoofingDetector - INFO - GPS Spoofing Detector initialized
2026-09-26 13:33:39,529 - drone_ids.engine - INFO - Initialized detector: GPSSpoofingDetector
2026-09-26 13:33:39,529 - drone_ids.detector.MAVLinkAnomalyDetector - INFO - MAVLink Anomaly Detector initialized
2026-09-26 13:33:39,529 - drone_ids.engine - INFO - Initialized detector: MAVLinkAnomalyDetector
2026-09-26 13:33:39,529 - drone_ids.detector.CommandInjectionDetector - INFO - Command Injection Detector initialized
2026-09-26 13:33:39,529 - drone_ids.engine - INFO - Initialized detector: CommandInjectionDetector
2026-09-26 13:33:39,529 - drone_ids.detector.TelemetryManipulationDetector - INFO - Telemetry Manipulation Detector initialized
2026-09-26 13:33:39,529 - drone_ids.engine - INFO - Initialized detector: TelemetryManipulationDetector
2026-09-26 13:33:39,529 - drone_ids.detector.DoSDetector - INFO - DoS Detector initialized
2026-09-26 13:33:39,529 - drone_ids.engine - INFO - Initialized detector: DoSDetector
2026-09-26 13:33:39,529 - drone_ids.detector.FirmwareIntegrityDetector - INFO - Firmware Integrity Detector initialized
2026-09-26 13:33:39,529 - drone_ids.engine - INFO - Initialized detector: FirmwareIntegrityDetector
2026-09-26 13:33:39,529 - drone_ids.engine - INFO - IDS Engine started
2026-09-26 13:33:39,529 - drone_ids.main - INFO - Running indefinitely (Ctrl+C to stop)...
2026-09-26 13:33:44,383 - drone_ids.engine - INFO - Stats: msgs=75619, rate=97.0/s, alerts=376, errors=0
2026-09-26 13:33:57,043 - drone_ids.main - INFO - Initializing Drone IDS...
2026-09-26 13:33:57,047 - drone_ids.engine - INFO - Added detector: GPSSpoofingDetector
2026-09-26 13:33:57,047 - drone_ids.main - INFO - Registered: GPSSpoofingDetector
2026-09-26 13:33:57,047 - drone_ids.engine - INFO - Added detector: MAVLinkAnomalyDetector
2026-09-26 13:33:57,047 - drone_ids.main - INFO - Registered: MAVLinkAnomalyDetector
2026-09-26 13:33:57,047 - drone_ids.engine - INFO - Added detector: CommandInjectionDetector
2026-09-26 13:33:57,047 - drone_ids.main - INFO - Registered: CommandInjectionDetector
2026-09-26 13:33:57,047 - drone_ids.engine - INFO - Added detector: TelemetryManipulationDetector
2026-09-26 13:33:57,047 - drone_ids.main - INFO - Registered: TelemetryManipulationDetector
2026-09-26 13:33:57,047 - drone_ids.engine - INFO - Added detector: DoSDetector
2026-09-26 13:33:57,047 - drone_ids.main - INFO - Registered: DoSDetector
2026-09-26 13:33:57,047 - drone_ids.engine - INFO - Added detector: FirmwareIntegrityDetector
2026-09-26 13:33:57,047 - drone_ids.main - INFO - Registered: FirmwareIntegrityDetector
2026-09-26 13:33:57,048 - drone_ids.alert_manager - INFO - Alert Manager started
2026-09-26 13:33:57,048 - drone_ids.main - INFO - Connecting to SITL on UDP 14550...
2026-09-26 13:33:57,048 - drone_ids.mavlink - INFO - Connecting to udp:127.0.0.1:14550...
2026-09-26 13:33:57,048 - drone_ids.mavlink - INFO - Waiting for heartbeat...
2026-09-26 13:33:57,534 - drone_ids.mavlink - INFO - Connected to system 1
2026-09-26 13:33:57,534 - drone_ids.main - INFO - Requested stream 0 at 10Hz
2026-09-26 13:33:57,535 - drone_ids.main - INFO - Requested stream 5 at 10Hz
2026-09-26 13:33:57,535 - drone_ids.main - INFO - Requested stream 2 at 5Hz
2026-09-26 13:33:57,535 - drone_ids.main - INFO - Starting Drone IDS...
2026-09-26 13:33:57,535 - drone_ids.detector.GPSSpoofingDetector - INFO - GPS Spoofing Detector initialized
2026-09-26 13:33:57,535 - drone_ids.engine - INFO - Initialized detector: GPSSpoofingDetector
2026-09-26 13:33:57,535 - drone_ids.detector.MAVLinkAnomalyDetector - INFO - MAVLink Anomaly Detector initialized
2026-09-26 13:33:57,535 - drone_ids.engine - INFO - Initialized detector: MAVLinkAnomalyDetector
2026-09-26 13:33:57,535 - drone_ids.detector.CommandInjectionDetector - INFO - Command Injection Detector initialized
2026-09-26 13:33:57,535 - drone_ids.engine - INFO - Initialized detector: CommandInjectionDetector
2026-09-26 13:33:57,535 - drone_ids.detector.TelemetryManipulationDetector - INFO - Telemetry Manipulation Detector initialized
2026-09-26 13:33:57,535 - drone_ids.engine - INFO - Initialized detector: TelemetryManipulationDetector
2026-09-26 13:33:57,535 - drone_ids.detector.DoSDetector - INFO - DoS Detector initialized
2026-09-26 13:33:57,535 - drone_ids.engine - INFO - Initialized detector: DoSDetector
2026-09-26 13:33:57,535 - drone_ids.detector.FirmwareIntegrityDetector - INFO - Firmware Integrity Detector initialized
2026-09-26 13:33:57,535 - drone_ids.engine - INFO - Initialized detector: FirmwareIntegrityDetector
2026-09-26 13:33:57,535 - drone_ids.engine - INFO - IDS Engine started
2026-09-26 13:33:57,535 - drone_ids.main - INFO - Running indefinitely (Ctrl+C to stop)...
2026-09-26 13:34:00,531 - drone_ids.main - INFO - Status: {'state': 'running', 'detectors': 6, 'stats': {'messages_processed': 3808, 'alerts_generated': 0, 'alerts_by_type': {}, 'uptime': 21.00246524810791, 'errors': 0}}
2026-09-26 13:34:00,534 - drone_ids.main - INFO - Status: {'state': 'running', 'detectors': 6, 'stats': {'messages_processed': 1773, 'alerts_generated': 0, 'alerts_by_type': {}, 'uptime': 29.003040075302124, 'errors': 0}}
2026-09-26 13:34:00,535 - drone_ids.main - INFO - Status: {'state': 'running', 'detectors': 6, 'stats': {'messages_processed': 75619, 'alerts_generated': 376, 'alerts_by_type': {'mavlink_sequence_gap': 3, 'mavlink_rate_anomaly': 373}, 'uptime': 796.1046469211578, 'errors': 0}}
2026-09-26 13:34:00,536 - drone_ids.main - INFO - Status: {'state': 'running', 'detectors': 6, 'stats': {'messages_processed': 703, 'alerts_generated': 0, 'alerts_by_type': {}, 'uptime': 3.0005409717559814, 'errors': 0}}
2026-09-26 13:34:00,856 - drone_ids.engine - INFO - Stats: msgs=1773, rate=60.5/s, alerts=0, errors=0
2026-09-26 13:34:08,657 - drone_ids.engine - INFO - Stats: msgs=3808, rate=130.7/s, alerts=0, errors=0
2026-09-26 13:34:14,409 - drone_ids.engine - INFO - Stats: msgs=75619, rate=93.4/s, alerts=376, errors=0
2026-09-26 13:34:20,601 - drone_ids.main - INFO - Initializing Drone IDS...
2026-09-26 13:34:20,606 - drone_ids.engine - INFO - Added detector: GPSSpoofingDetector
2026-09-26 13:34:20,606 - drone_ids.main - INFO - Registered: GPSSpoofingDetector
2026-09-26 13:34:20,606 - drone_ids.engine - INFO - Added detector: MAVLinkAnomalyDetector
2026-09-26 13:34:20,606 - drone_ids.main - INFO - Registered: MAVLinkAnomalyDetector
2026-09-26 13:34:20,606 - drone_ids.engine - INFO - Added detector: CommandInjectionDetector
2026-09-26 13:34:20,606 - drone_ids.main - INFO - Registered: CommandInjectionDetector
2026-09-26 13:34:20,606 - drone_ids.engine - INFO - Added detector: TelemetryManipulationDetector
2026-09-26 13:34:20,606 - drone_ids.main - INFO - Registered: TelemetryManipulationDetector
2026-09-26 13:34:20,606 - drone_ids.engine - INFO - Added detector: DoSDetector
2026-09-26 13:34:20,606 - drone_ids.main - INFO - Registered: DoSDetector
2026-09-26 13:34:20,606 - drone_ids.engine - INFO - Added detector: FirmwareIntegrityDetector
2026-09-26 13:34:20,606 - drone_ids.main - INFO - Registered: FirmwareIntegrityDetector
2026-09-26 13:34:20,606 - drone_ids.alert_manager - INFO - Alert Manager started
2026-09-26 13:34:20,606 - drone_ids.main - INFO - Connecting to SITL on UDP 14550...
2026-09-26 13:34:20,606 - drone_ids.mavlink - INFO - Connecting to udp:127.0.0.1:14550...
2026-09-26 13:34:20,606 - drone_ids.mavlink - INFO - Waiting for heartbeat...
2026-09-26 13:34:21,533 - drone_ids.mavlink - INFO - Connected to system 1
2026-09-26 13:34:21,534 - drone_ids.main - INFO - Requested stream 0 at 10Hz
2026-09-26 13:34:21,534 - drone_ids.main - INFO - Requested stream 5 at 10Hz
2026-09-26 13:34:21,534 - drone_ids.main - INFO - Requested stream 2 at 5Hz
2026-09-26 13:34:21,534 - drone_ids.main - INFO - Starting Drone IDS...
2026-09-26 13:34:21,534 - drone_ids.detector.GPSSpoofingDetector - INFO - GPS Spoofing Detector initialized
2026-09-26 13:34:21,534 - drone_ids.engine - INFO - Initialized detector: GPSSpoofingDetector
2026-09-26 13:34:21,534 - drone_ids.detector.MAVLinkAnomalyDetector - INFO - MAVLink Anomaly Detector initialized
2026-09-26 13:34:21,534 - drone_ids.engine - INFO - Initialized detector: MAVLinkAnomalyDetector
2026-09-26 13:34:21,534 - drone_ids.detector.CommandInjectionDetector - INFO - Command Injection Detector initialized
2026-09-26 13:34:21,534 - drone_ids.engine - INFO - Initialized detector: CommandInjectionDetector
2026-09-26 13:34:21,534 - drone_ids.detector.TelemetryManipulationDetector - INFO - Telemetry Manipulation Detector initialized
2026-09-26 13:34:21,534 - drone_ids.engine - INFO - Initialized detector: TelemetryManipulationDetector
2026-09-26 13:34:21,534 - drone_ids.detector.DoSDetector - INFO - DoS Detector initialized
2026-09-26 13:34:21,534 - drone_ids.engine - INFO - Initialized detector: DoSDetector
2026-09-26 13:34:21,534 - drone_ids.detector.FirmwareIntegrityDetector - INFO - Firmware Integrity Detector initialized
2026-09-26 13:34:21,534 - drone_ids.engine - INFO - Initialized detector: FirmwareIntegrityDetector
2026-09-26 13:34:21,535 - drone_ids.engine - INFO - IDS Engine started
2026-09-26 13:34:21,535 - drone_ids.main - INFO - Running indefinitely (Ctrl+C to stop)...
2026-09-26 13:34:26,862 - drone_ids.engine - INFO - Stats: msgs=4024, rate=137.2/s, alerts=0, errors=0
2026-09-26 13:34:30,535 - drone_ids.main - INFO - Status: {'state': 'running', 'detectors': 6, 'stats': {'messages_processed': 3808, 'alerts_generated': 0, 'alerts_by_type': {}, 'uptime': 51.005823612213135, 'errors': 0}}
2026-09-26 13:34:30,536 - drone_ids.main - INFO - Status: {'state': 'running', 'detectors': 6, 'stats': {'messages_processed': 487, 'alerts_generated': 0, 'alerts_by_type': {}, 'uptime': 9.00135064125061, 'errors': 0}}
2026-09-26 13:34:30,537 - drone_ids.main - INFO - Status: {'state': 'running', 'detectors': 6, 'stats': {'messages_processed': 1773, 'alerts_generated': 0, 'alerts_by_type': {}, 'uptime': 59.005948543548584, 'errors': 0}}
2026-09-26 13:34:30,538 - drone_ids.main - INFO - Status: {'state': 'running', 'detectors': 6, 'stats': {'messages_processed': 75619, 'alerts_generated': 376, 'alerts_by_type': {'mavlink_sequence_gap': 3, 'mavlink_rate_anomaly': 373}, 'uptime': 826.1074278354645, 'errors': 0}}
2026-09-26 13:34:30,538 - drone_ids.main - INFO - Status: {'state': 'running', 'detectors': 6, 'stats': {'messages_processed': 4024, 'alerts_generated': 0, 'alerts_by_type': {}, 'uptime': 33.00327801704407, 'errors': 0}}
2026-09-26 13:34:30,882 - drone_ids.engine - INFO - Stats: msgs=1773, rate=29.9/s, alerts=0, errors=0
2026-09-26 13:34:37,540 - drone_ids.detector.MAVLinkAnomalyDetector - WARNING - ALERT [WARNING] mavlink_sequence_gap: MAVLink sequence gap: 76 (sys=1, comp=1, type=FLIGHT_INFORMATION)
2026-09-26 13:34:38,683 - drone_ids.engine - INFO - Stats: msgs=3808, rate=64.4/s, alerts=0, errors=0
2026-09-26 13:34:44,435 - drone_ids.engine - INFO - Stats: msgs=75619, rate=90.0/s, alerts=376, errors=0
2026-09-26 13:34:50,460 - drone_ids.engine - INFO - Stats: msgs=1930, rate=66.7/s, alerts=1, errors=0
2026-09-26 13:34:50,996 - drone_ids.main - INFO - Initializing Drone IDS...
2026-09-26 13:34:51,001 - drone_ids.engine - INFO - Added detector: GPSSpoofingDetector
2026-09-26 13:34:51,001 - drone_ids.main - INFO - Registered: GPSSpoofingDetector
2026-09-26 13:34:51,001 - drone_ids.engine - INFO - Added detector: MAVLinkAnomalyDetector
2026-09-26 13:34:51,001 - drone_ids.main - INFO - Registered: MAVLinkAnomalyDetector
2026-09-26 13:34:51,001 - drone_ids.engine - INFO - Added detector: CommandInjectionDetector
2026-09-26 13:34:51,001 - drone_ids.main - INFO - Registered: CommandInjectionDetector
2026-09-26 13:34:51,001 - drone_ids.engine - INFO - Added detector: TelemetryManipulationDetector
2026-09-26 13:34:51,001 - drone_ids.main - INFO - Registered: TelemetryManipulationDetector
2026-09-26 13:34:51,001 - drone_ids.engine - INFO - Added detector: DoSDetector
2026-09-26 13:34:51,001 - drone_ids.main - INFO - Registered: DoSDetector
2026-09-26 13:34:51,001 - drone_ids.engine - INFO - Added detector: FirmwareIntegrityDetector
2026-09-26 13:34:51,001 - drone_ids.main - INFO - Registered: FirmwareIntegrityDetector
2026-09-26 13:34:51,001 - drone_ids.alert_manager - INFO - Alert Manager started
2026-09-26 13:34:51,001 - drone_ids.main - INFO - Connecting to SITL on UDP 14550...
2026-09-26 13:34:51,001 - drone_ids.mavlink - INFO - Connecting to udp:127.0.0.1:14550...
2026-09-26 13:34:51,001 - drone_ids.mavlink - INFO - Waiting for heartbeat...
2026-09-26 13:34:51,539 - drone_ids.mavlink - INFO - Connected to system 1
2026-09-26 13:34:51,541 - drone_ids.main - INFO - Requested stream 0 at 10Hz
2026-09-26 13:34:51,541 - drone_ids.main - INFO - Requested stream 5 at 10Hz
2026-09-26 13:34:51,541 - drone_ids.main - INFO - Requested stream 2 at 5Hz
2026-09-26 13:34:51,541 - drone_ids.main - INFO - Starting Drone IDS...
2026-09-26 13:34:51,542 - drone_ids.detector.GPSSpoofingDetector - INFO - GPS Spoofing Detector initialized
2026-09-26 13:34:51,542 - drone_ids.engine - INFO - Initialized detector: GPSSpoofingDetector
2026-09-26 13:34:51,542 - drone_ids.detector.MAVLinkAnomalyDetector - INFO - MAVLink Anomaly Detector initialized
2026-09-26 13:34:51,542 - drone_ids.engine - INFO - Initialized detector: MAVLinkAnomalyDetector
2026-09-26 13:34:51,542 - drone_ids.detector.CommandInjectionDetector - INFO - Command Injection Detector initialized
2026-09-26 13:34:51,542 - drone_ids.engine - INFO - Initialized detector: CommandInjectionDetector
2026-09-26 13:34:51,542 - drone_ids.detector.TelemetryManipulationDetector - INFO - Telemetry Manipulation Detector initialized
2026-09-26 13:34:51,542 - drone_ids.engine - INFO - Initialized detector: TelemetryManipulationDetector
2026-09-26 13:34:51,542 - drone_ids.detector.DoSDetector - INFO - DoS Detector initialized
2026-09-26 13:34:51,542 - drone_ids.engine - INFO - Initialized detector: DoSDetector
2026-09-26 13:34:51,542 - drone_ids.detector.FirmwareIntegrityDetector - INFO - Firmware Integrity Detector initialized
2026-09-26 13:34:51,542 - drone_ids.engine - INFO - Initialized detector: FirmwareIntegrityDetector
2026-09-26 13:34:51,543 - drone_ids.engine - INFO - IDS Engine started
2026-09-26 13:34:51,543 - drone_ids.main - INFO - Running indefinitely (Ctrl+C to stop)...
2026-09-26 13:34:56,888 - drone_ids.engine - INFO - Stats: msgs=4024, rate=67.8/s, alerts=0, errors=0
2026-09-26 13:35:00,538 - drone_ids.main - INFO - Status: {'state': 'running', 'detectors': 6, 'stats': {'messages_processed': 3808, 'alerts_generated': 0, 'alerts_by_type': {}, 'uptime': 81.00890684127808, 'errors': 0}}
2026-09-26 13:35:00,539 - drone_ids.main - INFO - Status: {'state': 'running', 'detectors': 6, 'stats': {'messages_processed': 1986, 'alerts_generated': 1, 'alerts_by_type': {'mavlink_sequence_gap': 1}, 'uptime': 39.00473403930664, 'errors': 0}}
2026-09-26 13:35:00,541 - drone_ids.main - INFO - Status: {'state': 'running', 'detectors': 6, 'stats': {'messages_processed': 75619, 'alerts_generated': 376, 'alerts_by_type': {'mavlink_sequence_gap': 3, 'mavlink_rate_anomaly': 373}, 'uptime': 856.1103148460388, 'errors': 0}}
2026-09-26 13:35:00,541 - drone_ids.main - INFO - Status: {'state': 'running', 'detectors': 6, 'stats': {'messages_processed': 1773, 'alerts_generated': 0, 'alerts_by_type': {}, 'uptime': 89.00942850112915, 'errors': 0}}
2026-09-26 13:35:00,541 - drone_ids.main - INFO - Status: {'state': 'running', 'detectors': 6, 'stats': {'messages_processed': 4024, 'alerts_generated': 0, 'alerts_by_type': {}, 'uptime': 63.00627017021179, 'errors': 0}}
2026-09-26 13:35:00,544 - drone_ids.main - INFO - Status: {'state': 'running', 'detectors': 6, 'stats': {'messages_processed': 584, 'alerts_generated': 0, 'alerts_by_type': {}, 'uptime': 9.001410722732544, 'errors': 0}}
2026-09-26 13:35:00,907 - drone_ids.engine - INFO - Stats: msgs=1773, rate=19.8/s, alerts=0, errors=0
2026-09-26 13:35:08,710 - drone_ids.engine - INFO - Stats: msgs=3808, rate=42.7/s, alerts=0, errors=0
2026-09-26 13:35:14,462 - drone_ids.engine - INFO - Stats: msgs=75619, rate=86.9/s, alerts=376, errors=0
2026-09-26 13:35:17,578 - drone_ids.main - INFO - Signal 15, shutting down...
2026-09-26 13:35:18,545 - drone_ids.main - INFO - Shutting down...
2026-09-26 13:35:18,545 - drone_ids.detector.GPSSpoofingDetector - INFO - GPS Spoofing Detector shutdown
2026-09-26 13:35:18,546 - drone_ids.detector.MAVLinkAnomalyDetector - INFO - MAVLink Anomaly Detector shutdown
2026-09-26 13:35:18,546 - drone_ids.detector.CommandInjectionDetector - INFO - Command Injection Detector shutdown
2026-09-26 13:35:18,546 - drone_ids.detector.TelemetryManipulationDetector - INFO - Telemetry Manipulation Detector shutdown
2026-09-26 13:35:18,546 - drone_ids.detector.DoSDetector - INFO - DoS Detector shutdown
2026-09-26 13:35:18,546 - drone_ids.detector.FirmwareIntegrityDetector - INFO - Firmware Integrity Detector shutdown
2026-09-26 13:35:18,566 - drone_ids.engine - INFO - IDS Engine stopped
2026-09-26 13:35:19,004 - drone_ids.alert_manager - INFO - Alert Manager stopped
2026-09-26 13:35:19,546 - drone_ids.mavlink - INFO - Disconnected
2026-09-26 13:35:19,546 - drone_ids.main - INFO - Shutdown complete
2026-09-26 13:35:19,701 - drone_ids.detector.MAVLinkAnomalyDetector - WARNING - ALERT [WARNING] mavlink_sequence_gap: MAVLink sequence gap: 188 (sys=1, comp=1, type=AHRS)
2026-09-26 13:35:20,486 - drone_ids.engine - INFO - Stats: msgs=2095, rate=35.5/s, alerts=2, errors=0
2026-09-26 13:35:22,432 - drone_ids.main - INFO - Initializing Drone IDS...
2026-09-26 13:35:22,437 - drone_ids.engine - INFO - Added detector: GPSSpoofingDetector
2026-09-26 13:35:22,437 - drone_ids.main - INFO - Registered: GPSSpoofingDetector
2026-09-26 13:35:22,437 - drone_ids.engine - INFO - Added detector: MAVLinkAnomalyDetector
2026-09-26 13:35:22,437 - drone_ids.main - INFO - Registered: MAVLinkAnomalyDetector
2026-09-26 13:35:22,437 - drone_ids.engine - INFO - Added detector: CommandInjectionDetector
2026-09-26 13:35:22,437 - drone_ids.main - INFO - Registered: CommandInjectionDetector
2026-09-26 13:35:22,437 - drone_ids.engine - INFO - Added detector: TelemetryManipulationDetector
2026-09-26 13:35:22,437 - drone_ids.main - INFO - Registered: TelemetryManipulationDetector
2026-09-26 13:35:22,437 - drone_ids.engine - INFO - Added detector: DoSDetector
2026-09-26 13:35:22,437 - drone_ids.main - INFO - Registered: DoSDetector
2026-09-26 13:35:22,437 - drone_ids.engine - INFO - Added detector: FirmwareIntegrityDetector
2026-09-26 13:35:22,437 - drone_ids.main - INFO - Registered: FirmwareIntegrityDetector
2026-09-26 13:35:22,437 - drone_ids.alert_manager - INFO - Alert Manager started
2026-09-26 13:35:22,437 - drone_ids.main - INFO - Connecting to SITL on UDP 14550...
2026-09-26 13:35:22,437 - drone_ids.mavlink - INFO - Connecting to udp:127.0.0.1:14550...
2026-09-26 13:35:22,437 - drone_ids.mavlink - INFO - Waiting for heartbeat...
2026-09-26 13:35:22,540 - drone_ids.mavlink - INFO - Connected to system 1
2026-09-26 13:35:22,541 - drone_ids.main - INFO - Requested stream 0 at 10Hz
2026-09-26 13:35:22,541 - drone_ids.main - INFO - Requested stream 5 at 10Hz
2026-09-26 13:35:22,541 - drone_ids.main - INFO - Requested stream 2 at 5Hz
2026-09-26 13:35:22,541 - drone_ids.main - INFO - Starting Drone IDS...
2026-09-26 13:35:22,541 - drone_ids.detector.GPSSpoofingDetector - INFO - GPS Spoofing Detector initialized
2026-09-26 13:35:22,541 - drone_ids.engine - INFO - Initialized detector: GPSSpoofingDetector
2026-09-26 13:35:22,541 - drone_ids.detector.MAVLinkAnomalyDetector - INFO - MAVLink Anomaly Detector initialized
2026-09-26 13:35:22,541 - drone_ids.engine - INFO - Initialized detector: MAVLinkAnomalyDetector
2026-09-26 13:35:22,541 - drone_ids.detector.CommandInjectionDetector - INFO - Command Injection Detector initialized
2026-09-26 13:35:22,541 - drone_ids.engine - INFO - Initialized detector: CommandInjectionDetector
2026-09-26 13:35:22,541 - drone_ids.detector.TelemetryManipulationDetector - INFO - Telemetry Manipulation Detector initialized
2026-09-26 13:35:22,541 - drone_ids.engine - INFO - Initialized detector: TelemetryManipulationDetector
2026-09-26 13:35:22,541 - drone_ids.detector.DoSDetector - INFO - DoS Detector initialized
2026-09-26 13:35:22,541 - drone_ids.engine - INFO - Initialized detector: DoSDetector
2026-09-26 13:35:22,541 - drone_ids.detector.FirmwareIntegrityDetector - INFO - Firmware Integrity Detector initialized
2026-09-26 13:35:22,541 - drone_ids.engine - INFO - Initialized detector: FirmwareIntegrityDetector
2026-09-26 13:35:22,541 - drone_ids.engine - INFO - IDS Engine started
2026-09-26 13:35:22,541 - drone_ids.main - INFO - Running indefinitely (Ctrl+C to stop)...
2026-09-26 13:35:26,915 - drone_ids.engine - INFO - Stats: msgs=4024, rate=45.0/s, alerts=0, errors=0
2026-09-26 13:35:30,541 - drone_ids.main - INFO - Status: {'state': 'running', 'detectors': 6, 'stats': {'messages_processed': 3808, 'alerts_generated': 0, 'alerts_by_type': {}, 'uptime': 111.01199960708618, 'errors': 0}}
2026-09-26 13:35:30,542 - drone_ids.main - INFO - Status: {'state': 'running', 'detectors': 6, 'stats': {'messages_processed': 2290, 'alerts_generated': 2, 'alerts_by_type': {'mavlink_sequence_gap': 2}, 'uptime': 69.00750875473022, 'errors': 0}}
2026-09-26 13:35:30,542 - drone_ids.main - INFO - Status: {'state': 'running', 'detectors': 6, 'stats': {'messages_processed': 480, 'alerts_generated': 0, 'alerts_by_type': {}, 'uptime': 8.000883340835571, 'errors': 0}}
2026-09-26 13:35:30,543 - drone_ids.main - INFO - Status: {'state': 'running', 'detectors': 6, 'stats': {'messages_processed': 75619, 'alerts_generated': 376, 'alerts_by_type': {'mavlink_sequence_gap': 3, 'mavlink_rate_anomaly': 373}, 'uptime': 886.1128940582275, 'errors': 0}}
2026-09-26 13:35:30,543 - drone_ids.main - INFO - Status: {'state': 'running', 'detectors': 6, 'stats': {'messages_processed': 1773, 'alerts_generated': 0, 'alerts_by_type': {}, 'uptime': 119.01209330558777, 'errors': 0}}
2026-09-26 13:35:30,544 - drone_ids.main - INFO - Status: {'state': 'running', 'detectors': 6, 'stats': {'messages_processed': 4024, 'alerts_generated': 0, 'alerts_by_type': {}, 'uptime': 93.00908088684082, 'errors': 0}}
2026-09-26 13:35:30,931 - drone_ids.engine - INFO - Stats: msgs=1773, rate=14.8/s, alerts=0, errors=0
2026-09-26 13:35:38,542 - drone_ids.detector.MAVLinkAnomalyDetector - WARNING - ALERT [WARNING] mavlink_sequence_gap: MAVLink sequence gap: 233 (sys=1, comp=1, type=HEARTBEAT)
2026-09-26 13:35:38,736 - drone_ids.engine - INFO - Stats: msgs=3808, rate=31.9/s, alerts=0, errors=0
2026-09-26 13:35:44,490 - drone_ids.engine - INFO - Stats: msgs=75619, rate=84.0/s, alerts=376, errors=0
2026-09-26 13:35:50,512 - drone_ids.engine - INFO - Stats: msgs=2290, rate=25.7/s, alerts=2, errors=0
2026-09-26 13:35:52,050 - drone_ids.detector.MAVLinkAnomalyDetector - WARNING - ALERT [WARNING] mavlink_sequence_gap: MAVLink sequence gap: 193 (sys=1, comp=1, type=FLIGHT_INFORMATION)
2026-09-26 13:35:54,681 - drone_ids.main - INFO - Initializing Drone IDS...
2026-09-26 13:35:54,685 - drone_ids.engine - INFO - Added detector: GPSSpoofingDetector
2026-09-26 13:35:54,685 - drone_ids.main - INFO - Registered: GPSSpoofingDetector
2026-09-26 13:35:54,685 - drone_ids.engine - INFO - Added detector: MAVLinkAnomalyDetector
2026-09-26 13:35:54,685 - drone_ids.main - INFO - Registered: MAVLinkAnomalyDetector
2026-09-26 13:35:54,685 - drone_ids.engine - INFO - Added detector: CommandInjectionDetector
2026-09-26 13:35:54,686 - drone_ids.main - INFO - Registered: CommandInjectionDetector
2026-09-26 13:35:54,686 - drone_ids.engine - INFO - Added detector: TelemetryManipulationDetector
2026-09-26 13:35:54,686 - drone_ids.main - INFO - Registered: TelemetryManipulationDetector
2026-09-26 13:35:54,686 - drone_ids.engine - INFO - Added detector: DoSDetector
2026-09-26 13:35:54,686 - drone_ids.main - INFO - Registered: DoSDetector
2026-09-26 13:35:54,686 - drone_ids.engine - INFO - Added detector: FirmwareIntegrityDetector
2026-09-26 13:35:54,686 - drone_ids.main - INFO - Registered: FirmwareIntegrityDetector
2026-09-26 13:35:54,686 - drone_ids.alert_manager - INFO - Alert Manager started
2026-09-26 13:35:54,686 - drone_ids.main - INFO - Connecting to SITL on UDP 14550...
2026-09-26 13:35:54,686 - drone_ids.mavlink - INFO - Connecting to udp:127.0.0.1:14550...
2026-09-26 13:35:54,686 - drone_ids.mavlink - INFO - Waiting for heartbeat...
2026-09-26 13:35:55,546 - drone_ids.mavlink - INFO - Connected to system 1
2026-09-26 13:35:55,547 - drone_ids.main - INFO - Requested stream 0 at 10Hz
2026-09-26 13:35:55,547 - drone_ids.main - INFO - Requested stream 5 at 10Hz
2026-09-26 13:35:55,547 - drone_ids.main - INFO - Requested stream 2 at 5Hz
2026-09-26 13:35:55,548 - drone_ids.main - INFO - Starting Drone IDS...
2026-09-26 13:35:55,548 - drone_ids.detector.GPSSpoofingDetector - INFO - GPS Spoofing Detector initialized
2026-09-26 13:35:55,548 - drone_ids.engine - INFO - Initialized detector: GPSSpoofingDetector
2026-09-26 13:35:55,548 - drone_ids.detector.MAVLinkAnomalyDetector - INFO - MAVLink Anomaly Detector initialized
2026-09-26 13:35:55,548 - drone_ids.engine - INFO - Initialized detector: MAVLinkAnomalyDetector
2026-09-26 13:35:55,548 - drone_ids.detector.CommandInjectionDetector - INFO - Command Injection Detector initialized
2026-09-26 13:35:55,548 - drone_ids.engine - INFO - Initialized detector: CommandInjectionDetector
2026-09-26 13:35:55,548 - drone_ids.detector.TelemetryManipulationDetector - INFO - Telemetry Manipulation Detector initialized
2026-09-26 13:35:55,548 - drone_ids.engine - INFO - Initialized detector: TelemetryManipulationDetector
2026-09-26 13:35:55,548 - drone_ids.detector.DoSDetector - INFO - DoS Detector initialized
2026-09-26 13:35:55,548 - drone_ids.engine - INFO - Initialized detector: DoSDetector
2026-09-26 13:35:55,548 - drone_ids.detector.FirmwareIntegrityDetector - INFO - Firmware Integrity Detector initialized
2026-09-26 13:35:55,548 - drone_ids.engine - INFO - Initialized detector: FirmwareIntegrityDetector
2026-09-26 13:35:55,548 - drone_ids.engine - INFO - IDS Engine started
2026-09-26 13:35:55,548 - drone_ids.main - INFO - Running indefinitely (Ctrl+C to stop)...
2026-09-26 13:35:56,941 - drone_ids.engine - INFO - Stats: msgs=4024, rate=33.7/s, alerts=0, errors=0
2026-09-26 13:36:00,544 - drone_ids.main - INFO - Status: {'state': 'running', 'detectors': 6, 'stats': {'messages_processed': 3808, 'alerts_generated': 0, 'alerts_by_type': {}, 'uptime': 141.01505947113037, 'errors': 0}}
2026-09-26 13:36:00,544 - drone_ids.main - INFO - Status: {'state': 'running', 'detectors': 6, 'stats': {'messages_processed': 2570, 'alerts_generated': 3, 'alerts_by_type': {'mavlink_sequence_gap': 3}, 'uptime': 99.01006364822388, 'errors': 0}}
2026-09-26 13:36:00,546 - drone_ids.main - INFO - Status: {'state': 'running', 'detectors': 6, 'stats': {'messages_processed': 75619, 'alerts_generated': 376, 'alerts_by_type': {'mavlink_sequence_gap': 3, 'mavlink_rate_anomaly': 373}, 'uptime': 916.1157307624817, 'errors': 0}}
2026-09-26 13:36:00,546 - drone_ids.main - INFO - Status: {'state': 'running', 'detectors': 6, 'stats': {'messages_processed': 1773, 'alerts_generated': 0, 'alerts_by_type': {}, 'uptime': 149.0148422718048, 'errors': 0}}
2026-09-26 13:36:00,547 - drone_ids.main - INFO - Status: {'state': 'running', 'detectors': 6, 'stats': {'messages_processed': 4024, 'alerts_generated': 0, 'alerts_by_type': {}, 'uptime': 123.01191854476929, 'errors': 0}}
2026-09-26 13:36:00,549 - drone_ids.main - INFO - Status: {'state': 'running', 'detectors': 6, 'stats': {'messages_processed': 487, 'alerts_generated': 0, 'alerts_by_type': {}, 'uptime': 5.000857591629028, 'errors': 0}}
2026-09-26 13:36:00,961 - drone_ids.engine - INFO - Stats: msgs=1773, rate=11.9/s, alerts=0, errors=0
2026-09-26 13:36:08,761 - drone_ids.engine - INFO - Stats: msgs=3808, rate=25.5/s, alerts=0, errors=0
2026-09-26 13:36:11,728 - drone_ids.detector.MAVLinkAnomalyDetector - WARNING - ALERT [WARNING] mavlink_sequence_gap: MAVLink sequence gap: 19 (sys=1, comp=1, type=AHRS)
2026-09-26 13:36:14,517 - drone_ids.engine - INFO - Stats: msgs=75619, rate=81.3/s, alerts=376, errors=0
2026-09-26 13:36:20,537 - drone_ids.engine - INFO - Stats: msgs=2570, rate=21.6/s, alerts=3, errors=0
2026-09-26 13:36:21,585 - drone_ids.main - INFO - Signal 15, shutting down...
2026-09-26 13:36:22,551 - drone_ids.main - INFO - Shutting down...
2026-09-26 13:36:22,551 - drone_ids.detector.GPSSpoofingDetector - INFO - GPS Spoofing Detector shutdown
2026-09-26 13:36:22,551 - drone_ids.detector.MAVLinkAnomalyDetector - INFO - MAVLink Anomaly Detector shutdown
2026-09-26 13:36:22,551 - drone_ids.detector.CommandInjectionDetector - INFO - Command Injection Detector shutdown
2026-09-26 13:36:22,551 - drone_ids.detector.TelemetryManipulationDetector - INFO - Telemetry Manipulation Detector shutdown
2026-09-26 13:36:22,551 - drone_ids.detector.DoSDetector - INFO - DoS Detector shutdown
2026-09-26 13:36:22,551 - drone_ids.detector.FirmwareIntegrityDetector - INFO - Firmware Integrity Detector shutdown
2026-09-26 13:36:22,571 - drone_ids.engine - INFO - IDS Engine stopped
2026-09-26 13:36:22,731 - drone_ids.alert_manager - INFO - Alert Manager stopped
2026-09-26 13:36:23,553 - drone_ids.mavlink - INFO - Disconnected
2026-09-26 13:36:23,553 - drone_ids.main - INFO - Shutdown complete
2026-09-26 13:36:23,730 - drone_ids.detector.MAVLinkAnomalyDetector - WARNING - ALERT [WARNING] mavlink_sequence_gap: MAVLink sequence gap: 157 (sys=1, comp=1, type=AHRS)
2026-09-26 13:36:26,967 - drone_ids.engine - INFO - Stats: msgs=4024, rate=26.9/s, alerts=0, errors=0
2026-09-26 13:36:30,547 - drone_ids.main - INFO - Status: {'state': 'running', 'detectors': 6, 'stats': {'messages_processed': 3346, 'alerts_generated': 4, 'alerts_by_type': {'mavlink_sequence_gap': 4}, 'uptime': 129.01282811164856, 'errors': 0}}
2026-09-26 13:36:30,547 - drone_ids.main - INFO - Status: {'state': 'running', 'detectors': 6, 'stats': {'messages_processed': 3808, 'alerts_generated': 0, 'alerts_by_type': {}, 'uptime': 171.01823115348816, 'errors': 0}}
2026-09-26 13:36:30,549 - drone_ids.main - INFO - Status: {'state': 'running', 'detectors': 6, 'stats': {'messages_processed': 75619, 'alerts_generated': 376, 'alerts_by_type': {'mavlink_sequence_gap': 3, 'mavlink_rate_anomaly': 373}, 'uptime': 946.1187965869904, 'errors': 0}}
2026-09-26 13:36:30,549 - drone_ids.main - INFO - Status: {'state': 'running', 'detectors': 6, 'stats': {'messages_processed': 1773, 'alerts_generated': 0, 'alerts_by_type': {}, 'uptime': 179.01772618293762, 'errors': 0}}
2026-09-26 13:36:30,550 - drone_ids.main - INFO - Status: {'state': 'running', 'detectors': 6, 'stats': {'messages_processed': 4024, 'alerts_generated': 0, 'alerts_by_type': {}, 'uptime': 153.01516127586365, 'errors': 0}}
2026-09-26 13:36:30,986 - drone_ids.engine - INFO - Stats: msgs=1773, rate=9.9/s, alerts=0, errors=0
2026-09-26 13:36:38,787 - drone_ids.engine - INFO - Stats: msgs=3808, rate=21.2/s, alerts=0, errors=0
2026-09-26 13:36:44,545 - drone_ids.engine - INFO - Stats: msgs=75619, rate=78.8/s, alerts=376, errors=0
2026-09-26 13:36:50,565 - drone_ids.engine - INFO - Stats: msgs=5571, rate=37.4/s, alerts=4, errors=0
2026-09-26 13:36:56,994 - drone_ids.engine - INFO - Stats: msgs=4024, rate=22.4/s, alerts=0, errors=0
2026-09-26 13:37:00,551 - drone_ids.main - INFO - Status: {'state': 'running', 'detectors': 6, 'stats': {'messages_processed': 6680, 'alerts_generated': 4, 'alerts_by_type': {'mavlink_sequence_gap': 4}, 'uptime': 159.01667165756226, 'errors': 0}}
2026-09-26 13:37:00,551 - drone_ids.main - INFO - Status: {'state': 'running', 'detectors': 6, 'stats': {'messages_processed': 3808, 'alerts_generated': 0, 'alerts_by_type': {}, 'uptime': 201.02227425575256, 'errors': 0}}
2026-09-26 13:37:00,552 - drone_ids.main - INFO - Status: {'state': 'running', 'detectors': 6, 'stats': {'messages_processed': 1773, 'alerts_generated': 0, 'alerts_by_type': {}, 'uptime': 209.02093362808228, 'errors': 0}}
2026-09-26 13:37:00,553 - drone_ids.main - INFO - Status: {'state': 'running', 'detectors': 6, 'stats': {'messages_processed': 4024, 'alerts_generated': 0, 'alerts_by_type': {}, 'uptime': 183.0181291103363, 'errors': 0}}
2026-09-26 13:37:00,554 - drone_ids.main - INFO - Status: {'state': 'running', 'detectors': 6, 'stats': {'messages_processed': 75619, 'alerts_generated': 376, 'alerts_by_type': {'mavlink_sequence_gap': 3, 'mavlink_rate_anomaly': 373}, 'uptime': 976.1237602233887, 'errors': 0}}
2026-09-26 13:37:01,013 - drone_ids.engine - INFO - Stats: msgs=1773, rate=8.5/s, alerts=0, errors=0
2026-09-26 13:37:08,817 - drone_ids.engine - INFO - Stats: msgs=3808, rate=18.2/s, alerts=0, errors=0
2026-09-26 13:37:14,574 - drone_ids.engine - INFO - Stats: msgs=75619, rate=76.4/s, alerts=376, errors=0
2026-09-26 13:37:20,594 - drone_ids.engine - INFO - Stats: msgs=8905, rate=49.7/s, alerts=4, errors=0
2026-09-26 13:37:27,023 - drone_ids.engine - INFO - Stats: msgs=4024, rate=19.2/s, alerts=0, errors=0
2026-09-26 13:37:30,554 - drone_ids.main - INFO - Status: {'state': 'running', 'detectors': 6, 'stats': {'messages_processed': 10014, 'alerts_generated': 4, 'alerts_by_type': {'mavlink_sequence_gap': 4}, 'uptime': 189.01960611343384, 'errors': 0}}
2026-09-26 13:37:30,554 - drone_ids.main - INFO - Status: {'state': 'running', 'detectors': 6, 'stats': {'messages_processed': 3808, 'alerts_generated': 0, 'alerts_by_type': {}, 'uptime': 231.0250961780548, 'errors': 0}}
2026-09-26 13:37:30,555 - drone_ids.main - INFO - Status: {'state': 'running', 'detectors': 6, 'stats': {'messages_processed': 1773, 'alerts_generated': 0, 'alerts_by_type': {}, 'uptime': 239.0236189365387, 'errors': 0}}
2026-09-26 13:37:30,556 - drone_ids.main - INFO - Status: {'state': 'running', 'detectors': 6, 'stats': {'messages_processed': 4024, 'alerts_generated': 0, 'alerts_by_type': {}, 'uptime': 213.0210189819336, 'errors': 0}}
2026-09-26 13:37:30,557 - drone_ids.main - INFO - Status: {'state': 'running', 'detectors': 6, 'stats': {'messages_processed': 75619, 'alerts_generated': 376, 'alerts_by_type': {'mavlink_sequence_gap': 3, 'mavlink_rate_anomaly': 373}, 'uptime': 1006.1262636184692, 'errors': 0}}
2026-09-26 13:37:31,039 - drone_ids.engine - INFO - Stats: msgs=1773, rate=7.4/s, alerts=0, errors=0
2026-09-26 13:37:38,845 - drone_ids.engine - INFO - Stats: msgs=3808, rate=15.9/s, alerts=0, errors=0
2026-09-26 13:37:44,603 - drone_ids.engine - INFO - Stats: msgs=75619, rate=74.1/s, alerts=376, errors=0
2026-09-26 13:37:50,622 - drone_ids.engine - INFO - Stats: msgs=12239, rate=58.5/s, alerts=4, errors=0
2026-09-26 13:37:57,051 - drone_ids.engine - INFO - Stats: msgs=4024, rate=16.8/s, alerts=0, errors=0
2026-09-26 13:38:00,558 - drone_ids.main - INFO - Status: {'state': 'running', 'detectors': 6, 'stats': {'messages_processed': 3808, 'alerts_generated': 0, 'alerts_by_type': {}, 'uptime': 261.02896785736084, 'errors': 0}}
2026-09-26 13:38:00,558 - drone_ids.main - INFO - Status: {'state': 'running', 'detectors': 6, 'stats': {'messages_processed': 13348, 'alerts_generated': 4, 'alerts_by_type': {'mavlink_sequence_gap': 4}, 'uptime': 219.02379512786865, 'errors': 0}}
2026-09-26 13:38:00,558 - drone_ids.main - INFO - Status: {'state': 'running', 'detectors': 6, 'stats': {'messages_processed': 1773, 'alerts_generated': 0, 'alerts_by_type': {}, 'uptime': 269.02691650390625, 'errors': 0}}
2026-09-26 13:38:00,559 - drone_ids.main - INFO - Status: {'state': 'running', 'detectors': 6, 'stats': {'messages_processed': 4024, 'alerts_generated': 0, 'alerts_by_type': {}, 'uptime': 243.0241904258728, 'errors': 0}}
2026-09-26 13:38:00,560 - drone_ids.main - INFO - Status: {'state': 'running', 'detectors': 6, 'stats': {'messages_processed': 75619, 'alerts_generated': 376, 'alerts_by_type': {'mavlink_sequence_gap': 3, 'mavlink_rate_anomaly': 373}, 'uptime': 1036.1296446323395, 'errors': 0}}
2026-09-26 13:38:01,069 - drone_ids.engine - INFO - Stats: msgs=1773, rate=6.6/s, alerts=0, errors=0
2026-09-26 13:38:08,881 - drone_ids.engine - INFO - Stats: msgs=3808, rate=14.1/s, alerts=0, errors=0
2026-09-26 13:38:14,637 - drone_ids.engine - INFO - Stats: msgs=75619, rate=72.0/s, alerts=376, errors=0
2026-09-26 13:38:20,653 - drone_ids.engine - INFO - Stats: msgs=15573, rate=65.1/s, alerts=4, errors=0
2026-09-26 13:38:27,078 - drone_ids.engine - INFO - Stats: msgs=4024, rate=14.9/s, alerts=0, errors=0
2026-09-26 13:38:30,561 - drone_ids.main - INFO - Status: {'state': 'running', 'detectors': 6, 'stats': {'messages_processed': 3808, 'alerts_generated': 0, 'alerts_by_type': {}, 'uptime': 291.03244137763977, 'errors': 0}}
2026-09-26 13:38:30,562 - drone_ids.main - INFO - Status: {'state': 'running', 'detectors': 6, 'stats': {'messages_processed': 16682, 'alerts_generated': 4, 'alerts_by_type': {'mavlink_sequence_gap': 4}, 'uptime': 249.02737712860107, 'errors': 0}}
2026-09-26 13:38:30,562 - drone_ids.main - INFO - Status: {'state': 'running', 'detectors': 6, 'stats': {'messages_processed': 4024, 'alerts_generated': 0, 'alerts_by_type': {}, 'uptime': 273.027174949646, 'errors': 0}}
2026-09-26 13:38:30,562 - drone_ids.main - INFO - Status: {'state': 'running', 'detectors': 6, 'stats': {'messages_processed': 1773, 'alerts_generated': 0, 'alerts_by_type': {}, 'uptime': 299.0309941768646, 'errors': 0}}
2026-09-26 13:38:30,563 - drone_ids.main - INFO - Status: {'state': 'running', 'detectors': 6, 'stats': {'messages_processed': 75619, 'alerts_generated': 376, 'alerts_by_type': {'mavlink_sequence_gap': 3, 'mavlink_rate_anomaly': 373}, 'uptime': 1066.1331806182861, 'errors': 0}}
2026-09-26 13:38:31,107 - drone_ids.detector.MAVLinkAnomalyDetector - INFO - Learning complete. Baselines: {'FLIGHT_INFORMATION': 1.9989408627658134, 'AHRS': 10.006989405909236, 'AHRS2': 10.007628446876815, 'ATTITUDE': 10.007581550797688, 'GLOBAL_POSITION_INT': 10.008290061576561, 'VFR_HUD': 10.00816892266004, 'SERVO_OUTPUT_RAW': 10.00980460300821, 'RC_CHANNELS': 10.010617943245864, 'RAW_IMU': 10.011689635262792, 'SCALED_IMU2': 10.012642397976286, 'SCALED_IMU3': 10.013163524167723, 'SCALED_PRESSURE': 10.014010996428217, 'SCALED_PRESSURE2': 10.01443327962932, 'SYSTEM_TIME': 10.01536912977403, 'SIMSTATE': 10.015952696757369, 'WIND': 10.016756027502744, 'TERRAIN_REPORT': 10.017775310952706, 'EKF_STATUS_REPORT': 10.01892926581003, 'LOCAL_POSITION_NED': 10.019861464437566, 'VIBRATION': 10.021166225788836, 'BATTERY_STATUS': 10.022391980894273, 'ESC_TELEMETRY_1_TO_4': 10.023202544458774, 'SYS_STATUS': 5.005840719489489, 'POWER_STATUS': 5.006152402719371, 'MEMINFO': 5.006369771267773, 'NAV_CONTROLLER_OUTPUT': 5.006507536296709, 'MISSION_CURRENT': 5.006742657558494, 'GPS_RAW_INT': 5.0069969594639465}
2026-09-26 13:38:31,108 - drone_ids.engine - INFO - Stats: msgs=1773, rate=5.9/s, alerts=0, errors=0
2026-09-26 13:38:38,925 - drone_ids.detector.MAVLinkAnomalyDetector - INFO - Learning complete. Baselines: {'FLIGHT_INFORMATION': 2.0002368636719354, 'AHRS': 9.527972816446221, 'AHRS2': 9.52832433802636, 'ATTITUDE': 9.52764307650387, 'GLOBAL_POSITION_INT': 9.52762913231419, 'VFR_HUD': 9.527621008587444, 'SERVO_OUTPUT_RAW': 9.528039452065943, 'RC_CHANNELS': 9.52852964451848, 'RAW_IMU': 9.528956476589821, 'SCALED_IMU2': 9.529232361950548, 'SCALED_IMU3': 9.529594149977553, 'SCALED_PRESSURE': 9.530054604831133, 'SCALED_PRESSURE2': 9.53059337033369, 'SYSTEM_TIME': 9.530956180074924, 'SIMSTATE': 9.531412581740913, 'WIND': 9.532050577129667, 'TERRAIN_REPORT': 9.532995537868588, 'EKF_STATUS_REPORT': 9.533635476758914, 'LOCAL_POSITION_NED': 9.534614358697223, 'VIBRATION': 9.535328524534009, 'BATTERY_STATUS': 9.536275362566442, 'ESC_TELEMETRY_1_TO_4': 9.536994625512808, 'SYS_STATUS': 4.834708055343637, 'POWER_STATUS': 4.834928572772344, 'MEMINFO': 4.835055320521717, 'NAV_CONTROLLER_OUTPUT': 4.835117156610874, 'MISSION_CURRENT': 4.835251081772672, 'GPS_RAW_INT': 4.835614149519981, 'HEARTBEAT': 1.0000095639646362}
2026-09-26 13:38:38,926 - drone_ids.engine - INFO - Stats: msgs=3808, rate=12.7/s, alerts=0, errors=0
2026-09-26 13:38:45,572 - drone_ids.main - INFO - Initializing Drone IDS...
2026-09-26 13:38:45,577 - drone_ids.engine - INFO - Added detector: GPSSpoofingDetector
2026-09-26 13:38:45,577 - drone_ids.main - INFO - Registered: GPSSpoofingDetector
2026-09-26 13:38:45,577 - drone_ids.engine - INFO - Added detector: MAVLinkAnomalyDetector
2026-09-26 13:38:45,577 - drone_ids.main - INFO - Registered: MAVLinkAnomalyDetector
2026-09-26 13:38:45,577 - drone_ids.engine - INFO - Added detector: CommandInjectionDetector
2026-09-26 13:38:45,577 - drone_ids.main - INFO - Registered: CommandInjectionDetector
2026-09-26 13:38:45,577 - drone_ids.engine - INFO - Added detector: TelemetryManipulationDetector
2026-09-26 13:38:45,577 - drone_ids.main - INFO - Registered: TelemetryManipulationDetector
2026-09-26 13:38:45,577 - drone_ids.engine - INFO - Added detector: DoSDetector
2026-09-26 13:38:45,577 - drone_ids.main - INFO - Registered: DoSDetector
2026-09-26 13:38:45,577 - drone_ids.engine - INFO - Added detector: FirmwareIntegrityDetector
2026-09-26 13:38:45,577 - drone_ids.main - INFO - Registered: FirmwareIntegrityDetector
2026-09-26 13:38:45,577 - drone_ids.alert_manager - INFO - Alert Manager started
2026-09-26 13:38:45,577 - drone_ids.main - INFO - Connecting to SITL on UDP 14550...
2026-09-26 13:38:45,577 - drone_ids.mavlink - INFO - Connecting to udp:127.0.0.1:14550...
2026-09-26 13:38:45,577 - drone_ids.mavlink - INFO - Waiting for heartbeat...
2026-09-26 13:38:46,568 - drone_ids.mavlink - INFO - Connected to system 1
2026-09-26 13:38:46,570 - drone_ids.main - INFO - Requested stream 0 at 10Hz
2026-09-26 13:38:46,571 - drone_ids.main - INFO - Requested stream 5 at 10Hz
2026-09-26 13:38:46,571 - drone_ids.main - INFO - Requested stream 2 at 5Hz
2026-09-26 13:38:46,571 - drone_ids.main - INFO - Starting Drone IDS...
2026-09-26 13:38:46,571 - drone_ids.detector.GPSSpoofingDetector - INFO - GPS Spoofing Detector initialized
2026-09-26 13:38:46,571 - drone_ids.engine - INFO - Initialized detector: GPSSpoofingDetector
2026-09-26 13:38:46,571 - drone_ids.detector.MAVLinkAnomalyDetector - INFO - MAVLink Anomaly Detector initialized
2026-09-26 13:38:46,571 - drone_ids.engine - INFO - Initialized detector: MAVLinkAnomalyDetector
2026-09-26 13:38:46,571 - drone_ids.detector.CommandInjectionDetector - INFO - Command Injection Detector initialized
2026-09-26 13:38:46,571 - drone_ids.engine - INFO - Initialized detector: CommandInjectionDetector
2026-09-26 13:38:46,572 - drone_ids.detector.TelemetryManipulationDetector - INFO - Telemetry Manipulation Detector initialized
2026-09-26 13:38:46,572 - drone_ids.engine - INFO - Initialized detector: TelemetryManipulationDetector
2026-09-26 13:38:46,572 - drone_ids.detector.DoSDetector - INFO - DoS Detector initialized
2026-09-26 13:38:46,572 - drone_ids.engine - INFO - Initialized detector: DoSDetector
2026-09-26 13:38:46,572 - drone_ids.detector.FirmwareIntegrityDetector - INFO - Firmware Integrity Detector initialized
2026-09-26 13:38:46,572 - drone_ids.engine - INFO - Initialized detector: FirmwareIntegrityDetector
2026-09-26 13:38:46,572 - drone_ids.engine - INFO - IDS Engine started
2026-09-26 13:38:46,573 - drone_ids.main - INFO - Running indefinitely (Ctrl+C to stop)...
2026-09-26 13:38:50,683 - drone_ids.engine - INFO - Stats: msgs=18352, rate=68.2/s, alerts=4, errors=0
2026-09-26 13:38:57,126 - drone_ids.detector.MAVLinkAnomalyDetector - INFO - Learning complete. Baselines: {'FLIGHT_INFORMATION': 1.9994996968171272, 'AHRS': 8.247431971553313, 'AHRS2': 8.247691954959134, 'ATTITUDE': 8.24808053162514, 'GLOBAL_POSITION_INT': 8.248431002792586, 'VFR_HUD': 8.248572330689356, 'SERVO_OUTPUT_RAW': 8.249151342416658, 'RC_CHANNELS': 8.249386861063895, 'RAW_IMU': 8.24962806824495, 'SCALED_IMU2': 8.249813916097782, 'SCALED_IMU3': 8.250146777529281, 'SCALED_PRESSURE': 8.250444052866392, 'SCALED_PRESSURE2': 8.250595562153956, 'SYSTEM_TIME': 8.250939950276146, 'SIMSTATE': 8.251338507215117, 'WIND': 8.251689874106859, 'TERRAIN_REPORT': 8.252433828898996, 'EKF_STATUS_REPORT': 8.252816653794074, 'LOCAL_POSITION_NED': 8.253323683102524, 'VIBRATION': 8.253694710182467, 'BATTERY_STATUS': 8.254326311224778, 'ESC_TELEMETRY_1_TO_4': 8.254716764373388, 'SYS_STATUS': 4.529494148895725, 'POWER_STATUS': 4.529691517923003, 'MEMINFO': 4.5297802051603, 'NAV_CONTROLLER_OUTPUT': 4.529870931776146, 'MISSION_CURRENT': 4.530012660614259, 'GPS_RAW_INT': 4.530296243846909, 'HEARTBEAT': 0.9998616702960598}
2026-09-26 13:38:57,126 - drone_ids.engine - INFO - Stats: msgs=4024, rate=13.4/s, alerts=0, errors=0
2026-09-26 13:39:00,565 - drone_ids.main - INFO - Status: {'state': 'running', 'detectors': 6, 'stats': {'messages_processed': 3808, 'alerts_generated': 0, 'alerts_by_type': {}, 'uptime': 321.03598189353943, 'errors': 0}}
2026-09-26 13:39:00,565 - drone_ids.main - INFO - Status: {'state': 'running', 'detectors': 6, 'stats': {'messages_processed': 18352, 'alerts_generated': 4, 'alerts_by_type': {'mavlink_sequence_gap': 4}, 'uptime': 279.03068375587463, 'errors': 0}}
2026-09-26 13:39:00,566 - drone_ids.main - INFO - Status: {'state': 'running', 'detectors': 6, 'stats': {'messages_processed': 4024, 'alerts_generated': 0, 'alerts_by_type': {}, 'uptime': 303.0303246974945, 'errors': 0}}
2026-09-26 13:39:00,566 - drone_ids.main - INFO - Status: {'state': 'running', 'detectors': 6, 'stats': {'messages_processed': 1773, 'alerts_generated': 0, 'alerts_by_type': {}, 'uptime': 329.0343508720398, 'errors': 0}}
2026-09-26 13:39:00,574 - drone_ids.main - INFO - Status: {'state': 'running', 'detectors': 6, 'stats': {'messages_processed': 923, 'alerts_generated': 0, 'alerts_by_type': {}, 'uptime': 14.001895189285278, 'errors': 0}}
2026-09-26 13:39:01,124 - drone_ids.engine - INFO - Stats: msgs=1773, rate=5.4/s, alerts=0, errors=0
2026-09-26 13:39:03,575 - drone_ids.detector.MAVLinkAnomalyDetector - WARNING - ALERT [WARNING] mavlink_sequence_gap: MAVLink sequence gap: 178 (sys=1, comp=1, type=ESC_TELEMETRY_1_TO_4)
2026-09-26 13:39:08,938 - drone_ids.engine - INFO - Stats: msgs=3808, rate=11.6/s, alerts=0, errors=0
2026-09-26 13:39:15,402 - drone_ids.engine - INFO - Stats: msgs=2232, rate=77.4/s, alerts=1, errors=0
2026-09-26 13:39:20,637 - drone_ids.detector.MAVLinkAnomalyDetector - INFO - Learning complete. Baselines: {'FLIGHT_INFORMATION': 1.9757930802611157, 'AHRS': 4.148472321637415, 'AHRS2': 4.148567479235314, 'ATTITUDE': 4.1486251490926795, 'GLOBAL_POSITION_INT': 4.148696674735316, 'VFR_HUD': 4.148741778273202, 'SERVO_OUTPUT_RAW': 4.149257669171902, 'RC_CHANNELS': 4.149322588209366, 'RAW_IMU': 4.149424505118403, 'SCALED_IMU2': 4.149483230676438, 'SCALED_IMU3': 4.149550518466885, 'SCALED_PRESSURE': 4.1496226964403204, 'SCALED_PRESSURE2': 4.1496980534284384, 'SYSTEM_TIME': 4.1498847732123085, 'SIMSTATE': 4.149995354698252, 'WIND': 4.1500806975457545, 'TERRAIN_REPORT': 4.150216529304861, 'EKF_STATUS_REPORT': 4.150298549733703, 'LOCAL_POSITION_NED': 4.150396304582895, 'VIBRATION': 4.150472095319435, 'BATTERY_STATUS': 4.150583271010909, 'ESC_TELEMETRY_1_TO_4': 4.150656039310407, 'SYS_STATUS': 3.990012684186335, 'POWER_STATUS': 3.99011384042001, 'MEMINFO': 3.9902227510028405, 'NAV_CONTROLLER_OUTPUT': 3.9902827735047914, 'MISSION_CURRENT': 3.990382586468586, 'GPS_RAW_INT': 3.9909462961182443, 'HEARTBEAT': 0.9760289898495389, 'TIMESYNC': 0.09044320734511892}
2026-09-26 13:39:20,710 - drone_ids.engine - INFO - Stats: msgs=18352, rate=61.3/s, alerts=4, errors=0
2026-09-26 13:39:27,135 - drone_ids.engine - INFO - Stats: msgs=4024, rate=12.2/s, alerts=0, errors=0
2026-09-26 13:39:30,568 - drone_ids.main - INFO - Status: {'state': 'running', 'detectors': 6, 'stats': {'messages_processed': 3808, 'alerts_generated': 0, 'alerts_by_type': {}, 'uptime': 351.0390739440918, 'errors': 0}}
2026-09-26 13:39:30,568 - drone_ids.main - INFO - Status: {'state': 'running', 'detectors': 6, 'stats': {'messages_processed': 18352, 'alerts_generated': 4, 'alerts_by_type': {'mavlink_sequence_gap': 4}, 'uptime': 309.03379559516907, 'errors': 0}}
2026-09-26 13:39:30,568 - drone_ids.main - INFO - Status: {'state': 'running', 'detectors': 6, 'stats': {'messages_processed': 4024, 'alerts_generated': 0, 'alerts_by_type': {}, 'uptime': 333.0331506729126, 'errors': 0}}
2026-09-26 13:39:30,569 - drone_ids.main - INFO - Status: {'state': 'running', 'detectors': 6, 'stats': {'messages_processed': 1773, 'alerts_generated': 0, 'alerts_by_type': {}, 'uptime': 359.0374586582184, 'errors': 0}}
2026-09-26 13:39:30,577 - drone_ids.main - INFO - Status: {'state': 'running', 'detectors': 6, 'stats': {'messages_processed': 3927, 'alerts_generated': 1, 'alerts_by_type': {'mavlink_sequence_gap': 1}, 'uptime': 44.005401372909546, 'errors': 0}}
2026-09-26 13:39:31,152 - drone_ids.engine - INFO - Stats: msgs=1773, rate=4.9/s, alerts=0, errors=0
2026-09-26 13:39:38,966 - drone_ids.engine - INFO - Stats: msgs=3808, rate=10.6/s, alerts=0, errors=0
2026-09-26 13:39:45,432 - drone_ids.engine - INFO - Stats: msgs=5565, rate=94.5/s, alerts=1, errors=0
2026-09-26 13:39:50,738 - drone_ids.engine - INFO - Stats: msgs=18352, rate=55.7/s, alerts=4, errors=0
2026-09-26 13:39:57,168 - drone_ids.engine - INFO - Stats: msgs=4024, rate=11.2/s, alerts=0, errors=0
2026-09-26 13:40:00,571 - drone_ids.main - INFO - Status: {'state': 'running', 'detectors': 6, 'stats': {'messages_processed': 3808, 'alerts_generated': 0, 'alerts_by_type': {}, 'uptime': 381.04217171669006, 'errors': 0}}
2026-09-26 13:40:00,571 - drone_ids.main - INFO - Status: {'state': 'running', 'detectors': 6, 'stats': {'messages_processed': 4024, 'alerts_generated': 0, 'alerts_by_type': {}, 'uptime': 363.0361099243164, 'errors': 0}}
2026-09-26 13:40:00,571 - drone_ids.main - INFO - Status: {'state': 'running', 'detectors': 6, 'stats': {'messages_processed': 18352, 'alerts_generated': 4, 'alerts_by_type': {'mavlink_sequence_gap': 4}, 'uptime': 339.03692722320557, 'errors': 0}}
2026-09-26 13:40:00,572 - drone_ids.main - INFO - Status: {'state': 'running', 'detectors': 6, 'stats': {'messages_processed': 1773, 'alerts_generated': 0, 'alerts_by_type': {}, 'uptime': 389.0404598712921, 'errors': 0}}
2026-09-26 13:40:00,581 - drone_ids.main - INFO - Status: {'state': 'running', 'detectors': 6, 'stats': {'messages_processed': 6177, 'alerts_generated': 1, 'alerts_by_type': {'mavlink_sequence_gap': 1}, 'uptime': 74.00885939598083, 'errors': 0}}
2026-09-26 13:40:01,183 - drone_ids.engine - INFO - Stats: msgs=1773, rate=4.6/s, alerts=0, errors=0
2026-09-26 13:40:04,581 - drone_ids.detector.MAVLinkAnomalyDetector - WARNING - ALERT [WARNING] mavlink_sequence_gap: MAVLink sequence gap: 28 (sys=1, comp=1, type=LOCAL_POSITION_NED)
2026-09-26 13:40:08,995 - drone_ids.engine - INFO - Stats: msgs=3808, rate=9.8/s, alerts=0, errors=0
2026-09-26 13:40:15,463 - drone_ids.engine - INFO - Stats: msgs=7376, rate=83.0/s, alerts=2, errors=0
2026-09-26 13:40:20,768 - drone_ids.engine - INFO - Stats: msgs=18352, rate=51.1/s, alerts=4, errors=0
2026-09-26 13:40:27,200 - drone_ids.engine - INFO - Stats: msgs=4024, rate=10.3/s, alerts=0, errors=0
2026-09-26 13:40:30,574 - drone_ids.main - INFO - Status: {'state': 'running', 'detectors': 6, 'stats': {'messages_processed': 4024, 'alerts_generated': 0, 'alerts_by_type': {}, 'uptime': 393.0389618873596, 'errors': 0}}
2026-09-26 13:40:30,574 - drone_ids.main - INFO - Status: {'state': 'running', 'detectors': 6, 'stats': {'messages_processed': 3808, 'alerts_generated': 0, 'alerts_by_type': {}, 'uptime': 411.04541778564453, 'errors': 0}}
2026-09-26 13:40:30,575 - drone_ids.main - INFO - Status: {'state': 'running', 'detectors': 6, 'stats': {'messages_processed': 18352, 'alerts_generated': 4, 'alerts_by_type': {'mavlink_sequence_gap': 4}, 'uptime': 369.04030990600586, 'errors': 0}}
2026-09-26 13:40:30,575 - drone_ids.main - INFO - Status: {'state': 'running', 'detectors': 6, 'stats': {'messages_processed': 1773, 'alerts_generated': 0, 'alerts_by_type': {}, 'uptime': 419.04334139823914, 'errors': 0}}
2026-09-26 13:40:30,584 - drone_ids.main - INFO - Status: {'state': 'running', 'detectors': 6, 'stats': {'messages_processed': 9056, 'alerts_generated': 2, 'alerts_by_type': {'mavlink_sequence_gap': 2}, 'uptime': 104.01216578483582, 'errors': 0}}
2026-09-26 13:40:31,213 - drone_ids.engine - INFO - Stats: msgs=1773, rate=4.2/s, alerts=0, errors=0
2026-09-26 13:40:39,025 - drone_ids.engine - INFO - Stats: msgs=3808, rate=9.1/s, alerts=0, errors=0
2026-09-26 13:40:45,495 - drone_ids.engine - INFO - Stats: msgs=10710, rate=90.1/s, alerts=2, errors=0
2026-09-26 13:40:50,798 - drone_ids.engine - INFO - Stats: msgs=18352, rate=47.1/s, alerts=4, errors=0
2026-09-26 13:40:57,230 - drone_ids.engine - INFO - Stats: msgs=4024, rate=9.6/s, alerts=0, errors=0
2026-09-26 13:41:00,577 - drone_ids.main - INFO - Status: {'state': 'running', 'detectors': 6, 'stats': {'messages_processed': 4024, 'alerts_generated': 0, 'alerts_by_type': {}, 'uptime': 423.0422172546387, 'errors': 0}}
2026-09-26 13:41:00,578 - drone_ids.main - INFO - Status: {'state': 'running', 'detectors': 6, 'stats': {'messages_processed': 3808, 'alerts_generated': 0, 'alerts_by_type': {}, 'uptime': 441.0485565662384, 'errors': 0}}
2026-09-26 13:41:00,578 - drone_ids.main - INFO - Status: {'state': 'running', 'detectors': 6, 'stats': {'messages_processed': 18352, 'alerts_generated': 4, 'alerts_by_type': {'mavlink_sequence_gap': 4}, 'uptime': 399.0432891845703, 'errors': 0}}
2026-09-26 13:41:00,578 - drone_ids.main - INFO - Status: {'state': 'running', 'detectors': 6, 'stats': {'messages_processed': 1773, 'alerts_generated': 0, 'alerts_by_type': {}, 'uptime': 449.0468957424164, 'errors': 0}}
2026-09-26 13:41:00,589 - drone_ids.main - INFO - Status: {'state': 'running', 'detectors': 6, 'stats': {'messages_processed': 12394, 'alerts_generated': 2, 'alerts_by_type': {'mavlink_sequence_gap': 2}, 'uptime': 134.01748752593994, 'errors': 0}}
2026-09-26 13:41:01,243 - drone_ids.engine - INFO - Stats: msgs=1773, rate=3.9/s, alerts=0, errors=0
2026-09-26 13:41:09,053 - drone_ids.engine - INFO - Stats: msgs=3808, rate=8.5/s, alerts=0, errors=0
2026-09-26 13:41:15,525 - drone_ids.engine - INFO - Stats: msgs=14044, rate=94.3/s, alerts=2, errors=0
2026-09-26 13:41:20,828 - drone_ids.engine - INFO - Stats: msgs=18352, rate=43.8/s, alerts=4, errors=0
2026-09-26 13:41:27,259 - drone_ids.engine - INFO - Stats: msgs=4024, rate=8.9/s, alerts=0, errors=0
2026-09-26 13:41:30,581 - drone_ids.main - INFO - Status: {'state': 'running', 'detectors': 6, 'stats': {'messages_processed': 4024, 'alerts_generated': 0, 'alerts_by_type': {}, 'uptime': 453.04543590545654, 'errors': 0}}
2026-09-26 13:41:30,581 - drone_ids.main - INFO - Status: {'state': 'running', 'detectors': 6, 'stats': {'messages_processed': 3808, 'alerts_generated': 0, 'alerts_by_type': {}, 'uptime': 471.0518651008606, 'errors': 0}}
2026-09-26 13:41:30,581 - drone_ids.main - INFO - Status: {'state': 'running', 'detectors': 6, 'stats': {'messages_processed': 1773, 'alerts_generated': 0, 'alerts_by_type': {}, 'uptime': 479.04989886283875, 'errors': 0}}
2026-09-26 13:41:30,582 - drone_ids.main - INFO - Status: {'state': 'running', 'detectors': 6, 'stats': {'messages_processed': 18352, 'alerts_generated': 4, 'alerts_by_type': {'mavlink_sequence_gap': 4}, 'uptime': 429.04720735549927, 'errors': 0}}
2026-09-26 13:41:30,594 - drone_ids.main - INFO - Status: {'state': 'running', 'detectors': 6, 'stats': {'messages_processed': 15737, 'alerts_generated': 2, 'alerts_by_type': {'mavlink_sequence_gap': 2}, 'uptime': 164.02235221862793, 'errors': 0}}
2026-09-26 13:41:31,274 - drone_ids.engine - INFO - Stats: msgs=1773, rate=3.7/s, alerts=0, errors=0
2026-09-26 13:41:39,082 - drone_ids.engine - INFO - Stats: msgs=3808, rate=7.9/s, alerts=0, errors=0
2026-09-26 13:41:45,559 - drone_ids.engine - INFO - Stats: msgs=17378, rate=97.1/s, alerts=2, errors=0
2026-09-26 13:41:50,337 - drone_ids.main - INFO - Signal 2, shutting down...
2026-09-26 13:41:50,597 - drone_ids.main - INFO - Shutting down...
2026-09-26 13:41:50,597 - drone_ids.detector.GPSSpoofingDetector - INFO - GPS Spoofing Detector shutdown
2026-09-26 13:41:50,597 - drone_ids.detector.MAVLinkAnomalyDetector - INFO - MAVLink Anomaly Detector shutdown
2026-09-26 13:41:50,598 - drone_ids.detector.CommandInjectionDetector - INFO - Command Injection Detector shutdown
2026-09-26 13:41:50,598 - drone_ids.detector.TelemetryManipulationDetector - INFO - Telemetry Manipulation Detector shutdown
2026-09-26 13:41:50,598 - drone_ids.detector.DoSDetector - INFO - DoS Detector shutdown
2026-09-26 13:41:50,598 - drone_ids.detector.FirmwareIntegrityDetector - INFO - Firmware Integrity Detector shutdown
2026-09-26 13:41:50,663 - drone_ids.engine - INFO - IDS Engine stopped
2026-09-26 13:41:50,858 - drone_ids.engine - INFO - Stats: msgs=18352, rate=40.8/s, alerts=4, errors=0
2026-09-26 13:41:51,601 - drone_ids.alert_manager - INFO - Alert Manager stopped
2026-09-26 13:41:51,624 - drone_ids.mavlink - INFO - Disconnected
2026-09-26 13:41:51,624 - drone_ids.main - INFO - Shutdown complete
2026-09-26 13:41:51,834 - drone_ids.detector.MAVLinkAnomalyDetector - WARNING - ALERT [WARNING] mavlink_sequence_gap: MAVLink sequence gap: 213 (sys=1, comp=1, type=AHRS)
2026-09-26 13:41:52,084 - drone_ids.detector.MAVLinkAnomalyDetector - WARNING - ALERT [WARNING] mavlink_rate_anomaly: MAVLink rate anomaly AHRS: 8.0/s (baseline: 4.1/s, z=3.6)
2026-09-26 13:41:53,101 - drone_ids.detector.MAVLinkAnomalyDetector - WARNING - ALERT [WARNING] mavlink_rate_anomaly: MAVLink rate anomaly FLIGHT_INFORMATION: 3.0/s (baseline: 2.0/s, z=4.7)
2026-09-26 13:41:54,605 - drone_ids.detector.MAVLinkAnomalyDetector - WARNING - ALERT [WARNING] mavlink_rate_anomaly: MAVLink rate anomaly HEARTBEAT: 1.5/s (baseline: 1.0/s, z=3.5)
2026-09-26 13:41:57,288 - drone_ids.engine - INFO - Stats: msgs=4024, rate=8.4/s, alerts=0, errors=0
2026-09-26 13:42:00,584 - drone_ids.main - INFO - Status: {'state': 'running', 'detectors': 6, 'stats': {'messages_processed': 3808, 'alerts_generated': 0, 'alerts_by_type': {}, 'uptime': 501.0550594329834, 'errors': 0}}
2026-09-26 13:42:00,584 - drone_ids.main - INFO - Status: {'state': 'running', 'detectors': 6, 'stats': {'messages_processed': 4024, 'alerts_generated': 0, 'alerts_by_type': {}, 'uptime': 483.0489876270294, 'errors': 0}}
2026-09-26 13:42:00,585 - drone_ids.main - INFO - Status: {'state': 'running', 'detectors': 6, 'stats': {'messages_processed': 1773, 'alerts_generated': 0, 'alerts_by_type': {}, 'uptime': 509.053426027298, 'errors': 0}}
2026-09-26 13:42:00,585 - drone_ids.main - INFO - Status: {'state': 'running', 'detectors': 6, 'stats': {'messages_processed': 19323, 'alerts_generated': 8, 'alerts_by_type': {'mavlink_sequence_gap': 5, 'mavlink_rate_anomaly': 3}, 'uptime': 459.0504779815674, 'errors': 0}}
2026-09-26 13:42:01,301 - drone_ids.engine - INFO - Stats: msgs=1773, rate=3.5/s, alerts=0, errors=0
2026-09-26 13:42:09,109 - drone_ids.engine - INFO - Stats: msgs=3808, rate=7.5/s, alerts=0, errors=0
2026-09-26 13:42:20,887 - drone_ids.engine - INFO - Stats: msgs=21601, rate=45.1/s, alerts=8, errors=0
2026-09-26 13:42:27,314 - drone_ids.engine - INFO - Stats: msgs=4024, rate=7.9/s, alerts=0, errors=0
2026-09-26 13:42:30,587 - drone_ids.main - INFO - Status: {'state': 'running', 'detectors': 6, 'stats': {'messages_processed': 3808, 'alerts_generated': 0, 'alerts_by_type': {}, 'uptime': 531.0583393573761, 'errors': 0}}
2026-09-26 13:42:30,588 - drone_ids.main - INFO - Status: {'state': 'running', 'detectors': 6, 'stats': {'messages_processed': 4024, 'alerts_generated': 0, 'alerts_by_type': {}, 'uptime': 513.0527040958405, 'errors': 0}}
2026-09-26 13:42:30,588 - drone_ids.main - INFO - Status: {'state': 'running', 'detectors': 6, 'stats': {'messages_processed': 1773, 'alerts_generated': 0, 'alerts_by_type': {}, 'uptime': 539.056648015976, 'errors': 0}}
2026-09-26 13:42:30,589 - drone_ids.main - INFO - Status: {'state': 'running', 'detectors': 6, 'stats': {'messages_processed': 22657, 'alerts_generated': 8, 'alerts_by_type': {'mavlink_sequence_gap': 5, 'mavlink_rate_anomaly': 3}, 'uptime': 489.05507493019104, 'errors': 0}}
2026-09-26 13:42:31,330 - drone_ids.engine - INFO - Stats: msgs=1773, rate=3.3/s, alerts=0, errors=0
2026-09-26 13:42:39,140 - drone_ids.engine - INFO - Stats: msgs=3808, rate=7.1/s, alerts=0, errors=0
2026-09-26 13:42:44,962 - drone_ids.main - INFO - Initializing Drone IDS...
2026-09-26 13:42:44,967 - drone_ids.engine - INFO - Added detector: GPSSpoofingDetector
2026-09-26 13:42:44,967 - drone_ids.main - INFO - Registered: GPSSpoofingDetector
2026-09-26 13:42:44,967 - drone_ids.engine - INFO - Added detector: MAVLinkAnomalyDetector
2026-09-26 13:42:44,967 - drone_ids.main - INFO - Registered: MAVLinkAnomalyDetector
2026-09-26 13:42:44,967 - drone_ids.engine - INFO - Added detector: CommandInjectionDetector
2026-09-26 13:42:44,967 - drone_ids.main - INFO - Registered: CommandInjectionDetector
2026-09-26 13:42:44,967 - drone_ids.engine - INFO - Added detector: TelemetryManipulationDetector
2026-09-26 13:42:44,967 - drone_ids.main - INFO - Registered: TelemetryManipulationDetector
2026-09-26 13:42:44,967 - drone_ids.engine - INFO - Added detector: DoSDetector
2026-09-26 13:42:44,967 - drone_ids.main - INFO - Registered: DoSDetector
2026-09-26 13:42:44,967 - drone_ids.engine - INFO - Added detector: FirmwareIntegrityDetector
2026-09-26 13:42:44,967 - drone_ids.main - INFO - Registered: FirmwareIntegrityDetector
2026-09-26 13:42:44,967 - drone_ids.alert_manager - INFO - Alert Manager started
2026-09-26 13:42:44,967 - drone_ids.main - INFO - Connecting to SITL on UDP 14550...
2026-09-26 13:42:44,967 - drone_ids.mavlink - INFO - Connecting to udp:127.0.0.1:14550...
2026-09-26 13:42:44,967 - drone_ids.mavlink - INFO - Waiting for heartbeat...
2026-09-26 13:42:45,610 - drone_ids.mavlink - INFO - Connected to system 1
2026-09-26 13:42:45,611 - drone_ids.main - INFO - Requested stream 0 at 10Hz
2026-09-26 13:42:45,611 - drone_ids.main - INFO - Requested stream 5 at 10Hz
2026-09-26 13:42:45,611 - drone_ids.main - INFO - Requested stream 2 at 5Hz
2026-09-26 13:42:45,611 - drone_ids.main - INFO - Starting Drone IDS...
2026-09-26 13:42:45,611 - drone_ids.detector.GPSSpoofingDetector - INFO - GPS Spoofing Detector initialized
2026-09-26 13:42:45,612 - drone_ids.engine - INFO - Initialized detector: GPSSpoofingDetector
2026-09-26 13:42:45,612 - drone_ids.detector.MAVLinkAnomalyDetector - INFO - MAVLink Anomaly Detector initialized
2026-09-26 13:42:45,612 - drone_ids.engine - INFO - Initialized detector: MAVLinkAnomalyDetector
2026-09-26 13:42:45,612 - drone_ids.detector.CommandInjectionDetector - INFO - Command Injection Detector initialized
2026-09-26 13:42:45,612 - drone_ids.engine - INFO - Initialized detector: CommandInjectionDetector
2026-09-26 13:42:45,612 - drone_ids.detector.TelemetryManipulationDetector - INFO - Telemetry Manipulation Detector initialized
2026-09-26 13:42:45,612 - drone_ids.engine - INFO - Initialized detector: TelemetryManipulationDetector
2026-09-26 13:42:45,612 - drone_ids.detector.DoSDetector - INFO - DoS Detector initialized
2026-09-26 13:42:45,612 - drone_ids.engine - INFO - Initialized detector: DoSDetector
2026-09-26 13:42:45,612 - drone_ids.detector.FirmwareIntegrityDetector - INFO - Firmware Integrity Detector initialized
2026-09-26 13:42:45,612 - drone_ids.engine - INFO - Initialized detector: FirmwareIntegrityDetector
2026-09-26 13:42:45,612 - drone_ids.engine - INFO - IDS Engine started
2026-09-26 13:42:45,612 - drone_ids.main - INFO - Running indefinitely (Ctrl+C to stop)...
2026-09-26 13:42:50,920 - drone_ids.engine - INFO - Stats: msgs=24269, rate=47.6/s, alerts=8, errors=0
2026-09-26 13:42:57,342 - drone_ids.engine - INFO - Stats: msgs=4024, rate=7.5/s, alerts=0, errors=0
2026-09-26 13:43:00,591 - drone_ids.main - INFO - Status: {'state': 'running', 'detectors': 6, 'stats': {'messages_processed': 3808, 'alerts_generated': 0, 'alerts_by_type': {}, 'uptime': 561.0621571540833, 'errors': 0}}
2026-09-26 13:43:00,591 - drone_ids.main - INFO - Status: {'state': 'running', 'detectors': 6, 'stats': {'messages_processed': 4024, 'alerts_generated': 0, 'alerts_by_type': {}, 'uptime': 543.056104183197, 'errors': 0}}
2026-09-26 13:43:00,591 - drone_ids.main - INFO - Status: {'state': 'running', 'detectors': 6, 'stats': {'messages_processed': 1773, 'alerts_generated': 0, 'alerts_by_type': {}, 'uptime': 569.060035943985, 'errors': 0}}
2026-09-26 13:43:00,593 - drone_ids.main - INFO - Status: {'state': 'running', 'detectors': 6, 'stats': {'messages_processed': 24269, 'alerts_generated': 8, 'alerts_by_type': {'mavlink_sequence_gap': 5, 'mavlink_rate_anomaly': 3}, 'uptime': 519.058678150177, 'errors': 0}}
2026-09-26 13:43:00,614 - drone_ids.main - INFO - Status: {'state': 'running', 'detectors': 6, 'stats': {'messages_processed': 556, 'alerts_generated': 0, 'alerts_by_type': {}, 'uptime': 15.002027750015259, 'errors': 0}}
2026-09-26 13:43:01,359 - drone_ids.engine - INFO - Stats: msgs=1773, rate=3.1/s, alerts=0, errors=0
2026-09-26 13:43:01,651 - drone_ids.detector.MAVLinkAnomalyDetector - WARNING - ALERT [WARNING] mavlink_sequence_gap: MAVLink sequence gap: 52 (sys=1, comp=1, type=AHRS)
2026-09-26 13:43:09,169 - drone_ids.engine - INFO - Stats: msgs=3808, rate=6.7/s, alerts=0, errors=0
2026-09-26 13:43:14,608 - drone_ids.detector.MAVLinkAnomalyDetector - WARNING - ALERT [WARNING] mavlink_sequence_gap: MAVLink sequence gap: 86 (sys=1, comp=1, type=HEARTBEAT)
2026-09-26 13:43:14,902 - drone_ids.detector.MAVLinkAnomalyDetector - WARNING - ALERT [WARNING] mavlink_rate_anomaly: MAVLink rate anomaly AHRS: 7.9/s (baseline: 4.1/s, z=3.6)
2026-09-26 13:43:16,113 - drone_ids.detector.MAVLinkAnomalyDetector - WARNING - ALERT [WARNING] mavlink_rate_anomaly: MAVLink rate anomaly FLIGHT_INFORMATION: 2.7/s (baseline: 2.0/s, z=3.2)
2026-09-26 13:43:20,949 - drone_ids.engine - INFO - Stats: msgs=24991, rate=46.3/s, alerts=11, errors=0
2026-09-26 13:43:27,370 - drone_ids.engine - INFO - Stats: msgs=4024, rate=7.1/s, alerts=0, errors=0
2026-09-26 13:43:30,595 - drone_ids.main - INFO - Status: {'state': 'running', 'detectors': 6, 'stats': {'messages_processed': 3808, 'alerts_generated': 0, 'alerts_by_type': {}, 'uptime': 591.0654892921448, 'errors': 0}}
2026-09-26 13:43:30,595 - drone_ids.main - INFO - Status: {'state': 'running', 'detectors': 6, 'stats': {'messages_processed': 1773, 'alerts_generated': 0, 'alerts_by_type': {}, 'uptime': 599.0636355876923, 'errors': 0}}
2026-09-26 13:43:30,596 - drone_ids.main - INFO - Status: {'state': 'running', 'detectors': 6, 'stats': {'messages_processed': 4024, 'alerts_generated': 0, 'alerts_by_type': {}, 'uptime': 573.0603182315826, 'errors': 0}}
2026-09-26 13:43:30,596 - drone_ids.main - INFO - Status: {'state': 'running', 'detectors': 6, 'stats': {'messages_processed': 25104, 'alerts_generated': 11, 'alerts_by_type': {'mavlink_sequence_gap': 6, 'mavlink_rate_anomaly': 5}, 'uptime': 549.062029838562, 'errors': 0}}
2026-09-26 13:43:31,390 - drone_ids.engine - INFO - Stats: msgs=1773, rate=3.0/s, alerts=0, errors=0
2026-09-26 13:43:35,903 - drone_ids.detector.MAVLinkAnomalyDetector - WARNING - ALERT [WARNING] mavlink_rate_anomaly: MAVLink rate anomaly AHRS: 8.1/s (baseline: 4.1/s, z=3.8)
2026-09-26 13:43:37,120 - drone_ids.detector.MAVLinkAnomalyDetector - WARNING - ALERT [WARNING] mavlink_rate_anomaly: MAVLink rate anomaly FLIGHT_INFORMATION: 2.7/s (baseline: 2.0/s, z=3.2)
2026-09-26 13:43:38,614 - drone_ids.detector.MAVLinkAnomalyDetector - WARNING - ALERT [WARNING] mavlink_rate_anomaly: MAVLink rate anomaly HEARTBEAT: 1.5/s (baseline: 1.0/s, z=3.5)
2026-09-26 13:43:39,198 - drone_ids.engine - INFO - Stats: msgs=3808, rate=6.4/s, alerts=0, errors=0
2026-09-26 13:43:42,476 - drone_ids.main - INFO - Initializing Drone IDS...
2026-09-26 13:43:42,481 - drone_ids.engine - INFO - Added detector: GPSSpoofingDetector
2026-09-26 13:43:42,481 - drone_ids.main - INFO - Registered: GPSSpoofingDetector
2026-09-26 13:43:42,481 - drone_ids.engine - INFO - Added detector: MAVLinkAnomalyDetector
2026-09-26 13:43:42,481 - drone_ids.main - INFO - Registered: MAVLinkAnomalyDetector
2026-09-26 13:43:42,481 - drone_ids.engine - INFO - Added detector: CommandInjectionDetector
2026-09-26 13:43:42,481 - drone_ids.main - INFO - Registered: CommandInjectionDetector
2026-09-26 13:43:42,481 - drone_ids.engine - INFO - Added detector: TelemetryManipulationDetector
2026-09-26 13:43:42,481 - drone_ids.main - INFO - Registered: TelemetryManipulationDetector
2026-09-26 13:43:42,481 - drone_ids.engine - INFO - Added detector: DoSDetector
2026-09-26 13:43:42,481 - drone_ids.main - INFO - Registered: DoSDetector
2026-09-26 13:43:42,481 - drone_ids.engine - INFO - Added detector: FirmwareIntegrityDetector
2026-09-26 13:43:42,481 - drone_ids.main - INFO - Registered: FirmwareIntegrityDetector
2026-09-26 13:43:42,481 - drone_ids.alert_manager - INFO - Alert Manager started
2026-09-26 13:43:42,481 - drone_ids.main - INFO - Connecting to SITL on UDP 14550...
2026-09-26 13:43:42,481 - drone_ids.mavlink - INFO - Connecting to udp:127.0.0.1:14550...
2026-09-26 13:43:42,481 - drone_ids.mavlink - INFO - Waiting for heartbeat...
2026-09-26 13:43:42,642 - drone_ids.mavlink - INFO - Connected to system 1
2026-09-26 13:43:42,643 - drone_ids.main - INFO - Requested stream 0 at 10Hz
2026-09-26 13:43:42,643 - drone_ids.main - INFO - Requested stream 5 at 10Hz
2026-09-26 13:43:42,643 - drone_ids.main - INFO - Requested stream 2 at 5Hz
2026-09-26 13:43:42,643 - drone_ids.main - INFO - Starting Drone IDS...
2026-09-26 13:43:42,643 - drone_ids.detector.GPSSpoofingDetector - INFO - GPS Spoofing Detector initialized
2026-09-26 13:43:42,643 - drone_ids.engine - INFO - Initialized detector: GPSSpoofingDetector
2026-09-26 13:43:42,643 - drone_ids.detector.MAVLinkAnomalyDetector - INFO - MAVLink Anomaly Detector initialized
2026-09-26 13:43:42,643 - drone_ids.engine - INFO - Initialized detector: MAVLinkAnomalyDetector
2026-09-26 13:43:42,643 - drone_ids.detector.CommandInjectionDetector - INFO - Command Injection Detector initialized
2026-09-26 13:43:42,643 - drone_ids.engine - INFO - Initialized detector: CommandInjectionDetector
2026-09-26 13:43:42,643 - drone_ids.detector.TelemetryManipulationDetector - INFO - Telemetry Manipulation Detector initialized
2026-09-26 13:43:42,643 - drone_ids.engine - INFO - Initialized detector: TelemetryManipulationDetector
2026-09-26 13:43:42,643 - drone_ids.detector.DoSDetector - INFO - DoS Detector initialized
2026-09-26 13:43:42,643 - drone_ids.engine - INFO - Initialized detector: DoSDetector
2026-09-26 13:43:42,643 - drone_ids.detector.FirmwareIntegrityDetector - INFO - Firmware Integrity Detector initialized
2026-09-26 13:43:42,643 - drone_ids.engine - INFO - Initialized detector: FirmwareIntegrityDetector
2026-09-26 13:43:42,643 - drone_ids.engine - INFO - IDS Engine started
2026-09-26 13:43:42,643 - drone_ids.main - INFO - Running indefinitely (Ctrl+C to stop)...
2026-09-26 13:43:50,979 - drone_ids.engine - INFO - Stats: msgs=25880, rate=45.4/s, alerts=14, errors=0
2026-09-26 13:43:57,400 - drone_ids.engine - INFO - Stats: msgs=4024, rate=6.7/s, alerts=0, errors=0
2026-09-26 13:43:58,680 - drone_ids.detector.MAVLinkAnomalyDetector - WARNING - ALERT [WARNING] mavlink_sequence_gap: MAVLink sequence gap: 95 (sys=1, comp=1, type=AHRS)
2026-09-26 13:44:00,598 - drone_ids.main - INFO - Status: {'state': 'running', 'detectors': 6, 'stats': {'messages_processed': 3808, 'alerts_generated': 0, 'alerts_by_type': {}, 'uptime': 621.0684719085693, 'errors': 0}}
2026-09-26 13:44:00,598 - drone_ids.main - INFO - Status: {'state': 'running', 'detectors': 6, 'stats': {'messages_processed': 1773, 'alerts_generated': 0, 'alerts_by_type': {}, 'uptime': 629.066933631897, 'errors': 0}}
2026-09-26 13:44:00,599 - drone_ids.main - INFO - Status: {'state': 'running', 'detectors': 6, 'stats': {'messages_processed': 4024, 'alerts_generated': 0, 'alerts_by_type': {}, 'uptime': 603.0635969638824, 'errors': 0}}
2026-09-26 13:44:00,600 - drone_ids.main - INFO - Status: {'state': 'running', 'detectors': 6, 'stats': {'messages_processed': 25880, 'alerts_generated': 14, 'alerts_by_type': {'mavlink_sequence_gap': 6, 'mavlink_rate_anomaly': 8}, 'uptime': 579.0652961730957, 'errors': 0}}
2026-09-26 13:44:00,645 - drone_ids.main - INFO - Status: {'state': 'running', 'detectors': 6, 'stats': {'messages_processed': 876, 'alerts_generated': 1, 'alerts_by_type': {'mavlink_sequence_gap': 1}, 'uptime': 18.002190828323364, 'errors': 0}}
2026-09-26 13:44:01,421 - drone_ids.engine - INFO - Stats: msgs=1773, rate=2.8/s, alerts=0, errors=0
2026-09-26 13:44:08,671 - drone_ids.main - INFO - Signal 15, shutting down...
2026-09-26 13:44:09,226 - drone_ids.engine - INFO - Stats: msgs=3808, rate=6.0/s, alerts=0, errors=0
2026-09-26 13:44:09,647 - drone_ids.main - INFO - Shutting down...
2026-09-26 13:44:09,647 - drone_ids.detector.GPSSpoofingDetector - INFO - GPS Spoofing Detector shutdown
2026-09-26 13:44:09,647 - drone_ids.detector.MAVLinkAnomalyDetector - INFO - MAVLink Anomaly Detector shutdown
2026-09-26 13:44:09,647 - drone_ids.detector.CommandInjectionDetector - INFO - Command Injection Detector shutdown
2026-09-26 13:44:09,647 - drone_ids.detector.TelemetryManipulationDetector - INFO - Telemetry Manipulation Detector shutdown
2026-09-26 13:44:09,647 - drone_ids.detector.DoSDetector - INFO - DoS Detector shutdown
2026-09-26 13:44:09,648 - drone_ids.detector.FirmwareIntegrityDetector - INFO - Firmware Integrity Detector shutdown
2026-09-26 13:44:09,669 - drone_ids.engine - INFO - IDS Engine stopped
2026-09-26 13:44:09,684 - drone_ids.alert_manager - INFO - Alert Manager stopped
2026-09-26 13:44:10,651 - drone_ids.mavlink - INFO - Disconnected
2026-09-26 13:44:10,651 - drone_ids.main - INFO - Shutdown complete
2026-09-26 13:44:10,683 - drone_ids.detector.MAVLinkAnomalyDetector - WARNING - ALERT [WARNING] mavlink_sequence_gap: MAVLink sequence gap: 35 (sys=1, comp=1, type=AHRS)
2026-09-26 13:44:10,934 - drone_ids.detector.MAVLinkAnomalyDetector - WARNING - ALERT [WARNING] mavlink_rate_anomaly: MAVLink rate anomaly AHRS: 8.0/s (baseline: 4.1/s, z=3.6)
2026-09-26 13:44:12,121 - drone_ids.detector.MAVLinkAnomalyDetector - WARNING - ALERT [WARNING] mavlink_rate_anomaly: MAVLink rate anomaly FLIGHT_INFORMATION: 3.0/s (baseline: 2.0/s, z=4.7)
2026-09-26 13:44:13,617 - drone_ids.detector.MAVLinkAnomalyDetector - WARNING - ALERT [WARNING] mavlink_rate_anomaly: MAVLink rate anomaly HEARTBEAT: 1.5/s (baseline: 1.0/s, z=3.5)
2026-09-26 13:44:21,009 - drone_ids.engine - INFO - Stats: msgs=27045, rate=45.1/s, alerts=18, errors=0
2026-09-26 13:44:27,430 - drone_ids.engine - INFO - Stats: msgs=4024, rate=6.4/s, alerts=0, errors=0
2026-09-26 13:44:30,601 - drone_ids.main - INFO - Status: {'state': 'running', 'detectors': 6, 'stats': {'messages_processed': 3808, 'alerts_generated': 0, 'alerts_by_type': {}, 'uptime': 651.0719523429871, 'errors': 0}}
2026-09-26 13:44:30,602 - drone_ids.main - INFO - Status: {'state': 'running', 'detectors': 6, 'stats': {'messages_processed': 1773, 'alerts_generated': 0, 'alerts_by_type': {}, 'uptime': 659.0700600147247, 'errors': 0}}
2026-09-26 13:44:30,602 - drone_ids.main - INFO - Status: {'state': 'running', 'detectors': 6, 'stats': {'messages_processed': 4024, 'alerts_generated': 0, 'alerts_by_type': {}, 'uptime': 633.0669441223145, 'errors': 0}}
2026-09-26 13:44:30,606 - drone_ids.main - INFO - Status: {'state': 'running', 'detectors': 6, 'stats': {'messages_processed': 28101, 'alerts_generated': 18, 'alerts_by_type': {'mavlink_sequence_gap': 7, 'mavlink_rate_anomaly': 11}, 'uptime': 609.0711705684662, 'errors': 0}}
2026-09-26 13:44:31,450 - drone_ids.engine - INFO - Stats: msgs=1773, rate=2.7/s, alerts=0, errors=0
2026-09-26 13:44:39,255 - drone_ids.engine - INFO - Stats: msgs=3808, rate=5.8/s, alerts=0, errors=0
2026-09-26 13:44:47,187 - drone_ids.main - INFO - Initializing Drone IDS...
2026-09-26 13:44:47,192 - drone_ids.engine - INFO - Added detector: GPSSpoofingDetector
2026-09-26 13:44:47,192 - drone_ids.main - INFO - Registered: GPSSpoofingDetector
2026-09-26 13:44:47,192 - drone_ids.engine - INFO - Added detector: MAVLinkAnomalyDetector
2026-09-26 13:44:47,192 - drone_ids.main - INFO - Registered: MAVLinkAnomalyDetector
2026-09-26 13:44:47,192 - drone_ids.engine - INFO - Added detector: CommandInjectionDetector
2026-09-26 13:44:47,192 - drone_ids.main - INFO - Registered: CommandInjectionDetector
2026-09-26 13:44:47,192 - drone_ids.engine - INFO - Added detector: TelemetryManipulationDetector
2026-09-26 13:44:47,192 - drone_ids.main - INFO - Registered: TelemetryManipulationDetector
2026-09-26 13:44:47,192 - drone_ids.engine - INFO - Added detector: DoSDetector
2026-09-26 13:44:47,192 - drone_ids.main - INFO - Registered: DoSDetector
2026-09-26 13:44:47,192 - drone_ids.engine - INFO - Added detector: FirmwareIntegrityDetector
2026-09-26 13:44:47,192 - drone_ids.main - INFO - Registered: FirmwareIntegrityDetector
2026-09-26 13:44:47,192 - drone_ids.alert_manager - INFO - Alert Manager started
2026-09-26 13:44:47,192 - drone_ids.main - INFO - Connecting to SITL on UDP 14550...
2026-09-26 13:44:47,192 - drone_ids.mavlink - INFO - Connecting to udp:127.0.0.1:14550...
2026-09-26 13:44:47,192 - drone_ids.mavlink - INFO - Waiting for heartbeat...
2026-09-26 13:44:47,622 - drone_ids.mavlink - INFO - Connected to system 1
2026-09-26 13:44:47,624 - drone_ids.main - INFO - Requested stream 0 at 10Hz
2026-09-26 13:44:47,625 - drone_ids.main - INFO - Requested stream 5 at 10Hz
2026-09-26 13:44:47,625 - drone_ids.main - INFO - Requested stream 2 at 5Hz
2026-09-26 13:44:47,625 - drone_ids.main - INFO - Starting Drone IDS...
2026-09-26 13:44:47,625 - drone_ids.detector.GPSSpoofingDetector - INFO - GPS Spoofing Detector initialized
2026-09-26 13:44:47,625 - drone_ids.engine - INFO - Initialized detector: GPSSpoofingDetector
2026-09-26 13:44:47,625 - drone_ids.detector.MAVLinkAnomalyDetector - INFO - MAVLink Anomaly Detector initialized
2026-09-26 13:44:47,626 - drone_ids.engine - INFO - Initialized detector: MAVLinkAnomalyDetector
2026-09-26 13:44:47,626 - drone_ids.detector.CommandInjectionDetector - INFO - Command Injection Detector initialized
2026-09-26 13:44:47,626 - drone_ids.engine - INFO - Initialized detector: CommandInjectionDetector
2026-09-26 13:44:47,626 - drone_ids.detector.TelemetryManipulationDetector - INFO - Telemetry Manipulation Detector initialized
2026-09-26 13:44:47,626 - drone_ids.engine - INFO - Initialized detector: TelemetryManipulationDetector
2026-09-26 13:44:47,626 - drone_ids.detector.DoSDetector - INFO - DoS Detector initialized
2026-09-26 13:44:47,626 - drone_ids.engine - INFO - Initialized detector: DoSDetector
2026-09-26 13:44:47,626 - drone_ids.detector.FirmwareIntegrityDetector - INFO - Firmware Integrity Detector initialized
2026-09-26 13:44:47,626 - drone_ids.engine - INFO - Initialized detector: FirmwareIntegrityDetector
2026-09-26 13:44:47,626 - drone_ids.engine - INFO - IDS Engine started
2026-09-26 13:44:47,626 - drone_ids.main - INFO - Running indefinitely (Ctrl+C to stop)...
2026-09-26 13:44:51,039 - drone_ids.engine - INFO - Stats: msgs=29955, rate=47.6/s, alerts=18, errors=0
2026-09-26 13:44:57,461 - drone_ids.engine - INFO - Stats: msgs=4024, rate=6.1/s, alerts=0, errors=0
2026-09-26 13:45:00,605 - drone_ids.main - INFO - Status: {'state': 'running', 'detectors': 6, 'stats': {'messages_processed': 3808, 'alerts_generated': 0, 'alerts_by_type': {}, 'uptime': 681.0758392810822, 'errors': 0}}
2026-09-26 13:45:00,605 - drone_ids.main - INFO - Status: {'state': 'running', 'detectors': 6, 'stats': {'messages_processed': 1773, 'alerts_generated': 0, 'alerts_by_type': {}, 'uptime': 689.0737268924713, 'errors': 0}}
2026-09-26 13:45:00,606 - drone_ids.main - INFO - Status: {'state': 'running', 'detectors': 6, 'stats': {'messages_processed': 4024, 'alerts_generated': 0, 'alerts_by_type': {}, 'uptime': 663.0706248283386, 'errors': 0}}
2026-09-26 13:45:00,609 - drone_ids.main - INFO - Status: {'state': 'running', 'detectors': 6, 'stats': {'messages_processed': 29955, 'alerts_generated': 18, 'alerts_by_type': {'mavlink_sequence_gap': 7, 'mavlink_rate_anomaly': 11}, 'uptime': 639.0742864608765, 'errors': 0}}
2026-09-26 13:45:00,628 - drone_ids.main - INFO - Status: {'state': 'running', 'detectors': 6, 'stats': {'messages_processed': 605, 'alerts_generated': 0, 'alerts_by_type': {}, 'uptime': 13.00209903717041, 'errors': 0}}
2026-09-26 13:45:01,476 - drone_ids.engine - INFO - Stats: msgs=1773, rate=2.6/s, alerts=0, errors=0
2026-09-26 13:45:03,631 - drone_ids.detector.MAVLinkAnomalyDetector - WARNING - ALERT [WARNING] mavlink_sequence_gap: MAVLink sequence gap: 250 (sys=1, comp=1, type=FLIGHT_INFORMATION)
2026-09-26 13:45:09,284 - drone_ids.engine - INFO - Stats: msgs=3808, rate=5.5/s, alerts=0, errors=0
2026-09-26 13:45:13,672 - drone_ids.main - INFO - Signal 15, shutting down...
2026-09-26 13:45:14,630 - drone_ids.main - INFO - Shutting down...
2026-09-26 13:45:14,630 - drone_ids.detector.GPSSpoofingDetector - INFO - GPS Spoofing Detector shutdown
2026-09-26 13:45:14,631 - drone_ids.detector.MAVLinkAnomalyDetector - INFO - MAVLink Anomaly Detector shutdown
2026-09-26 13:45:14,631 - drone_ids.detector.CommandInjectionDetector - INFO - Command Injection Detector shutdown
2026-09-26 13:45:14,631 - drone_ids.detector.TelemetryManipulationDetector - INFO - Telemetry Manipulation Detector shutdown
2026-09-26 13:45:14,631 - drone_ids.detector.DoSDetector - INFO - DoS Detector shutdown
2026-09-26 13:45:14,631 - drone_ids.detector.FirmwareIntegrityDetector - INFO - Firmware Integrity Detector shutdown
2026-09-26 13:45:14,653 - drone_ids.engine - INFO - IDS Engine stopped
2026-09-26 13:45:15,634 - drone_ids.alert_manager - INFO - Alert Manager stopped
2026-09-26 13:45:16,633 - drone_ids.mavlink - INFO - Disconnected
2026-09-26 13:45:16,633 - drone_ids.main - INFO - Shutdown complete
2026-09-26 13:45:16,636 - drone_ids.detector.MAVLinkAnomalyDetector - WARNING - ALERT [WARNING] mavlink_sequence_gap: MAVLink sequence gap: 32 (sys=1, comp=1, type=FLIGHT_INFORMATION)
2026-09-26 13:45:16,975 - drone_ids.detector.MAVLinkAnomalyDetector - WARNING - ALERT [WARNING] mavlink_rate_anomaly: MAVLink rate anomaly AHRS: 8.1/s (baseline: 4.1/s, z=3.8)
2026-09-26 13:45:18,132 - drone_ids.detector.MAVLinkAnomalyDetector - WARNING - ALERT [WARNING] mavlink_rate_anomaly: MAVLink rate anomaly FLIGHT_INFORMATION: 2.7/s (baseline: 2.0/s, z=3.2)
2026-09-26 13:45:19,628 - drone_ids.detector.MAVLinkAnomalyDetector - WARNING - ALERT [WARNING] mavlink_rate_anomaly: MAVLink rate anomaly HEARTBEAT: 1.5/s (baseline: 1.0/s, z=3.5)
2026-09-26 13:45:21,070 - drone_ids.engine - INFO - Stats: msgs=30454, rate=46.2/s, alerts=22, errors=0
2026-09-26 13:45:27,491 - drone_ids.engine - INFO - Stats: msgs=4024, rate=5.8/s, alerts=0, errors=0
2026-09-26 13:45:30,609 - drone_ids.main - INFO - Status: {'state': 'running', 'detectors': 6, 'stats': {'messages_processed': 1773, 'alerts_generated': 0, 'alerts_by_type': {}, 'uptime': 719.0773344039917, 'errors': 0}}
2026-09-26 13:45:30,609 - drone_ids.main - INFO - Status: {'state': 'running', 'detectors': 6, 'stats': {'messages_processed': 3808, 'alerts_generated': 0, 'alerts_by_type': {}, 'uptime': 711.0797398090363, 'errors': 0}}
2026-09-26 13:45:30,609 - drone_ids.main - INFO - Status: {'state': 'running', 'detectors': 6, 'stats': {'messages_processed': 4024, 'alerts_generated': 0, 'alerts_by_type': {}, 'uptime': 693.0740556716919, 'errors': 0}}
2026-09-26 13:45:30,612 - drone_ids.main - INFO - Status: {'state': 'running', 'detectors': 6, 'stats': {'messages_processed': 31510, 'alerts_generated': 22, 'alerts_by_type': {'mavlink_sequence_gap': 8, 'mavlink_rate_anomaly': 14}, 'uptime': 669.0777087211609, 'errors': 0}}
2026-09-26 13:45:31,503 - drone_ids.engine - INFO - Stats: msgs=1773, rate=2.5/s, alerts=0, errors=0
2026-09-26 13:45:39,311 - drone_ids.engine - INFO - Stats: msgs=3808, rate=5.3/s, alerts=0, errors=0
2026-09-26 13:45:51,106 - drone_ids.engine - INFO - Stats: msgs=33788, rate=49.0/s, alerts=22, errors=0
2026-09-26 13:45:57,526 - drone_ids.engine - INFO - Stats: msgs=4024, rate=5.6/s, alerts=0, errors=0
2026-09-26 13:46:00,612 - drone_ids.main - INFO - Status: {'state': 'running', 'detectors': 6, 'stats': {'messages_processed': 3808, 'alerts_generated': 0, 'alerts_by_type': {}, 'uptime': 741.0831129550934, 'errors': 0}}
2026-09-26 13:46:00,612 - drone_ids.main - INFO - Status: {'state': 'running', 'detectors': 6, 'stats': {'messages_processed': 1773, 'alerts_generated': 0, 'alerts_by_type': {}, 'uptime': 749.0809180736542, 'errors': 0}}
2026-09-26 13:46:00,635 - drone_ids.main - INFO - Status: {'state': 'running', 'detectors': 6, 'stats': {'messages_processed': 4024, 'alerts_generated': 0, 'alerts_by_type': {}, 'uptime': 723.0997853279114, 'errors': 0}}
2026-09-26 13:46:00,636 - drone_ids.main - INFO - Status: {'state': 'running', 'detectors': 6, 'stats': {'messages_processed': 34844, 'alerts_generated': 22, 'alerts_by_type': {'mavlink_sequence_gap': 8, 'mavlink_rate_anomaly': 14}, 'uptime': 699.1020748615265, 'errors': 0}}
2026-09-26 13:46:01,531 - drone_ids.engine - INFO - Stats: msgs=1773, rate=2.4/s, alerts=0, errors=0
2026-09-26 13:46:09,338 - drone_ids.engine - INFO - Stats: msgs=3808, rate=5.1/s, alerts=0, errors=0
2026-09-26 13:46:21,136 - drone_ids.engine - INFO - Stats: msgs=37122, rate=51.6/s, alerts=22, errors=0
2026-09-26 13:46:27,554 - drone_ids.engine - INFO - Stats: msgs=4024, rate=5.4/s, alerts=0, errors=0
2026-09-26 13:46:30,616 - drone_ids.main - INFO - Status: {'state': 'running', 'detectors': 6, 'stats': {'messages_processed': 1773, 'alerts_generated': 0, 'alerts_by_type': {}, 'uptime': 779.0842530727386, 'errors': 0}}
2026-09-26 13:46:30,616 - drone_ids.main - INFO - Status: {'state': 'running', 'detectors': 6, 'stats': {'messages_processed': 3808, 'alerts_generated': 0, 'alerts_by_type': {}, 'uptime': 771.0868663787842, 'errors': 0}}
2026-09-26 13:46:30,639 - drone_ids.main - INFO - Status: {'state': 'running', 'detectors': 6, 'stats': {'messages_processed': 4024, 'alerts_generated': 0, 'alerts_by_type': {}, 'uptime': 753.1033148765564, 'errors': 0}}
2026-09-26 13:46:30,641 - drone_ids.main - INFO - Status: {'state': 'running', 'detectors': 6, 'stats': {'messages_processed': 38178, 'alerts_generated': 22, 'alerts_by_type': {'mavlink_sequence_gap': 8, 'mavlink_rate_anomaly': 14}, 'uptime': 729.1066563129425, 'errors': 0}}
2026-09-26 13:46:31,560 - drone_ids.engine - INFO - Stats: msgs=1773, rate=2.3/s, alerts=0, errors=0
2026-09-26 13:46:39,366 - drone_ids.engine - INFO - Stats: msgs=3808, rate=4.9/s, alerts=0, errors=0
2026-09-26 13:46:48,426 - drone_ids.main - INFO - Initializing Drone IDS...
2026-09-26 13:46:48,430 - drone_ids.engine - INFO - Added detector: GPSSpoofingDetector
2026-09-26 13:46:48,431 - drone_ids.main - INFO - Registered: GPSSpoofingDetector
2026-09-26 13:46:48,431 - drone_ids.engine - INFO - Added detector: MAVLinkAnomalyDetector
2026-09-26 13:46:48,431 - drone_ids.main - INFO - Registered: MAVLinkAnomalyDetector
2026-09-26 13:46:48,431 - drone_ids.engine - INFO - Added detector: CommandInjectionDetector
2026-09-26 13:46:48,431 - drone_ids.main - INFO - Registered: CommandInjectionDetector
2026-09-26 13:46:48,431 - drone_ids.engine - INFO - Added detector: TelemetryManipulationDetector
2026-09-26 13:46:48,431 - drone_ids.main - INFO - Registered: TelemetryManipulationDetector
2026-09-26 13:46:48,431 - drone_ids.engine - INFO - Added detector: DoSDetector
2026-09-26 13:46:48,431 - drone_ids.main - INFO - Registered: DoSDetector
2026-09-26 13:46:48,431 - drone_ids.engine - INFO - Added detector: FirmwareIntegrityDetector
2026-09-26 13:46:48,431 - drone_ids.main - INFO - Registered: FirmwareIntegrityDetector
2026-09-26 13:46:48,431 - drone_ids.alert_manager - INFO - Alert Manager started
2026-09-26 13:46:48,431 - drone_ids.main - INFO - Connecting to SITL on UDP 14550...
2026-09-26 13:46:48,431 - drone_ids.mavlink - INFO - Connecting to udp:127.0.0.1:14550...
2026-09-26 13:46:48,431 - drone_ids.mavlink - INFO - Waiting for heartbeat...
2026-09-26 13:46:48,642 - drone_ids.mavlink - INFO - Connected to system 1
2026-09-26 13:46:48,644 - drone_ids.main - INFO - Requested stream 0 at 10Hz
2026-09-26 13:46:48,645 - drone_ids.main - INFO - Requested stream 5 at 10Hz
2026-09-26 13:46:48,645 - drone_ids.main - INFO - Requested stream 2 at 5Hz
2026-09-26 13:46:48,645 - drone_ids.main - INFO - Starting Drone IDS...
2026-09-26 13:46:48,645 - drone_ids.detector.GPSSpoofingDetector - INFO - GPS Spoofing Detector initialized
2026-09-26 13:46:48,645 - drone_ids.engine - INFO - Initialized detector: GPSSpoofingDetector
2026-09-26 13:46:48,645 - drone_ids.detector.MAVLinkAnomalyDetector - INFO - MAVLink Anomaly Detector initialized
2026-09-26 13:46:48,645 - drone_ids.engine - INFO - Initialized detector: MAVLinkAnomalyDetector
2026-09-26 13:46:48,645 - drone_ids.detector.CommandInjectionDetector - INFO - Command Injection Detector initialized
2026-09-26 13:46:48,645 - drone_ids.engine - INFO - Initialized detector: CommandInjectionDetector
2026-09-26 13:46:48,645 - drone_ids.detector.TelemetryManipulationDetector - INFO - Telemetry Manipulation Detector initialized
2026-09-26 13:46:48,645 - drone_ids.engine - INFO - Initialized detector: TelemetryManipulationDetector
2026-09-26 13:46:48,645 - drone_ids.detector.DoSDetector - INFO - DoS Detector initialized
2026-09-26 13:46:48,645 - drone_ids.engine - INFO - Initialized detector: DoSDetector
2026-09-26 13:46:48,646 - drone_ids.detector.FirmwareIntegrityDetector - INFO - Firmware Integrity Detector initialized
2026-09-26 13:46:48,646 - drone_ids.engine - INFO - Initialized detector: FirmwareIntegrityDetector
2026-09-26 13:46:48,646 - drone_ids.engine - INFO - IDS Engine started
2026-09-26 13:46:48,646 - drone_ids.main - INFO - Running indefinitely (Ctrl+C to stop)...
2026-09-26 13:46:51,168 - drone_ids.engine - INFO - Stats: msgs=40151, rate=53.6/s, alerts=22, errors=0
2026-09-26 13:46:57,582 - drone_ids.engine - INFO - Stats: msgs=4024, rate=5.2/s, alerts=0, errors=0
2026-09-26 13:47:00,620 - drone_ids.main - INFO - Status: {'state': 'running', 'detectors': 6, 'stats': {'messages_processed': 3808, 'alerts_generated': 0, 'alerts_by_type': {}, 'uptime': 801.090478181839, 'errors': 0}}
2026-09-26 13:47:00,620 - drone_ids.main - INFO - Status: {'state': 'running', 'detectors': 6, 'stats': {'messages_processed': 1773, 'alerts_generated': 0, 'alerts_by_type': {}, 'uptime': 809.0881583690643, 'errors': 0}}
2026-09-26 13:47:00,642 - drone_ids.main - INFO - Status: {'state': 'running', 'detectors': 6, 'stats': {'messages_processed': 4024, 'alerts_generated': 0, 'alerts_by_type': {}, 'uptime': 783.1069040298462, 'errors': 0}}
2026-09-26 13:47:00,645 - drone_ids.main - INFO - Status: {'state': 'running', 'detectors': 6, 'stats': {'messages_processed': 40151, 'alerts_generated': 22, 'alerts_by_type': {'mavlink_sequence_gap': 8, 'mavlink_rate_anomaly': 14}, 'uptime': 759.1105008125305, 'errors': 0}}
2026-09-26 13:47:00,647 - drone_ids.main - INFO - Status: {'state': 'running', 'detectors': 6, 'stats': {'messages_processed': 1139, 'alerts_generated': 0, 'alerts_by_type': {}, 'uptime': 12.001736879348755, 'errors': 0}}
2026-09-26 13:47:01,587 - drone_ids.engine - INFO - Stats: msgs=1773, rate=2.2/s, alerts=0, errors=0
2026-09-26 13:47:06,773 - drone_ids.detector.MAVLinkAnomalyDetector - WARNING - ALERT [WARNING] mavlink_sequence_gap: MAVLink sequence gap: 91 (sys=1, comp=1, type=AHRS)
2026-09-26 13:47:09,394 - drone_ids.engine - INFO - Stats: msgs=3808, rate=4.7/s, alerts=0, errors=0
2026-09-26 13:47:18,033 - drone_ids.detector.MAVLinkAnomalyDetector - WARNING - ALERT [WARNING] mavlink_sequence_gap: MAVLink sequence gap: 211 (sys=1, comp=1, type=NAV_CONTROLLER_OUTPUT)
2026-09-26 13:47:18,282 - drone_ids.detector.MAVLinkAnomalyDetector - WARNING - ALERT [WARNING] mavlink_rate_anomaly: MAVLink rate anomaly NAV_CONTROLLER_OUTPUT: 8.0/s (baseline: 4.0/s, z=11.9)
2026-09-26 13:47:19,650 - drone_ids.detector.MAVLinkAnomalyDetector - WARNING - ALERT [WARNING] mavlink_rate_anomaly: MAVLink rate anomaly HEARTBEAT: 2.0/s (baseline: 1.0/s, z=6.8)
2026-09-26 13:47:21,196 - drone_ids.engine - INFO - Stats: msgs=40504, rate=52.0/s, alerts=25, errors=0
2026-09-26 13:47:23,578 - drone_ids.main - INFO - Initializing Drone IDS...
2026-09-26 13:47:23,583 - drone_ids.engine - INFO - Added detector: GPSSpoofingDetector
2026-09-26 13:47:23,583 - drone_ids.main - INFO - Registered: GPSSpoofingDetector
2026-09-26 13:47:23,583 - drone_ids.engine - INFO - Added detector: MAVLinkAnomalyDetector
2026-09-26 13:47:23,583 - drone_ids.main - INFO - Registered: MAVLinkAnomalyDetector
2026-09-26 13:47:23,583 - drone_ids.engine - INFO - Added detector: CommandInjectionDetector
2026-09-26 13:47:23,583 - drone_ids.main - INFO - Registered: CommandInjectionDetector
2026-09-26 13:47:23,583 - drone_ids.engine - INFO - Added detector: TelemetryManipulationDetector
2026-09-26 13:47:23,583 - drone_ids.main - INFO - Registered: TelemetryManipulationDetector
2026-09-26 13:47:23,583 - drone_ids.engine - INFO - Added detector: DoSDetector
2026-09-26 13:47:23,583 - drone_ids.main - INFO - Registered: DoSDetector
2026-09-26 13:47:23,583 - drone_ids.engine - INFO - Added detector: FirmwareIntegrityDetector
2026-09-26 13:47:23,583 - drone_ids.main - INFO - Registered: FirmwareIntegrityDetector
2026-09-26 13:47:23,583 - drone_ids.alert_manager - INFO - Alert Manager started
2026-09-26 13:47:23,583 - drone_ids.main - INFO - Connecting to SITL on UDP 14550...
2026-09-26 13:47:23,583 - drone_ids.mavlink - INFO - Connecting to udp:127.0.0.1:14550...
2026-09-26 13:47:23,583 - drone_ids.mavlink - INFO - Waiting for heartbeat...
2026-09-26 13:47:23,668 - drone_ids.mavlink - INFO - Connected to system 1
2026-09-26 13:47:23,668 - drone_ids.main - INFO - Requested stream 0 at 10Hz
2026-09-26 13:47:23,668 - drone_ids.main - INFO - Requested stream 5 at 10Hz
2026-09-26 13:47:23,668 - drone_ids.main - INFO - Requested stream 2 at 5Hz
2026-09-26 13:47:23,668 - drone_ids.main - INFO - Starting Drone IDS...
2026-09-26 13:47:23,668 - drone_ids.detector.GPSSpoofingDetector - INFO - GPS Spoofing Detector initialized
2026-09-26 13:47:23,668 - drone_ids.engine - INFO - Initialized detector: GPSSpoofingDetector
2026-09-26 13:47:23,668 - drone_ids.detector.MAVLinkAnomalyDetector - INFO - MAVLink Anomaly Detector initialized
2026-09-26 13:47:23,668 - drone_ids.engine - INFO - Initialized detector: MAVLinkAnomalyDetector
2026-09-26 13:47:23,668 - drone_ids.detector.CommandInjectionDetector - INFO - Command Injection Detector initialized
2026-09-26 13:47:23,668 - drone_ids.engine - INFO - Initialized detector: CommandInjectionDetector
2026-09-26 13:47:23,668 - drone_ids.detector.TelemetryManipulationDetector - INFO - Telemetry Manipulation Detector initialized
2026-09-26 13:47:23,668 - drone_ids.engine - INFO - Initialized detector: TelemetryManipulationDetector
2026-09-26 13:47:23,668 - drone_ids.detector.DoSDetector - INFO - DoS Detector initialized
2026-09-26 13:47:23,668 - drone_ids.engine - INFO - Initialized detector: DoSDetector
2026-09-26 13:47:23,668 - drone_ids.detector.FirmwareIntegrityDetector - INFO - Firmware Integrity Detector initialized
2026-09-26 13:47:23,668 - drone_ids.engine - INFO - Initialized detector: FirmwareIntegrityDetector
2026-09-26 13:47:23,669 - drone_ids.engine - INFO - IDS Engine started
2026-09-26 13:47:23,669 - drone_ids.main - INFO - Running indefinitely (Ctrl+C to stop)...
2026-09-26 13:47:27,613 - drone_ids.engine - INFO - Stats: msgs=4024, rate=5.0/s, alerts=0, errors=0
2026-09-26 13:47:30,623 - drone_ids.main - INFO - Status: {'state': 'running', 'detectors': 6, 'stats': {'messages_processed': 1773, 'alerts_generated': 0, 'alerts_by_type': {}, 'uptime': 839.0915117263794, 'errors': 0}}
2026-09-26 13:47:30,623 - drone_ids.main - INFO - Status: {'state': 'running', 'detectors': 6, 'stats': {'messages_processed': 3808, 'alerts_generated': 0, 'alerts_by_type': {}, 'uptime': 831.0941052436829, 'errors': 0}}
2026-09-26 13:47:30,646 - drone_ids.main - INFO - Status: {'state': 'running', 'detectors': 6, 'stats': {'messages_processed': 4024, 'alerts_generated': 0, 'alerts_by_type': {}, 'uptime': 813.1106357574463, 'errors': 0}}
2026-09-26 13:47:30,649 - drone_ids.main - INFO - Status: {'state': 'running', 'detectors': 6, 'stats': {'messages_processed': 40780, 'alerts_generated': 25, 'alerts_by_type': {'mavlink_sequence_gap': 9, 'mavlink_rate_anomaly': 16}, 'uptime': 789.1141173839569, 'errors': 0}}
2026-09-26 13:47:30,669 - drone_ids.main - INFO - Status: {'state': 'running', 'detectors': 6, 'stats': {'messages_processed': 618, 'alerts_generated': 0, 'alerts_by_type': {}, 'uptime': 7.000925064086914, 'errors': 0}}
2026-09-26 13:47:31,617 - drone_ids.engine - INFO - Stats: msgs=1773, rate=2.1/s, alerts=0, errors=0
2026-09-26 13:47:39,422 - drone_ids.engine - INFO - Stats: msgs=3808, rate=4.5/s, alerts=0, errors=0
2026-09-26 13:47:41,794 - drone_ids.detector.MAVLinkAnomalyDetector - WARNING - ALERT [WARNING] mavlink_sequence_gap: MAVLink sequence gap: 208 (sys=1, comp=1, type=AHRS)
2026-09-26 13:47:51,228 - drone_ids.engine - INFO - Stats: msgs=40780, rate=50.4/s, alerts=25, errors=0
2026-09-26 13:47:53,296 - drone_ids.detector.MAVLinkAnomalyDetector - WARNING - ALERT [WARNING] mavlink_sequence_gap: MAVLink sequence gap: 56 (sys=1, comp=1, type=AHRS)
2026-09-26 13:47:53,549 - drone_ids.detector.MAVLinkAnomalyDetector - WARNING - ALERT [WARNING] mavlink_rate_anomaly: MAVLink rate anomaly AHRS: 7.9/s (baseline: 4.1/s, z=3.6)
2026-09-26 13:47:54,654 - drone_ids.detector.MAVLinkAnomalyDetector - WARNING - ALERT [WARNING] mavlink_rate_anomaly: MAVLink rate anomaly HEARTBEAT: 2.0/s (baseline: 1.0/s, z=6.9)
2026-09-26 13:47:55,654 - drone_ids.detector.MAVLinkAnomalyDetector - WARNING - ALERT [WARNING] mavlink_rate_anomaly: MAVLink rate anomaly HEARTBEAT: 1.5/s (baseline: 1.0/s, z=3.5)
2026-09-26 13:47:56,235 - drone_ids.main - INFO - Initializing Drone IDS...
2026-09-26 13:47:56,239 - drone_ids.engine - INFO - Added detector: GPSSpoofingDetector
2026-09-26 13:47:56,239 - drone_ids.main - INFO - Registered: GPSSpoofingDetector
2026-09-26 13:47:56,239 - drone_ids.engine - INFO - Added detector: MAVLinkAnomalyDetector
2026-09-26 13:47:56,239 - drone_ids.main - INFO - Registered: MAVLinkAnomalyDetector
2026-09-26 13:47:56,239 - drone_ids.engine - INFO - Added detector: CommandInjectionDetector
2026-09-26 13:47:56,239 - drone_ids.main - INFO - Registered: CommandInjectionDetector
2026-09-26 13:47:56,239 - drone_ids.engine - INFO - Added detector: TelemetryManipulationDetector
2026-09-26 13:47:56,239 - drone_ids.main - INFO - Registered: TelemetryManipulationDetector
2026-09-26 13:47:56,239 - drone_ids.engine - INFO - Added detector: DoSDetector
2026-09-26 13:47:56,239 - drone_ids.main - INFO - Registered: DoSDetector
2026-09-26 13:47:56,239 - drone_ids.engine - INFO - Added detector: FirmwareIntegrityDetector
2026-09-26 13:47:56,239 - drone_ids.main - INFO - Registered: FirmwareIntegrityDetector
2026-09-26 13:47:56,240 - drone_ids.alert_manager - INFO - Alert Manager started
2026-09-26 13:47:56,240 - drone_ids.main - INFO - Connecting to SITL on UDP 14550...
2026-09-26 13:47:56,240 - drone_ids.mavlink - INFO - Connecting to udp:127.0.0.1:14550...
2026-09-26 13:47:56,240 - drone_ids.mavlink - INFO - Waiting for heartbeat...
2026-09-26 13:47:56,655 - drone_ids.mavlink - INFO - Connected to system 1
2026-09-26 13:47:56,656 - drone_ids.main - INFO - Requested stream 0 at 10Hz
2026-09-26 13:47:56,656 - drone_ids.main - INFO - Requested stream 5 at 10Hz
2026-09-26 13:47:56,656 - drone_ids.main - INFO - Requested stream 2 at 5Hz
2026-09-26 13:47:56,656 - drone_ids.main - INFO - Starting Drone IDS...
2026-09-26 13:47:56,656 - drone_ids.detector.GPSSpoofingDetector - INFO - GPS Spoofing Detector initialized
2026-09-26 13:47:56,656 - drone_ids.engine - INFO - Initialized detector: GPSSpoofingDetector
2026-09-26 13:47:56,657 - drone_ids.detector.MAVLinkAnomalyDetector - INFO - MAVLink Anomaly Detector initialized
2026-09-26 13:47:56,657 - drone_ids.engine - INFO - Initialized detector: MAVLinkAnomalyDetector
2026-09-26 13:47:56,657 - drone_ids.detector.CommandInjectionDetector - INFO - Command Injection Detector initialized
2026-09-26 13:47:56,657 - drone_ids.engine - INFO - Initialized detector: CommandInjectionDetector
2026-09-26 13:47:56,657 - drone_ids.detector.TelemetryManipulationDetector - INFO - Telemetry Manipulation Detector initialized
2026-09-26 13:47:56,657 - drone_ids.engine - INFO - Initialized detector: TelemetryManipulationDetector
2026-09-26 13:47:56,657 - drone_ids.detector.DoSDetector - INFO - DoS Detector initialized
2026-09-26 13:47:56,657 - drone_ids.engine - INFO - Initialized detector: DoSDetector
2026-09-26 13:47:56,657 - drone_ids.detector.FirmwareIntegrityDetector - INFO - Firmware Integrity Detector initialized
2026-09-26 13:47:56,657 - drone_ids.engine - INFO - Initialized detector: FirmwareIntegrityDetector
2026-09-26 13:47:56,657 - drone_ids.engine - INFO - IDS Engine started
2026-09-26 13:47:56,657 - drone_ids.main - INFO - Running indefinitely (Ctrl+C to stop)...
2026-09-26 13:47:57,643 - drone_ids.engine - INFO - Stats: msgs=4024, rate=4.8/s, alerts=0, errors=0
2026-09-26 13:48:00,626 - drone_ids.main - INFO - Status: {'state': 'running', 'detectors': 6, 'stats': {'messages_processed': 3808, 'alerts_generated': 0, 'alerts_by_type': {}, 'uptime': 861.0973711013794, 'errors': 0}}
2026-09-26 13:48:00,627 - drone_ids.main - INFO - Status: {'state': 'running', 'detectors': 6, 'stats': {'messages_processed': 1773, 'alerts_generated': 0, 'alerts_by_type': {}, 'uptime': 869.0952200889587, 'errors': 0}}
2026-09-26 13:48:00,649 - drone_ids.main - INFO - Status: {'state': 'running', 'detectors': 6, 'stats': {'messages_processed': 4024, 'alerts_generated': 0, 'alerts_by_type': {}, 'uptime': 843.1142106056213, 'errors': 0}}
2026-09-26 13:48:00,652 - drone_ids.main - INFO - Status: {'state': 'running', 'detectors': 6, 'stats': {'messages_processed': 41114, 'alerts_generated': 29, 'alerts_by_type': {'mavlink_sequence_gap': 10, 'mavlink_rate_anomaly': 19}, 'uptime': 819.1175980567932, 'errors': 0}}
2026-09-26 13:48:00,658 - drone_ids.main - INFO - Status: {'state': 'running', 'detectors': 6, 'stats': {'messages_processed': 946, 'alerts_generated': 0, 'alerts_by_type': {}, 'uptime': 4.001032829284668, 'errors': 0}}
2026-09-26 13:48:01,645 - drone_ids.engine - INFO - Stats: msgs=1773, rate=2.0/s, alerts=0, errors=0
2026-09-26 13:48:04,712 - drone_ids.main - INFO - Initializing Drone IDS...
2026-09-26 13:48:04,716 - drone_ids.engine - INFO - Added detector: GPSSpoofingDetector
2026-09-26 13:48:04,716 - drone_ids.main - INFO - Registered: GPSSpoofingDetector
2026-09-26 13:48:04,716 - drone_ids.engine - INFO - Added detector: MAVLinkAnomalyDetector
2026-09-26 13:48:04,716 - drone_ids.main - INFO - Registered: MAVLinkAnomalyDetector
2026-09-26 13:48:04,716 - drone_ids.engine - INFO - Added detector: CommandInjectionDetector
2026-09-26 13:48:04,716 - drone_ids.main - INFO - Registered: CommandInjectionDetector
2026-09-26 13:48:04,716 - drone_ids.engine - INFO - Added detector: TelemetryManipulationDetector
2026-09-26 13:48:04,716 - drone_ids.main - INFO - Registered: TelemetryManipulationDetector
2026-09-26 13:48:04,716 - drone_ids.engine - INFO - Added detector: DoSDetector
2026-09-26 13:48:04,716 - drone_ids.main - INFO - Registered: DoSDetector
2026-09-26 13:48:04,716 - drone_ids.engine - INFO - Added detector: FirmwareIntegrityDetector
2026-09-26 13:48:04,716 - drone_ids.main - INFO - Registered: FirmwareIntegrityDetector
2026-09-26 13:48:04,716 - drone_ids.alert_manager - INFO - Alert Manager started
2026-09-26 13:48:04,716 - drone_ids.main - INFO - Connecting to SITL on UDP 14550...
2026-09-26 13:48:04,716 - drone_ids.mavlink - INFO - Connecting to udp:127.0.0.1:14550...
2026-09-26 13:48:04,717 - drone_ids.mavlink - INFO - Waiting for heartbeat...
2026-09-26 13:48:05,658 - drone_ids.mavlink - INFO - Connected to system 1
2026-09-26 13:48:05,660 - drone_ids.main - INFO - Requested stream 0 at 10Hz
2026-09-26 13:48:05,661 - drone_ids.main - INFO - Requested stream 5 at 10Hz
2026-09-26 13:48:05,661 - drone_ids.main - INFO - Requested stream 2 at 5Hz
2026-09-26 13:48:05,661 - drone_ids.main - INFO - Starting Drone IDS...
2026-09-26 13:48:05,662 - drone_ids.detector.GPSSpoofingDetector - INFO - GPS Spoofing Detector initialized
2026-09-26 13:48:05,662 - drone_ids.engine - INFO - Initialized detector: GPSSpoofingDetector
2026-09-26 13:48:05,662 - drone_ids.detector.MAVLinkAnomalyDetector - INFO - MAVLink Anomaly Detector initialized
2026-09-26 13:48:05,662 - drone_ids.engine - INFO - Initialized detector: MAVLinkAnomalyDetector
2026-09-26 13:48:05,662 - drone_ids.detector.CommandInjectionDetector - INFO - Command Injection Detector initialized
2026-09-26 13:48:05,663 - drone_ids.engine - INFO - Initialized detector: CommandInjectionDetector
2026-09-26 13:48:05,663 - drone_ids.detector.TelemetryManipulationDetector - INFO - Telemetry Manipulation Detector initialized
2026-09-26 13:48:05,663 - drone_ids.engine - INFO - Initialized detector: TelemetryManipulationDetector
2026-09-26 13:48:05,663 - drone_ids.detector.DoSDetector - INFO - DoS Detector initialized
2026-09-26 13:48:05,664 - drone_ids.engine - INFO - Initialized detector: DoSDetector
2026-09-26 13:48:05,664 - drone_ids.detector.FirmwareIntegrityDetector - INFO - Firmware Integrity Detector initialized
2026-09-26 13:48:05,664 - drone_ids.engine - INFO - Initialized detector: FirmwareIntegrityDetector
2026-09-26 13:48:05,665 - drone_ids.engine - INFO - IDS Engine started
2026-09-26 13:48:05,666 - drone_ids.main - INFO - Running indefinitely (Ctrl+C to stop)...
2026-09-26 13:48:09,451 - drone_ids.engine - INFO - Stats: msgs=3808, rate=4.4/s, alerts=0, errors=0
2026-09-26 13:48:21,256 - drone_ids.engine - INFO - Stats: msgs=41114, rate=49.0/s, alerts=29, errors=0
2026-09-26 13:48:23,808 - drone_ids.detector.MAVLinkAnomalyDetector - WARNING - ALERT [WARNING] mavlink_sequence_gap: MAVLink sequence gap: 60 (sys=1, comp=1, type=AHRS)
2026-09-26 13:48:26,087 - drone_ids.engine - INFO - Stats: msgs=1947, rate=66.2/s, alerts=0, errors=0
2026-09-26 13:48:27,671 - drone_ids.engine - INFO - Stats: msgs=4024, rate=4.6/s, alerts=0, errors=0
2026-09-26 13:48:30,630 - drone_ids.main - INFO - Status: {'state': 'running', 'detectors': 6, 'stats': {'messages_processed': 1773, 'alerts_generated': 0, 'alerts_by_type': {}, 'uptime': 899.0986347198486, 'errors': 0}}
2026-09-26 13:48:30,630 - drone_ids.main - INFO - Status: {'state': 'running', 'detectors': 6, 'stats': {'messages_processed': 3808, 'alerts_generated': 0, 'alerts_by_type': {}, 'uptime': 891.1011939048767, 'errors': 0}}
2026-09-26 13:48:30,653 - drone_ids.main - INFO - Status: {'state': 'running', 'detectors': 6, 'stats': {'messages_processed': 4024, 'alerts_generated': 0, 'alerts_by_type': {}, 'uptime': 873.1176822185516, 'errors': 0}}
2026-09-26 13:48:30,655 - drone_ids.main - INFO - Status: {'state': 'running', 'detectors': 6, 'stats': {'messages_processed': 41114, 'alerts_generated': 29, 'alerts_by_type': {'mavlink_sequence_gap': 10, 'mavlink_rate_anomaly': 19}, 'uptime': 849.120924949646, 'errors': 0}}
2026-09-26 13:48:30,661 - drone_ids.main - INFO - Status: {'state': 'running', 'detectors': 6, 'stats': {'messages_processed': 1947, 'alerts_generated': 0, 'alerts_by_type': {}, 'uptime': 34.00405716896057, 'errors': 0}}
2026-09-26 13:48:30,668 - drone_ids.main - INFO - Status: {'state': 'running', 'detectors': 6, 'stats': {'messages_processed': 1709, 'alerts_generated': 1, 'alerts_by_type': {'mavlink_sequence_gap': 1}, 'uptime': 25.004212617874146, 'errors': 0}}
2026-09-26 13:48:31,673 - drone_ids.engine - INFO - Stats: msgs=1773, rate=2.0/s, alerts=0, errors=0
2026-09-26 13:48:34,307 - drone_ids.detector.MAVLinkAnomalyDetector - WARNING - ALERT [WARNING] mavlink_sequence_gap: MAVLink sequence gap: 70 (sys=1, comp=1, type=AHRS)
2026-09-26 13:48:38,018 - drone_ids.main - INFO - Signal 15, shutting down...
2026-09-26 13:48:38,019 - drone_ids.main - INFO - Signal 15, shutting down...
2026-09-26 13:48:38,019 - drone_ids.main - INFO - Signal 15, shutting down...
2026-09-26 13:48:38,018 - drone_ids.main - INFO - Signal 15, shutting down...
2026-09-26 13:48:38,019 - drone_ids.main - INFO - Signal 15, shutting down...
2026-09-26 13:48:38,631 - drone_ids.main - INFO - Shutting down...
2026-09-26 13:48:38,631 - drone_ids.main - INFO - Shutting down...
2026-09-26 13:48:38,632 - drone_ids.detector.GPSSpoofingDetector - INFO - GPS Spoofing Detector shutdown
2026-09-26 13:48:38,632 - drone_ids.detector.MAVLinkAnomalyDetector - INFO - MAVLink Anomaly Detector shutdown
2026-09-26 13:48:38,632 - drone_ids.detector.CommandInjectionDetector - INFO - Command Injection Detector shutdown
2026-09-26 13:48:38,632 - drone_ids.detector.TelemetryManipulationDetector - INFO - Telemetry Manipulation Detector shutdown
2026-09-26 13:48:38,632 - drone_ids.detector.GPSSpoofingDetector - INFO - GPS Spoofing Detector shutdown
2026-09-26 13:48:38,632 - drone_ids.detector.DoSDetector - INFO - DoS Detector shutdown
2026-09-26 13:48:38,632 - drone_ids.detector.FirmwareIntegrityDetector - INFO - Firmware Integrity Detector shutdown
2026-09-26 13:48:38,632 - drone_ids.detector.MAVLinkAnomalyDetector - INFO - MAVLink Anomaly Detector shutdown
2026-09-26 13:48:38,632 - drone_ids.detector.CommandInjectionDetector - INFO - Command Injection Detector shutdown
2026-09-26 13:48:38,632 - drone_ids.detector.TelemetryManipulationDetector - INFO - Telemetry Manipulation Detector shutdown
2026-09-26 13:48:38,632 - drone_ids.detector.DoSDetector - INFO - DoS Detector shutdown
2026-09-26 13:48:38,633 - drone_ids.detector.FirmwareIntegrityDetector - INFO - Firmware Integrity Detector shutdown
2026-09-26 13:48:38,654 - drone_ids.main - INFO - Shutting down...
2026-09-26 13:48:38,654 - drone_ids.detector.GPSSpoofingDetector - INFO - GPS Spoofing Detector shutdown
2026-09-26 13:48:38,654 - drone_ids.detector.MAVLinkAnomalyDetector - INFO - MAVLink Anomaly Detector shutdown
2026-09-26 13:48:38,654 - drone_ids.detector.CommandInjectionDetector - INFO - Command Injection Detector shutdown
2026-09-26 13:48:38,654 - drone_ids.detector.TelemetryManipulationDetector - INFO - Telemetry Manipulation Detector shutdown
2026-09-26 13:48:38,654 - drone_ids.detector.DoSDetector - INFO - DoS Detector shutdown
2026-09-26 13:48:38,654 - drone_ids.detector.FirmwareIntegrityDetector - INFO - Firmware Integrity Detector shutdown
2026-09-26 13:48:38,656 - drone_ids.main - INFO - Shutting down...
2026-09-26 13:48:38,657 - drone_ids.detector.GPSSpoofingDetector - INFO - GPS Spoofing Detector shutdown
2026-09-26 13:48:38,657 - drone_ids.detector.MAVLinkAnomalyDetector - INFO - MAVLink Anomaly Detector shutdown
2026-09-26 13:48:38,657 - drone_ids.detector.CommandInjectionDetector - INFO - Command Injection Detector shutdown
2026-09-26 13:48:38,657 - drone_ids.detector.TelemetryManipulationDetector - INFO - Telemetry Manipulation Detector shutdown
2026-09-26 13:48:38,657 - drone_ids.detector.DoSDetector - INFO - DoS Detector shutdown
2026-09-26 13:48:38,657 - drone_ids.detector.FirmwareIntegrityDetector - INFO - Firmware Integrity Detector shutdown
2026-09-26 13:48:38,662 - drone_ids.main - INFO - Shutting down...
2026-09-26 13:48:38,662 - drone_ids.detector.GPSSpoofingDetector - INFO - GPS Spoofing Detector shutdown
2026-09-26 13:48:38,662 - drone_ids.detector.MAVLinkAnomalyDetector - INFO - MAVLink Anomaly Detector shutdown
2026-09-26 13:48:38,662 - drone_ids.detector.CommandInjectionDetector - INFO - Command Injection Detector shutdown
2026-09-26 13:48:38,662 - drone_ids.detector.TelemetryManipulationDetector - INFO - Telemetry Manipulation Detector shutdown
2026-09-26 13:48:38,662 - drone_ids.detector.DoSDetector - INFO - DoS Detector shutdown
2026-09-26 13:48:38,663 - drone_ids.detector.FirmwareIntegrityDetector - INFO - Firmware Integrity Detector shutdown
2026-09-26 13:48:38,673 - drone_ids.engine - INFO - IDS Engine stopped
2026-09-26 13:48:38,678 - drone_ids.engine - INFO - IDS Engine stopped
2026-09-26 13:48:38,679 - drone_ids.engine - INFO - IDS Engine stopped
2026-09-26 13:48:38,682 - drone_ids.engine - INFO - IDS Engine stopped
2026-09-26 13:48:38,699 - drone_ids.engine - INFO - IDS Engine stopped
2026-09-26 13:48:38,982 - drone_ids.alert_manager - INFO - Alert Manager stopped
2026-09-26 13:48:39,150 - drone_ids.alert_manager - INFO - Alert Manager stopped
2026-09-26 13:48:39,166 - drone_ids.alert_manager - INFO - Alert Manager stopped
2026-09-26 13:48:39,308 - drone_ids.alert_manager - INFO - Alert Manager stopped
2026-09-26 13:48:39,661 - drone_ids.alert_manager - INFO - Alert Manager stopped
2026-09-26 13:48:39,667 - drone_ids.mavlink - INFO - Disconnected
2026-09-26 13:48:39,667 - drone_ids.main - INFO - Shutdown complete
2026-09-26 13:48:39,765 - drone_ids.mavlink - INFO - Disconnected
2026-09-26 13:48:39,765 - drone_ids.mavlink - INFO - Disconnected
2026-09-26 13:48:39,765 - drone_ids.main - INFO - Shutdown complete
2026-09-26 13:48:39,765 - drone_ids.main - INFO - Shutdown complete
2026-09-26 13:48:39,810 - drone_ids.detector.MAVLinkAnomalyDetector - WARNING - ALERT [WARNING] mavlink_sequence_gap: MAVLink sequence gap: 123 (sys=1, comp=1, type=AHRS)
2026-09-26 13:48:39,810 - drone_ids.mavlink - INFO - Disconnected
2026-09-26 13:48:39,810 - drone_ids.main - INFO - Shutdown complete
2026-09-26 13:48:39,810 - drone_ids.detector.MAVLinkAnomalyDetector - WARNING - ALERT [WARNING] mavlink_sequence_gap: MAVLink sequence gap: 77 (sys=1, comp=1, type=ATTITUDE)
2026-09-26 13:48:39,810 - drone_ids.mavlink - INFO - Disconnected
2026-09-26 13:48:39,811 - drone_ids.main - INFO - Shutdown complete
2026-09-26 13:48:40,959 - drone_ids.main - INFO - Initializing Drone IDS...
2026-09-26 13:48:40,964 - drone_ids.engine - INFO - Added detector: GPSSpoofingDetector
2026-09-26 13:48:40,964 - drone_ids.main - INFO - Registered: GPSSpoofingDetector
2026-09-26 13:48:40,964 - drone_ids.engine - INFO - Added detector: MAVLinkAnomalyDetector
2026-09-26 13:48:40,964 - drone_ids.main - INFO - Registered: MAVLinkAnomalyDetector
2026-09-26 13:48:40,964 - drone_ids.engine - INFO - Added detector: CommandInjectionDetector
2026-09-26 13:48:40,964 - drone_ids.main - INFO - Registered: CommandInjectionDetector
2026-09-26 13:48:40,964 - drone_ids.engine - INFO - Added detector: TelemetryManipulationDetector
2026-09-26 13:48:40,964 - drone_ids.main - INFO - Registered: TelemetryManipulationDetector
2026-09-26 13:48:40,964 - drone_ids.engine - INFO - Added detector: DoSDetector
2026-09-26 13:48:40,964 - drone_ids.main - INFO - Registered: DoSDetector
2026-09-26 13:48:40,964 - drone_ids.engine - INFO - Added detector: FirmwareIntegrityDetector
2026-09-26 13:48:40,964 - drone_ids.main - INFO - Registered: FirmwareIntegrityDetector
2026-09-26 13:48:40,964 - drone_ids.alert_manager - INFO - Alert Manager started
2026-09-26 13:48:40,964 - drone_ids.main - INFO - Connecting to SITL on UDP 14550...
2026-09-26 13:48:40,964 - drone_ids.mavlink - INFO - Connecting to udp:127.0.0.1:14550...
2026-09-26 13:48:40,964 - drone_ids.mavlink - INFO - Waiting for heartbeat...
2026-09-26 13:48:41,660 - drone_ids.mavlink - INFO - Connected to system 1
2026-09-26 13:48:41,662 - drone_ids.main - INFO - Requested stream 0 at 10Hz
2026-09-26 13:48:41,662 - drone_ids.main - INFO - Requested stream 5 at 10Hz
2026-09-26 13:48:41,662 - drone_ids.main - INFO - Requested stream 2 at 5Hz
2026-09-26 13:48:41,662 - drone_ids.main - INFO - Starting Drone IDS...
2026-09-26 13:48:41,662 - drone_ids.detector.GPSSpoofingDetector - INFO - GPS Spoofing Detector initialized
2026-09-26 13:48:41,662 - drone_ids.engine - INFO - Initialized detector: GPSSpoofingDetector
2026-09-26 13:48:41,663 - drone_ids.detector.MAVLinkAnomalyDetector - INFO - MAVLink Anomaly Detector initialized
2026-09-26 13:48:41,663 - drone_ids.engine - INFO - Initialized detector: MAVLinkAnomalyDetector
2026-09-26 13:48:41,663 - drone_ids.detector.CommandInjectionDetector - INFO - Command Injection Detector initialized
2026-09-26 13:48:41,663 - drone_ids.engine - INFO - Initialized detector: CommandInjectionDetector
2026-09-26 13:48:41,663 - drone_ids.detector.TelemetryManipulationDetector - INFO - Telemetry Manipulation Detector initialized
2026-09-26 13:48:41,663 - drone_ids.engine - INFO - Initialized detector: TelemetryManipulationDetector
2026-09-26 13:48:41,663 - drone_ids.detector.DoSDetector - INFO - DoS Detector initialized
2026-09-26 13:48:41,663 - drone_ids.engine - INFO - Initialized detector: DoSDetector
2026-09-26 13:48:41,663 - drone_ids.detector.FirmwareIntegrityDetector - INFO - Firmware Integrity Detector initialized
2026-09-26 13:48:41,663 - drone_ids.engine - INFO - Initialized detector: FirmwareIntegrityDetector
2026-09-26 13:48:41,664 - drone_ids.engine - INFO - IDS Engine started
2026-09-26 13:48:41,664 - drone_ids.main - INFO - Running indefinitely (Ctrl+C to stop)...
2026-09-26 13:48:47,362 - drone_ids.main - INFO - Initializing Drone IDS...
2026-09-26 13:48:47,366 - drone_ids.engine - INFO - Added detector: GPSSpoofingDetector
2026-09-26 13:48:47,366 - drone_ids.main - INFO - Registered: GPSSpoofingDetector
2026-09-26 13:48:47,366 - drone_ids.engine - INFO - Added detector: MAVLinkAnomalyDetector
2026-09-26 13:48:47,367 - drone_ids.main - INFO - Registered: MAVLinkAnomalyDetector
2026-09-26 13:48:47,367 - drone_ids.engine - INFO - Added detector: CommandInjectionDetector
2026-09-26 13:48:47,367 - drone_ids.main - INFO - Registered: CommandInjectionDetector
2026-09-26 13:48:47,367 - drone_ids.engine - INFO - Added detector: TelemetryManipulationDetector
2026-09-26 13:48:47,367 - drone_ids.main - INFO - Registered: TelemetryManipulationDetector
2026-09-26 13:48:47,367 - drone_ids.engine - INFO - Added detector: DoSDetector
2026-09-26 13:48:47,367 - drone_ids.main - INFO - Registered: DoSDetector
2026-09-26 13:48:47,367 - drone_ids.engine - INFO - Added detector: FirmwareIntegrityDetector
2026-09-26 13:48:47,367 - drone_ids.main - INFO - Registered: FirmwareIntegrityDetector
2026-09-26 13:48:47,367 - drone_ids.alert_manager - INFO - Alert Manager started
2026-09-26 13:48:47,367 - drone_ids.main - INFO - Connecting to SITL on UDP 14550...
2026-09-26 13:48:47,367 - drone_ids.mavlink - INFO - Connecting to udp:127.0.0.1:14550...
2026-09-26 13:48:47,367 - drone_ids.mavlink - INFO - Waiting for heartbeat...
2026-09-26 13:48:47,661 - drone_ids.mavlink - INFO - Connected to system 1
2026-09-26 13:48:47,663 - drone_ids.main - INFO - Requested stream 0 at 10Hz
2026-09-26 13:48:47,663 - drone_ids.main - INFO - Requested stream 5 at 10Hz
2026-09-26 13:48:47,664 - drone_ids.main - INFO - Requested stream 2 at 5Hz
2026-09-26 13:48:47,664 - drone_ids.main - INFO - Starting Drone IDS...
2026-09-26 13:48:47,664 - drone_ids.detector.GPSSpoofingDetector - INFO - GPS Spoofing Detector initialized
2026-09-26 13:48:47,664 - drone_ids.engine - INFO - Initialized detector: GPSSpoofingDetector
2026-09-26 13:48:47,664 - drone_ids.detector.MAVLinkAnomalyDetector - INFO - MAVLink Anomaly Detector initialized
2026-09-26 13:48:47,664 - drone_ids.engine - INFO - Initialized detector: MAVLinkAnomalyDetector
2026-09-26 13:48:47,664 - drone_ids.detector.CommandInjectionDetector - INFO - Command Injection Detector initialized
2026-09-26 13:48:47,665 - drone_ids.engine - INFO - Initialized detector: CommandInjectionDetector
2026-09-26 13:48:47,665 - drone_ids.detector.TelemetryManipulationDetector - INFO - Telemetry Manipulation Detector initialized
2026-09-26 13:48:47,665 - drone_ids.engine - INFO - Initialized detector: TelemetryManipulationDetector
2026-09-26 13:48:47,665 - drone_ids.detector.DoSDetector - INFO - DoS Detector initialized
2026-09-26 13:48:47,665 - drone_ids.engine - INFO - Initialized detector: DoSDetector
2026-09-26 13:48:47,665 - drone_ids.detector.FirmwareIntegrityDetector - INFO - Firmware Integrity Detector initialized
2026-09-26 13:48:47,665 - drone_ids.engine - INFO - Initialized detector: FirmwareIntegrityDetector
2026-09-26 13:48:47,665 - drone_ids.engine - INFO - IDS Engine started
2026-09-26 13:48:47,665 - drone_ids.main - INFO - Running indefinitely (Ctrl+C to stop)...
2026-09-26 13:49:00,666 - drone_ids.main - INFO - Status: {'state': 'running', 'detectors': 6, 'stats': {'messages_processed': 1362, 'alerts_generated': 0, 'alerts_by_type': {}, 'uptime': 19.002787351608276, 'errors': 0}}
2026-09-26 13:49:00,667 - drone_ids.main - INFO - Status: {'state': 'running', 'detectors': 6, 'stats': {'messages_processed': 659, 'alerts_generated': 0, 'alerts_by_type': {}, 'uptime': 13.001782417297363, 'errors': 0}}
2026-09-26 13:49:03,669 - drone_ids.detector.MAVLinkAnomalyDetector - WARNING - ALERT [WARNING] mavlink_sequence_gap: MAVLink sequence gap: 249 (sys=1, comp=1, type=FLIGHT_INFORMATION)
2026-09-26 13:49:10,792 - drone_ids.engine - INFO - Stats: msgs=1362, rate=46.8/s, alerts=0, errors=0
2026-09-26 13:49:13,745 - drone_ids.main - INFO - Signal 15, shutting down...
2026-09-26 13:49:13,745 - drone_ids.main - INFO - Signal 15, shutting down...
2026-09-26 13:49:14,668 - drone_ids.main - INFO - Shutting down...
2026-09-26 13:49:14,668 - drone_ids.detector.GPSSpoofingDetector - INFO - GPS Spoofing Detector shutdown
2026-09-26 13:49:14,668 - drone_ids.detector.MAVLinkAnomalyDetector - INFO - MAVLink Anomaly Detector shutdown
2026-09-26 13:49:14,668 - drone_ids.detector.CommandInjectionDetector - INFO - Command Injection Detector shutdown
2026-09-26 13:49:14,668 - drone_ids.detector.TelemetryManipulationDetector - INFO - Telemetry Manipulation Detector shutdown
2026-09-26 13:49:14,668 - drone_ids.detector.DoSDetector - INFO - DoS Detector shutdown
2026-09-26 13:49:14,668 - drone_ids.detector.FirmwareIntegrityDetector - INFO - Firmware Integrity Detector shutdown
2026-09-26 13:49:14,669 - drone_ids.main - INFO - Shutting down...
2026-09-26 13:49:14,669 - drone_ids.detector.GPSSpoofingDetector - INFO - GPS Spoofing Detector shutdown
2026-09-26 13:49:14,669 - drone_ids.detector.MAVLinkAnomalyDetector - INFO - MAVLink Anomaly Detector shutdown
2026-09-26 13:49:14,669 - drone_ids.detector.CommandInjectionDetector - INFO - Command Injection Detector shutdown
2026-09-26 13:49:14,669 - drone_ids.detector.TelemetryManipulationDetector - INFO - Telemetry Manipulation Detector shutdown
2026-09-26 13:49:14,669 - drone_ids.detector.DoSDetector - INFO - DoS Detector shutdown
2026-09-26 13:49:14,669 - drone_ids.detector.FirmwareIntegrityDetector - INFO - Firmware Integrity Detector shutdown
2026-09-26 13:49:14,694 - drone_ids.engine - INFO - IDS Engine stopped
2026-09-26 13:49:14,696 - drone_ids.engine - INFO - IDS Engine stopped
2026-09-26 13:49:14,970 - drone_ids.alert_manager - INFO - Alert Manager stopped
2026-09-26 13:49:15,671 - drone_ids.mavlink - INFO - Disconnected
2026-09-26 13:49:15,672 - drone_ids.main - INFO - Shutdown complete
2026-09-26 13:49:15,672 - drone_ids.alert_manager - INFO - Alert Manager stopped
2026-09-26 13:49:16,671 - drone_ids.mavlink - INFO - Disconnected
2026-09-26 13:49:16,672 - drone_ids.main - INFO - Shutdown complete
2026-09-26 13:52:31,574 - drone_ids.main - INFO - Initializing Drone IDS...
2026-09-26 13:52:31,578 - drone_ids.engine - INFO - Added detector: GPSSpoofingDetector
2026-09-26 13:52:31,578 - drone_ids.main - INFO - Registered: GPSSpoofingDetector
2026-09-26 13:52:31,578 - drone_ids.engine - INFO - Added detector: MAVLinkAnomalyDetector
2026-09-26 13:52:31,578 - drone_ids.main - INFO - Registered: MAVLinkAnomalyDetector
2026-09-26 13:52:31,578 - drone_ids.engine - INFO - Added detector: CommandInjectionDetector
2026-09-26 13:52:31,578 - drone_ids.main - INFO - Registered: CommandInjectionDetector
2026-09-26 13:52:31,578 - drone_ids.engine - INFO - Added detector: TelemetryManipulationDetector
2026-09-26 13:52:31,578 - drone_ids.main - INFO - Registered: TelemetryManipulationDetector
2026-09-26 13:52:31,578 - drone_ids.engine - INFO - Added detector: DoSDetector
2026-09-26 13:52:31,578 - drone_ids.main - INFO - Registered: DoSDetector
2026-09-26 13:52:31,578 - drone_ids.engine - INFO - Added detector: FirmwareIntegrityDetector
2026-09-26 13:52:31,578 - drone_ids.main - INFO - Registered: FirmwareIntegrityDetector
2026-09-26 13:52:31,578 - drone_ids.alert_manager - INFO - Alert Manager started
2026-09-26 13:52:31,578 - drone_ids.main - INFO - Connecting to SITL on UDP 14550...
2026-09-26 13:52:31,578 - drone_ids.mavlink - INFO - Connecting to udp:127.0.0.1:14550...
2026-09-26 13:52:31,578 - drone_ids.mavlink - INFO - Waiting for heartbeat...
2026-09-26 13:52:31,699 - drone_ids.mavlink - INFO - Connected to system 1
2026-09-26 13:52:31,700 - drone_ids.main - INFO - Requested stream 0 at 10Hz
2026-09-26 13:52:31,701 - drone_ids.main - INFO - Requested stream 5 at 10Hz
2026-09-26 13:52:31,701 - drone_ids.main - INFO - Requested stream 2 at 5Hz
2026-09-26 13:52:31,701 - drone_ids.main - INFO - Starting Drone IDS...
2026-09-26 13:52:31,701 - drone_ids.detector.GPSSpoofingDetector - INFO - GPS Spoofing Detector initialized
2026-09-26 13:52:31,701 - drone_ids.engine - INFO - Initialized detector: GPSSpoofingDetector
2026-09-26 13:52:31,701 - drone_ids.detector.MAVLinkAnomalyDetector - INFO - MAVLink Anomaly Detector initialized
2026-09-26 13:52:31,701 - drone_ids.engine - INFO - Initialized detector: MAVLinkAnomalyDetector
2026-09-26 13:52:31,701 - drone_ids.detector.CommandInjectionDetector - INFO - Command Injection Detector initialized
2026-09-26 13:52:31,701 - drone_ids.engine - INFO - Initialized detector: CommandInjectionDetector
2026-09-26 13:52:31,701 - drone_ids.detector.TelemetryManipulationDetector - INFO - Telemetry Manipulation Detector initialized
2026-09-26 13:52:31,701 - drone_ids.engine - INFO - Initialized detector: TelemetryManipulationDetector
2026-09-26 13:52:31,701 - drone_ids.detector.DoSDetector - INFO - DoS Detector initialized
2026-09-26 13:52:31,702 - drone_ids.engine - INFO - Initialized detector: DoSDetector
2026-09-26 13:52:31,702 - drone_ids.detector.FirmwareIntegrityDetector - INFO - Firmware Integrity Detector initialized
2026-09-26 13:52:31,702 - drone_ids.engine - INFO - Initialized detector: FirmwareIntegrityDetector
2026-09-26 13:52:31,702 - drone_ids.engine - INFO - IDS Engine started
2026-09-26 13:52:31,702 - drone_ids.main - INFO - Running indefinitely (Ctrl+C to stop)...
2026-09-26 13:52:47,925 - drone_ids.detector.MAVLinkAnomalyDetector - WARNING - ALERT [WARNING] mavlink_sequence_gap: MAVLink sequence gap: 225 (sys=1, comp=1, type=AHRS)
2026-09-26 13:53:00,706 - drone_ids.main - INFO - Status: {'state': 'running', 'detectors': 6, 'stats': {'messages_processed': 1999, 'alerts_generated': 1, 'alerts_by_type': {'mavlink_sequence_gap': 1}, 'uptime': 29.004048109054565, 'errors': 0}}
2026-09-26 13:53:01,432 - drone_ids.engine - INFO - Stats: msgs=2064, rate=69.4/s, alerts=1, errors=0
2026-09-26 13:53:30,710 - drone_ids.main - INFO - Status: {'state': 'running', 'detectors': 6, 'stats': {'messages_processed': 5333, 'alerts_generated': 1, 'alerts_by_type': {'mavlink_sequence_gap': 1}, 'uptime': 59.00832676887512, 'errors': 0}}
2026-09-26 13:53:31,463 - drone_ids.engine - INFO - Stats: msgs=5416, rate=90.6/s, alerts=1, errors=0
2026-09-26 13:54:00,714 - drone_ids.main - INFO - Status: {'state': 'running', 'detectors': 6, 'stats': {'messages_processed': 8668, 'alerts_generated': 1, 'alerts_by_type': {'mavlink_sequence_gap': 1}, 'uptime': 89.01180958747864, 'errors': 0}}
2026-09-26 13:54:01,493 - drone_ids.engine - INFO - Stats: msgs=8750, rate=97.4/s, alerts=1, errors=0
2026-09-26 13:54:11,988 - drone_ids.main - INFO - Signal 2, shutting down...
2026-09-26 13:54:12,715 - drone_ids.main - INFO - Shutting down...
2026-09-26 13:54:12,716 - drone_ids.detector.GPSSpoofingDetector - INFO - GPS Spoofing Detector shutdown
2026-09-26 13:54:12,716 - drone_ids.detector.MAVLinkAnomalyDetector - INFO - MAVLink Anomaly Detector shutdown
2026-09-26 13:54:12,716 - drone_ids.detector.CommandInjectionDetector - INFO - Command Injection Detector shutdown
2026-09-26 13:54:12,716 - drone_ids.detector.TelemetryManipulationDetector - INFO - Telemetry Manipulation Detector shutdown
2026-09-26 13:54:12,716 - drone_ids.detector.DoSDetector - INFO - DoS Detector shutdown
2026-09-26 13:54:12,716 - drone_ids.detector.FirmwareIntegrityDetector - INFO - Firmware Integrity Detector shutdown
2026-09-26 13:54:12,804 - drone_ids.engine - INFO - IDS Engine stopped
2026-09-26 13:54:12,942 - drone_ids.alert_manager - INFO - Alert Manager stopped
2026-09-26 13:54:13,727 - drone_ids.mavlink - INFO - Disconnected
2026-09-26 13:54:13,727 - drone_ids.main - INFO - Shutdown complete
2026-09-26 13:55:22,073 - drone_ids.main - INFO - Initializing Drone IDS...
2026-09-26 13:55:22,078 - drone_ids.engine - INFO - Added detector: GPSSpoofingDetector
2026-09-26 13:55:22,078 - drone_ids.main - INFO - Registered: GPSSpoofingDetector
2026-09-26 13:55:22,078 - drone_ids.engine - INFO - Added detector: MAVLinkAnomalyDetector
2026-09-26 13:55:22,078 - drone_ids.main - INFO - Registered: MAVLinkAnomalyDetector
2026-09-26 13:55:22,078 - drone_ids.engine - INFO - Added detector: CommandInjectionDetector
2026-09-26 13:55:22,078 - drone_ids.main - INFO - Registered: CommandInjectionDetector
2026-09-26 13:55:22,078 - drone_ids.engine - INFO - Added detector: TelemetryManipulationDetector
2026-09-26 13:55:22,078 - drone_ids.main - INFO - Registered: TelemetryManipulationDetector
2026-09-26 13:55:22,078 - drone_ids.engine - INFO - Added detector: DoSDetector
2026-09-26 13:55:22,078 - drone_ids.main - INFO - Registered: DoSDetector
2026-09-26 13:55:22,078 - drone_ids.engine - INFO - Added detector: FirmwareIntegrityDetector
2026-09-26 13:55:22,078 - drone_ids.main - INFO - Registered: FirmwareIntegrityDetector
2026-09-26 13:55:22,078 - drone_ids.alert_manager - INFO - Alert Manager started
2026-09-26 13:55:22,078 - drone_ids.main - INFO - Connecting to SITL on UDP 14550...
2026-09-26 13:55:22,078 - drone_ids.mavlink - INFO - Connecting to udp:127.0.0.1:14550...
2026-09-26 13:55:22,078 - drone_ids.mavlink - INFO - Waiting for heartbeat...
2026-09-26 13:55:22,724 - drone_ids.mavlink - INFO - Connected to system 1
2026-09-26 13:55:22,725 - drone_ids.main - INFO - Requested stream 0 at 10Hz
2026-09-26 13:55:22,725 - drone_ids.main - INFO - Requested stream 5 at 10Hz
2026-09-26 13:55:22,725 - drone_ids.main - INFO - Requested stream 2 at 5Hz
2026-09-26 13:55:22,725 - drone_ids.main - INFO - Starting Drone IDS...
2026-09-26 13:55:22,725 - drone_ids.detector.GPSSpoofingDetector - INFO - GPS Spoofing Detector initialized
2026-09-26 13:55:22,725 - drone_ids.engine - INFO - Initialized detector: GPSSpoofingDetector
2026-09-26 13:55:22,725 - drone_ids.detector.MAVLinkAnomalyDetector - INFO - MAVLink Anomaly Detector initialized
2026-09-26 13:55:22,725 - drone_ids.engine - INFO - Initialized detector: MAVLinkAnomalyDetector
2026-09-26 13:55:22,725 - drone_ids.detector.CommandInjectionDetector - INFO - Command Injection Detector initialized
2026-09-26 13:55:22,725 - drone_ids.engine - INFO - Initialized detector: CommandInjectionDetector
2026-09-26 13:55:22,725 - drone_ids.detector.TelemetryManipulationDetector - INFO - Telemetry Manipulation Detector initialized
2026-09-26 13:55:22,725 - drone_ids.engine - INFO - Initialized detector: TelemetryManipulationDetector
2026-09-26 13:55:22,725 - drone_ids.detector.DoSDetector - INFO - DoS Detector initialized
2026-09-26 13:55:22,725 - drone_ids.engine - INFO - Initialized detector: DoSDetector
2026-09-26 13:55:22,725 - drone_ids.detector.FirmwareIntegrityDetector - INFO - Firmware Integrity Detector initialized
2026-09-26 13:55:22,725 - drone_ids.engine - INFO - Initialized detector: FirmwareIntegrityDetector
2026-09-26 13:55:22,726 - drone_ids.engine - INFO - IDS Engine started
2026-09-26 13:55:22,726 - drone_ids.main - INFO - Running indefinitely (Ctrl+C to stop)...
2026-09-26 13:55:30,727 - drone_ids.main - INFO - Status: {'state': 'running', 'detectors': 6, 'stats': {'messages_processed': 467, 'alerts_generated': 0, 'alerts_by_type': {}, 'uptime': 8.001514673233032, 'errors': 0}}
2026-09-26 13:55:48,792 - drone_ids.main - INFO - Signal 15, shutting down...
2026-09-26 13:55:49,729 - drone_ids.main - INFO - Shutting down...
2026-09-26 13:55:49,729 - drone_ids.detector.GPSSpoofingDetector - INFO - GPS Spoofing Detector shutdown
2026-09-26 13:55:49,730 - drone_ids.detector.MAVLinkAnomalyDetector - INFO - MAVLink Anomaly Detector shutdown
2026-09-26 13:55:49,730 - drone_ids.detector.CommandInjectionDetector - INFO - Command Injection Detector shutdown
2026-09-26 13:55:49,730 - drone_ids.detector.TelemetryManipulationDetector - INFO - Telemetry Manipulation Detector shutdown
2026-09-26 13:55:49,730 - drone_ids.detector.DoSDetector - INFO - DoS Detector shutdown
2026-09-26 13:55:49,730 - drone_ids.detector.FirmwareIntegrityDetector - INFO - Firmware Integrity Detector shutdown
2026-09-26 13:55:49,753 - drone_ids.engine - INFO - IDS Engine stopped
2026-09-26 13:55:50,082 - drone_ids.alert_manager - INFO - Alert Manager stopped
2026-09-26 13:55:50,732 - drone_ids.mavlink - INFO - Disconnected
2026-09-26 13:55:50,732 - drone_ids.main - INFO - Shutdown complete
2026-09-26 13:56:52,540 - drone_ids.main - INFO - Initializing Drone IDS...
2026-09-26 13:56:52,544 - drone_ids.engine - INFO - Added detector: GPSSpoofingDetector
2026-09-26 13:56:52,544 - drone_ids.main - INFO - Registered: GPSSpoofingDetector
2026-09-26 13:56:52,544 - drone_ids.engine - INFO - Added detector: MAVLinkAnomalyDetector
2026-09-26 13:56:52,544 - drone_ids.main - INFO - Registered: MAVLinkAnomalyDetector
2026-09-26 13:56:52,544 - drone_ids.engine - INFO - Added detector: CommandInjectionDetector
2026-09-26 13:56:52,544 - drone_ids.main - INFO - Registered: CommandInjectionDetector
2026-09-26 13:56:52,544 - drone_ids.engine - INFO - Added detector: TelemetryManipulationDetector
2026-09-26 13:56:52,544 - drone_ids.main - INFO - Registered: TelemetryManipulationDetector
2026-09-26 13:56:52,544 - drone_ids.engine - INFO - Added detector: DoSDetector
2026-09-26 13:56:52,544 - drone_ids.main - INFO - Registered: DoSDetector
2026-09-26 13:56:52,544 - drone_ids.engine - INFO - Added detector: FirmwareIntegrityDetector
2026-09-26 13:56:52,544 - drone_ids.main - INFO - Registered: FirmwareIntegrityDetector
2026-09-26 13:56:52,544 - drone_ids.alert_manager - INFO - Alert Manager started
2026-09-26 13:56:52,544 - drone_ids.main - INFO - Connecting to SITL on UDP 14550...
2026-09-26 13:56:52,544 - drone_ids.mavlink - INFO - Connecting to udp:127.0.0.1:14550...
2026-09-26 13:56:52,544 - drone_ids.mavlink - INFO - Waiting for heartbeat...
2026-09-26 13:56:52,763 - drone_ids.mavlink - INFO - Connected to system 1
2026-09-26 13:56:52,764 - drone_ids.main - INFO - Requested stream 0 at 10Hz
2026-09-26 13:56:52,765 - drone_ids.main - INFO - Requested stream 5 at 10Hz
2026-09-26 13:56:52,765 - drone_ids.main - INFO - Requested stream 2 at 5Hz
2026-09-26 13:56:52,765 - drone_ids.main - INFO - Starting Drone IDS...
2026-09-26 13:56:52,766 - drone_ids.detector.GPSSpoofingDetector - INFO - GPS Spoofing Detector initialized
2026-09-26 13:56:52,766 - drone_ids.engine - INFO - Initialized detector: GPSSpoofingDetector
2026-09-26 13:56:52,766 - drone_ids.detector.MAVLinkAnomalyDetector - INFO - MAVLink Anomaly Detector initialized
2026-09-26 13:56:52,766 - drone_ids.engine - INFO - Initialized detector: MAVLinkAnomalyDetector
2026-09-26 13:56:52,766 - drone_ids.detector.CommandInjectionDetector - INFO - Command Injection Detector initialized
2026-09-26 13:56:52,766 - drone_ids.engine - INFO - Initialized detector: CommandInjectionDetector
2026-09-26 13:56:52,766 - drone_ids.detector.TelemetryManipulationDetector - INFO - Telemetry Manipulation Detector initialized
2026-09-26 13:56:52,766 - drone_ids.engine - INFO - Initialized detector: TelemetryManipulationDetector
2026-09-26 13:56:52,766 - drone_ids.detector.DoSDetector - INFO - DoS Detector initialized
2026-09-26 13:56:52,766 - drone_ids.engine - INFO - Initialized detector: DoSDetector
2026-09-26 13:56:52,766 - drone_ids.detector.FirmwareIntegrityDetector - INFO - Firmware Integrity Detector initialized
2026-09-26 13:56:52,766 - drone_ids.engine - INFO - Initialized detector: FirmwareIntegrityDetector
2026-09-26 13:56:52,766 - drone_ids.engine - INFO - IDS Engine started
2026-09-26 13:56:52,766 - drone_ids.main - INFO - Running indefinitely (Ctrl+C to stop)...
2026-09-26 13:57:00,767 - drone_ids.main - INFO - Status: {'state': 'running', 'detectors': 6, 'stats': {'messages_processed': 1106, 'alerts_generated': 0, 'alerts_by_type': {}, 'uptime': 8.000816106796265, 'errors': 0}}
2026-09-26 13:57:14,785 - drone_ids.detector.MAVLinkAnomalyDetector - WARNING - ALERT [WARNING] mavlink_sequence_gap: MAVLink sequence gap: 235 (sys=1, comp=1, type=AHRS)
2026-09-26 13:57:22,393 - drone_ids.engine - INFO - Stats: msgs=2048, rate=69.1/s, alerts=1, errors=0
2026-09-26 13:57:30,770 - drone_ids.main - INFO - Status: {'state': 'running', 'detectors': 6, 'stats': {'messages_processed': 2966, 'alerts_generated': 1, 'alerts_by_type': {'mavlink_sequence_gap': 1}, 'uptime': 38.00466299057007, 'errors': 0}}
2026-09-26 13:57:52,423 - drone_ids.engine - INFO - Stats: msgs=5382, rate=90.2/s, alerts=1, errors=0
2026-09-26 13:58:00,774 - drone_ids.main - INFO - Status: {'state': 'running', 'detectors': 6, 'stats': {'messages_processed': 6300, 'alerts_generated': 1, 'alerts_by_type': {'mavlink_sequence_gap': 1}, 'uptime': 68.00833940505981, 'errors': 0}}
2026-09-26 13:58:22,453 - drone_ids.engine - INFO - Stats: msgs=8716, rate=97.2/s, alerts=1, errors=0
2026-09-26 13:58:30,778 - drone_ids.main - INFO - Status: {'state': 'running', 'detectors': 6, 'stats': {'messages_processed': 9634, 'alerts_generated': 1, 'alerts_by_type': {'mavlink_sequence_gap': 1}, 'uptime': 98.01202511787415, 'errors': 0}}
2026-09-26 13:58:52,480 - drone_ids.engine - INFO - Stats: msgs=12049, rate=100.6/s, alerts=1, errors=0
2026-09-26 13:59:00,782 - drone_ids.main - INFO - Status: {'state': 'running', 'detectors': 6, 'stats': {'messages_processed': 12968, 'alerts_generated': 1, 'alerts_by_type': {'mavlink_sequence_gap': 1}, 'uptime': 128.01604461669922, 'errors': 0}}
2026-09-26 13:59:22,509 - drone_ids.engine - INFO - Stats: msgs=15383, rate=102.7/s, alerts=1, errors=0
2026-09-26 13:59:30,785 - drone_ids.main - INFO - Status: {'state': 'running', 'detectors': 6, 'stats': {'messages_processed': 16302, 'alerts_generated': 1, 'alerts_by_type': {'mavlink_sequence_gap': 1}, 'uptime': 158.019348859787, 'errors': 0}}
2026-09-26 13:59:52,540 - drone_ids.engine - INFO - Stats: msgs=18717, rate=104.1/s, alerts=1, errors=0
2026-09-26 14:00:00,788 - drone_ids.main - INFO - Status: {'state': 'running', 'detectors': 6, 'stats': {'messages_processed': 19636, 'alerts_generated': 1, 'alerts_by_type': {'mavlink_sequence_gap': 1}, 'uptime': 188.02240681648254, 'errors': 0}}
2026-09-26 14:08:51,515 - drone_ids.main - INFO - Initializing Drone IDS...
2026-09-26 14:08:51,521 - drone_ids.engine - INFO - Added detector: GPSSpoofingDetector
2026-09-26 14:08:51,521 - drone_ids.main - INFO - Registered: GPSSpoofingDetector
2026-09-26 14:08:51,521 - drone_ids.engine - INFO - Added detector: MAVLinkAnomalyDetector
2026-09-26 14:08:51,521 - drone_ids.main - INFO - Registered: MAVLinkAnomalyDetector
2026-09-26 14:08:51,521 - drone_ids.engine - INFO - Added detector: CommandInjectionDetector
2026-09-26 14:08:51,521 - drone_ids.main - INFO - Registered: CommandInjectionDetector
2026-09-26 14:08:51,522 - drone_ids.engine - INFO - Added detector: TelemetryManipulationDetector
2026-09-26 14:08:51,522 - drone_ids.main - INFO - Registered: TelemetryManipulationDetector
2026-09-26 14:08:51,522 - drone_ids.engine - INFO - Added detector: DoSDetector
2026-09-26 14:08:51,522 - drone_ids.main - INFO - Registered: DoSDetector
2026-09-26 14:08:51,522 - drone_ids.engine - INFO - Added detector: FirmwareIntegrityDetector
2026-09-26 14:08:51,522 - drone_ids.main - INFO - Registered: FirmwareIntegrityDetector
2026-09-26 14:08:51,522 - drone_ids.alert_manager - INFO - Alert Manager started
2026-09-26 14:08:51,522 - drone_ids.main - INFO - Connecting to SITL on UDP 14550...
2026-09-26 14:08:51,522 - drone_ids.mavlink - INFO - Connecting to udp:127.0.0.1:14550...
2026-09-26 14:08:51,522 - drone_ids.mavlink - INFO - Waiting for heartbeat...
2026-09-26 14:08:52,052 - drone_ids.mavlink - INFO - Connected to system 1
2026-09-26 14:08:52,054 - drone_ids.main - INFO - Requested stream 0 at 10Hz
2026-09-26 14:08:52,054 - drone_ids.main - INFO - Requested stream 5 at 10Hz
2026-09-26 14:08:52,054 - drone_ids.main - INFO - Requested stream 2 at 5Hz
2026-09-26 14:08:52,055 - drone_ids.main - INFO - Starting Drone IDS...
2026-09-26 14:08:52,055 - drone_ids.detector.GPSSpoofingDetector - INFO - GPS Spoofing Detector initialized
2026-09-26 14:08:52,055 - drone_ids.engine - INFO - Initialized detector: GPSSpoofingDetector
2026-09-26 14:08:52,055 - drone_ids.detector.MAVLinkAnomalyDetector - INFO - MAVLink Anomaly Detector initialized
2026-09-26 14:08:52,055 - drone_ids.engine - INFO - Initialized detector: MAVLinkAnomalyDetector
2026-09-26 14:08:52,055 - drone_ids.detector.CommandInjectionDetector - INFO - Command Injection Detector initialized
2026-09-26 14:08:52,055 - drone_ids.engine - INFO - Initialized detector: CommandInjectionDetector
2026-09-26 14:08:52,055 - drone_ids.detector.TelemetryManipulationDetector - INFO - Telemetry Manipulation Detector initialized
2026-09-26 14:08:52,056 - drone_ids.engine - INFO - Initialized detector: TelemetryManipulationDetector
2026-09-26 14:08:52,056 - drone_ids.detector.DoSDetector - INFO - DoS Detector initialized
2026-09-26 14:08:52,056 - drone_ids.engine - INFO - Initialized detector: DoSDetector
2026-09-26 14:08:52,056 - drone_ids.detector.FirmwareIntegrityDetector - INFO - Firmware Integrity Detector initialized
2026-09-26 14:08:52,056 - drone_ids.engine - INFO - Initialized detector: FirmwareIntegrityDetector
2026-09-26 14:08:52,057 - drone_ids.engine - INFO - IDS Engine started
2026-09-26 14:08:52,057 - drone_ids.main - INFO - Running indefinitely (Ctrl+C to stop)...
2026-09-26 14:08:52,261 - drone_ids.engine - ERROR - Detector GPSSpoofingDetector error: type object 'AlertSeverity' has no attribute 'MEDIUM'
2026-09-26 14:08:52,467 - drone_ids.engine - ERROR - Detector GPSSpoofingDetector error: type object 'AlertSeverity' has no attribute 'MEDIUM'
2026-09-26 14:08:52,675 - drone_ids.engine - ERROR - Detector GPSSpoofingDetector error: type object 'AlertSeverity' has no attribute 'MEDIUM'
2026-09-26 14:08:52,880 - drone_ids.engine - ERROR - Detector GPSSpoofingDetector error: type object 'AlertSeverity' has no attribute 'MEDIUM'
2026-09-26 14:08:53,066 - drone_ids.engine - ERROR - Detector GPSSpoofingDetector error: type object 'AlertSeverity' has no attribute 'MEDIUM'
2026-09-26 14:08:53,270 - drone_ids.engine - ERROR - Detector GPSSpoofingDetector error: type object 'AlertSeverity' has no attribute 'MEDIUM'
2026-09-26 14:08:53,474 - drone_ids.engine - ERROR - Detector GPSSpoofingDetector error: type object 'AlertSeverity' has no attribute 'MEDIUM'
2026-09-26 14:08:53,667 - drone_ids.engine - ERROR - Detector GPSSpoofingDetector error: type object 'AlertSeverity' has no attribute 'MEDIUM'
2026-09-26 14:08:53,875 - drone_ids.engine - ERROR - Detector GPSSpoofingDetector error: type object 'AlertSeverity' has no attribute 'MEDIUM'
2026-09-26 14:08:54,064 - drone_ids.engine - ERROR - Detector GPSSpoofingDetector error: type object 'AlertSeverity' has no attribute 'MEDIUM'
2026-09-26 14:08:54,258 - drone_ids.engine - ERROR - Detector GPSSpoofingDetector error: type object 'AlertSeverity' has no attribute 'MEDIUM'
2026-09-26 14:08:54,465 - drone_ids.engine - ERROR - Detector GPSSpoofingDetector error: type object 'AlertSeverity' has no attribute 'MEDIUM'
2026-09-26 14:08:54,675 - drone_ids.engine - ERROR - Detector GPSSpoofingDetector error: type object 'AlertSeverity' has no attribute 'MEDIUM'
2026-09-26 14:08:54,961 - drone_ids.engine - ERROR - Detector GPSSpoofingDetector error: type object 'AlertSeverity' has no attribute 'HIGH'
2026-09-26 14:08:55,063 - drone_ids.engine - ERROR - Detector GPSSpoofingDetector error: type object 'AlertSeverity' has no attribute 'HIGH'
2026-09-26 14:08:55,063 - drone_ids.engine - ERROR - Detector TelemetryManipulationDetector error: type object 'AlertSeverity' has no attribute 'HIGH'
2026-09-26 14:08:55,064 - drone_ids.engine - ERROR - Detector TelemetryManipulationDetector error: type object 'AlertSeverity' has no attribute 'MEDIUM'
2026-09-26 14:08:55,074 - drone_ids.detector.GPSSpoofingDetector - WARNING - ALERT [CRITICAL] gps_impossible_velocity: GPS velocity 404127.0 m/s exceeds maximum 100.0 m/s
2026-09-26 14:08:55,074 - drone_ids.detector.GPSSpoofingDetector - WARNING - ALERT [CRITICAL] gps_position_jump: GPS position jump 82929.3m in 0.2s (max: 50.0m)
2026-09-26 14:08:55,160 - drone_ids.engine - ERROR - Detector TelemetryManipulationDetector error: type object 'AlertSeverity' has no attribute 'HIGH'
2026-09-26 14:08:55,161 - drone_ids.engine - ERROR - Detector TelemetryManipulationDetector error: type object 'AlertSeverity' has no attribute 'MEDIUM'
2026-09-26 14:08:55,259 - drone_ids.engine - ERROR - Detector TelemetryManipulationDetector error: type object 'AlertSeverity' has no attribute 'HIGH'
2026-09-26 14:08:55,260 - drone_ids.engine - ERROR - Detector TelemetryManipulationDetector error: type object 'AlertSeverity' has no attribute 'MEDIUM'
2026-09-26 14:08:55,359 - drone_ids.engine - ERROR - Detector TelemetryManipulationDetector error: type object 'AlertSeverity' has no attribute 'HIGH'
2026-09-26 14:08:55,359 - drone_ids.engine - ERROR - Detector TelemetryManipulationDetector error: type object 'AlertSeverity' has no attribute 'MEDIUM'
2026-09-26 14:08:55,457 - drone_ids.engine - ERROR - Detector TelemetryManipulationDetector error: type object 'AlertSeverity' has no attribute 'HIGH'
2026-09-26 14:08:55,458 - drone_ids.engine - ERROR - Detector TelemetryManipulationDetector error: type object 'AlertSeverity' has no attribute 'MEDIUM'
2026-09-26 14:09:00,058 - drone_ids.main - INFO - Status: {'state': 'running', 'detectors': 6, 'stats': {'messages_processed': 763, 'alerts_generated': 2, 'alerts_by_type': {'gps_impossible_velocity': 1, 'gps_position_jump': 1}, 'uptime': 8.001739501953125, 'errors': 25}}
2026-09-26 14:09:09,138 - drone_ids.detector.MAVLinkAnomalyDetector - WARNING - ALERT [WARNING] mavlink_sequence_gap: MAVLink sequence gap: 193 (sys=1, comp=1, type=AHRS)
2026-09-26 14:09:09,142 - drone_ids.engine - ERROR - Detector TelemetryManipulationDetector error: type object 'AlertSeverity' has no attribute 'HIGH'
2026-09-26 14:09:09,142 - drone_ids.engine - ERROR - Detector TelemetryManipulationDetector error: type object 'AlertSeverity' has no attribute 'MEDIUM'
2026-09-26 14:09:09,393 - drone_ids.engine - ERROR - Detector TelemetryManipulationDetector error: type object 'AlertSeverity' has no attribute 'HIGH'
2026-09-26 14:09:09,394 - drone_ids.engine - ERROR - Detector TelemetryManipulationDetector error: type object 'AlertSeverity' has no attribute 'MEDIUM'
2026-09-26 14:09:09,641 - drone_ids.engine - ERROR - Detector TelemetryManipulationDetector error: type object 'AlertSeverity' has no attribute 'HIGH'
2026-09-26 14:09:09,641 - drone_ids.engine - ERROR - Detector TelemetryManipulationDetector error: type object 'AlertSeverity' has no attribute 'MEDIUM'
2026-09-26 14:09:09,892 - drone_ids.engine - ERROR - Detector TelemetryManipulationDetector error: type object 'AlertSeverity' has no attribute 'HIGH'
2026-09-26 14:09:09,892 - drone_ids.engine - ERROR - Detector TelemetryManipulationDetector error: type object 'AlertSeverity' has no attribute 'MEDIUM'
2026-09-26 14:09:10,139 - drone_ids.engine - ERROR - Detector TelemetryManipulationDetector error: type object 'AlertSeverity' has no attribute 'HIGH'
2026-09-26 14:09:10,140 - drone_ids.engine - ERROR - Detector TelemetryManipulationDetector error: type object 'AlertSeverity' has no attribute 'MEDIUM'
2026-09-26 14:09:10,391 - drone_ids.engine - ERROR - Detector TelemetryManipulationDetector error: type object 'AlertSeverity' has no attribute 'HIGH'
2026-09-26 14:09:10,392 - drone_ids.engine - ERROR - Detector TelemetryManipulationDetector error: type object 'AlertSeverity' has no attribute 'MEDIUM'
2026-09-26 14:09:10,639 - drone_ids.engine - ERROR - Detector TelemetryManipulationDetector error: type object 'AlertSeverity' has no attribute 'HIGH'
2026-09-26 14:09:10,639 - drone_ids.engine - ERROR - Detector TelemetryManipulationDetector error: type object 'AlertSeverity' has no attribute 'MEDIUM'
2026-09-26 14:09:10,887 - drone_ids.engine - ERROR - Detector TelemetryManipulationDetector error: type object 'AlertSeverity' has no attribute 'HIGH'
2026-09-26 14:09:10,887 - drone_ids.engine - ERROR - Detector TelemetryManipulationDetector error: type object 'AlertSeverity' has no attribute 'MEDIUM'
2026-09-26 14:09:11,141 - drone_ids.engine - ERROR - Detector TelemetryManipulationDetector error: type object 'AlertSeverity' has no attribute 'HIGH'
2026-09-26 14:09:11,141 - drone_ids.engine - ERROR - Detector TelemetryManipulationDetector error: type object 'AlertSeverity' has no attribute 'MEDIUM'
2026-09-26 14:09:11,385 - drone_ids.engine - ERROR - Detector TelemetryManipulationDetector error: type object 'AlertSeverity' has no attribute 'HIGH'
2026-09-26 14:09:11,385 - drone_ids.engine - ERROR - Detector TelemetryManipulationDetector error: type object 'AlertSeverity' has no attribute 'MEDIUM'
2026-09-26 14:09:11,638 - drone_ids.engine - ERROR - Detector TelemetryManipulationDetector error: type object 'AlertSeverity' has no attribute 'HIGH'
2026-09-26 14:09:11,639 - drone_ids.engine - ERROR - Detector TelemetryManipulationDetector error: type object 'AlertSeverity' has no attribute 'MEDIUM'
2026-09-26 14:09:11,888 - drone_ids.engine - ERROR - Detector TelemetryManipulationDetector error: type object 'AlertSeverity' has no attribute 'HIGH'
2026-09-26 14:09:11,888 - drone_ids.engine - ERROR - Detector TelemetryManipulationDetector error: type object 'AlertSeverity' has no attribute 'MEDIUM'
2026-09-26 14:09:12,139 - drone_ids.engine - ERROR - Detector TelemetryManipulationDetector error: type object 'AlertSeverity' has no attribute 'HIGH'
2026-09-26 14:09:12,139 - drone_ids.engine - ERROR - Detector TelemetryManipulationDetector error: type object 'AlertSeverity' has no attribute 'MEDIUM'
2026-09-26 14:09:12,390 - drone_ids.engine - ERROR - Detector TelemetryManipulationDetector error: type object 'AlertSeverity' has no attribute 'HIGH'
2026-09-26 14:09:12,390 - drone_ids.engine - ERROR - Detector TelemetryManipulationDetector error: type object 'AlertSeverity' has no attribute 'MEDIUM'
2026-09-26 14:09:12,636 - drone_ids.engine - ERROR - Detector TelemetryManipulationDetector error: type object 'AlertSeverity' has no attribute 'HIGH'
2026-09-26 14:09:12,637 - drone_ids.engine - ERROR - Detector TelemetryManipulationDetector error: type object 'AlertSeverity' has no attribute 'MEDIUM'
2026-09-26 14:09:12,887 - drone_ids.engine - ERROR - Detector TelemetryManipulationDetector error: type object 'AlertSeverity' has no attribute 'HIGH'
2026-09-26 14:09:12,888 - drone_ids.engine - ERROR - Detector TelemetryManipulationDetector error: type object 'AlertSeverity' has no attribute 'MEDIUM'
2026-09-26 14:09:13,144 - drone_ids.engine - ERROR - Detector TelemetryManipulationDetector error: type object 'AlertSeverity' has no attribute 'HIGH'
2026-09-26 14:09:13,145 - drone_ids.engine - ERROR - Detector TelemetryManipulationDetector error: type object 'AlertSeverity' has no attribute 'MEDIUM'
2026-09-26 14:09:13,392 - drone_ids.engine - ERROR - Detector TelemetryManipulationDetector error: type object 'AlertSeverity' has no attribute 'HIGH'
2026-09-26 14:09:13,392 - drone_ids.engine - ERROR - Detector TelemetryManipulationDetector error: type object 'AlertSeverity' has no attribute 'MEDIUM'
2026-09-26 14:09:13,640 - drone_ids.engine - ERROR - Detector TelemetryManipulationDetector error: type object 'AlertSeverity' has no attribute 'HIGH'
2026-09-26 14:09:13,640 - drone_ids.engine - ERROR - Detector TelemetryManipulationDetector error: type object 'AlertSeverity' has no attribute 'MEDIUM'
2026-09-26 14:09:13,890 - drone_ids.engine - ERROR - Detector TelemetryManipulationDetector error: type object 'AlertSeverity' has no attribute 'HIGH'
2026-09-26 14:09:13,890 - drone_ids.engine - ERROR - Detector TelemetryManipulationDetector error: type object 'AlertSeverity' has no attribute 'MEDIUM'
2026-09-26 14:09:14,137 - drone_ids.engine - ERROR - Detector TelemetryManipulationDetector error: type object 'AlertSeverity' has no attribute 'HIGH'
2026-09-26 14:09:14,138 - drone_ids.engine - ERROR - Detector TelemetryManipulationDetector error: type object 'AlertSeverity' has no attribute 'MEDIUM'
2026-09-26 14:09:14,392 - drone_ids.engine - ERROR - Detector TelemetryManipulationDetector error: type object 'AlertSeverity' has no attribute 'HIGH'
2026-09-26 14:09:14,393 - drone_ids.engine - ERROR - Detector TelemetryManipulationDetector error: type object 'AlertSeverity' has no attribute 'MEDIUM'
2026-09-26 14:09:14,639 - drone_ids.engine - ERROR - Detector TelemetryManipulationDetector error: type object 'AlertSeverity' has no attribute 'HIGH'
2026-09-26 14:09:14,639 - drone_ids.engine - ERROR - Detector TelemetryManipulationDetector error: type object 'AlertSeverity' has no attribute 'MEDIUM'
2026-09-26 14:09:14,891 - drone_ids.engine - ERROR - Detector TelemetryManipulationDetector error: type object 'AlertSeverity' has no attribute 'HIGH'
2026-09-26 14:09:14,891 - drone_ids.engine - ERROR - Detector TelemetryManipulationDetector error: type object 'AlertSeverity' has no attribute 'MEDIUM'
2026-09-26 14:09:15,139 - drone_ids.engine - ERROR - Detector TelemetryManipulationDetector error: type object 'AlertSeverity' has no attribute 'HIGH'
2026-09-26 14:09:15,139 - drone_ids.engine - ERROR - Detector TelemetryManipulationDetector error: type object 'AlertSeverity' has no attribute 'MEDIUM'
2026-09-26 14:09:15,386 - drone_ids.engine - ERROR - Detector TelemetryManipulationDetector error: type object 'AlertSeverity' has no attribute 'HIGH'
2026-09-26 14:09:15,386 - drone_ids.engine - ERROR - Detector TelemetryManipulationDetector error: type object 'AlertSeverity' has no attribute 'MEDIUM'
2026-09-26 14:09:15,643 - drone_ids.engine - ERROR - Detector TelemetryManipulationDetector error: type object 'AlertSeverity' has no attribute 'HIGH'
2026-09-26 14:09:15,643 - drone_ids.engine - ERROR - Detector TelemetryManipulationDetector error: type object 'AlertSeverity' has no attribute 'MEDIUM'
2026-09-26 14:09:15,892 - drone_ids.engine - ERROR - Detector TelemetryManipulationDetector error: type object 'AlertSeverity' has no attribute 'HIGH'
2026-09-26 14:09:15,892 - drone_ids.engine - ERROR - Detector TelemetryManipulationDetector error: type object 'AlertSeverity' has no attribute 'MEDIUM'
2026-09-26 14:09:16,142 - drone_ids.engine - ERROR - Detector TelemetryManipulationDetector error: type object 'AlertSeverity' has no attribute 'HIGH'
2026-09-26 14:09:16,143 - drone_ids.engine - ERROR - Detector TelemetryManipulationDetector error: type object 'AlertSeverity' has no attribute 'MEDIUM'
2026-09-26 14:09:16,391 - drone_ids.engine - ERROR - Detector TelemetryManipulationDetector error: type object 'AlertSeverity' has no attribute 'HIGH'
2026-09-26 14:09:16,391 - drone_ids.engine - ERROR - Detector TelemetryManipulationDetector error: type object 'AlertSeverity' has no attribute 'MEDIUM'
2026-09-26 14:09:16,641 - drone_ids.engine - ERROR - Detector TelemetryManipulationDetector error: type object 'AlertSeverity' has no attribute 'HIGH'
2026-09-26 14:09:16,642 - drone_ids.engine - ERROR - Detector TelemetryManipulationDetector error: type object 'AlertSeverity' has no attribute 'MEDIUM'
2026-09-26 14:09:16,889 - drone_ids.engine - ERROR - Detector TelemetryManipulationDetector error: type object 'AlertSeverity' has no attribute 'HIGH'
2026-09-26 14:09:16,890 - drone_ids.engine - ERROR - Detector TelemetryManipulationDetector error: type object 'AlertSeverity' has no attribute 'MEDIUM'
2026-09-26 14:09:17,136 - drone_ids.engine - ERROR - Detector TelemetryManipulationDetector error: type object 'AlertSeverity' has no attribute 'HIGH'
2026-09-26 14:09:17,136 - drone_ids.engine - ERROR - Detector TelemetryManipulationDetector error: type object 'AlertSeverity' has no attribute 'MEDIUM'
2026-09-26 14:09:17,388 - drone_ids.engine - ERROR - Detector TelemetryManipulationDetector error: type object 'AlertSeverity' has no attribute 'HIGH'
2026-09-26 14:09:17,388 - drone_ids.engine - ERROR - Detector TelemetryManipulationDetector error: type object 'AlertSeverity' has no attribute 'MEDIUM'
2026-09-26 14:09:17,642 - drone_ids.engine - ERROR - Detector TelemetryManipulationDetector error: type object 'AlertSeverity' has no attribute 'HIGH'
2026-09-26 14:09:17,642 - drone_ids.engine - ERROR - Detector TelemetryManipulationDetector error: type object 'AlertSeverity' has no attribute 'MEDIUM'
2026-09-26 14:09:17,892 - drone_ids.engine - ERROR - Detector TelemetryManipulationDetector error: type object 'AlertSeverity' has no attribute 'HIGH'
2026-09-26 14:09:17,893 - drone_ids.engine - ERROR - Detector TelemetryManipulationDetector error: type object 'AlertSeverity' has no attribute 'MEDIUM'
2026-09-26 14:09:18,140 - drone_ids.engine - ERROR - Detector TelemetryManipulationDetector error: type object 'AlertSeverity' has no attribute 'HIGH'
2026-09-26 14:09:18,141 - drone_ids.engine - ERROR - Detector TelemetryManipulationDetector error: type object 'AlertSeverity' has no attribute 'MEDIUM'
2026-09-26 14:09:18,388 - drone_ids.engine - ERROR - Detector TelemetryManipulationDetector error: type object 'AlertSeverity' has no attribute 'HIGH'
2026-09-26 14:09:18,388 - drone_ids.engine - ERROR - Detector TelemetryManipulationDetector error: type object 'AlertSeverity' has no attribute 'MEDIUM'
2026-09-26 14:09:18,640 - drone_ids.engine - ERROR - Detector TelemetryManipulationDetector error: type object 'AlertSeverity' has no attribute 'HIGH'
2026-09-26 14:09:18,640 - drone_ids.engine - ERROR - Detector TelemetryManipulationDetector error: type object 'AlertSeverity' has no attribute 'MEDIUM'
2026-09-26 14:09:18,893 - drone_ids.engine - ERROR - Detector TelemetryManipulationDetector error: type object 'AlertSeverity' has no attribute 'HIGH'
2026-09-26 14:09:18,893 - drone_ids.engine - ERROR - Detector TelemetryManipulationDetector error: type object 'AlertSeverity' has no attribute 'MEDIUM'
2026-09-26 14:09:19,140 - drone_ids.engine - ERROR - Detector TelemetryManipulationDetector error: type object 'AlertSeverity' has no attribute 'HIGH'
2026-09-26 14:09:19,140 - drone_ids.engine - ERROR - Detector TelemetryManipulationDetector error: type object 'AlertSeverity' has no attribute 'MEDIUM'
2026-09-26 14:09:19,392 - drone_ids.engine - ERROR - Detector TelemetryManipulationDetector error: type object 'AlertSeverity' has no attribute 'HIGH'
2026-09-26 14:09:19,392 - drone_ids.engine - ERROR - Detector TelemetryManipulationDetector error: type object 'AlertSeverity' has no attribute 'MEDIUM'
2026-09-26 14:09:19,639 - drone_ids.engine - ERROR - Detector TelemetryManipulationDetector error: type object 'AlertSeverity' has no attribute 'HIGH'
2026-09-26 14:09:19,639 - drone_ids.engine - ERROR - Detector TelemetryManipulationDetector error: type object 'AlertSeverity' has no attribute 'MEDIUM'
2026-09-26 14:09:19,890 - drone_ids.engine - ERROR - Detector TelemetryManipulationDetector error: type object 'AlertSeverity' has no attribute 'HIGH'
2026-09-26 14:09:19,891 - drone_ids.engine - ERROR - Detector TelemetryManipulationDetector error: type object 'AlertSeverity' has no attribute 'MEDIUM'
2026-09-26 14:09:20,142 - drone_ids.engine - ERROR - Detector TelemetryManipulationDetector error: type object 'AlertSeverity' has no attribute 'HIGH'
2026-09-26 14:09:20,142 - drone_ids.engine - ERROR - Detector TelemetryManipulationDetector error: type object 'AlertSeverity' has no attribute 'MEDIUM'
2026-09-26 14:09:20,395 - drone_ids.engine - ERROR - Detector TelemetryManipulationDetector error: type object 'AlertSeverity' has no attribute 'HIGH'
2026-09-26 14:09:20,402 - drone_ids.engine - ERROR - Detector TelemetryManipulationDetector error: type object 'AlertSeverity' has no attribute 'MEDIUM'
2026-09-26 14:09:20,643 - drone_ids.engine - ERROR - Detector TelemetryManipulationDetector error: type object 'AlertSeverity' has no attribute 'HIGH'
2026-09-26 14:09:20,644 - drone_ids.engine - ERROR - Detector TelemetryManipulationDetector error: type object 'AlertSeverity' has no attribute 'MEDIUM'
2026-09-26 14:09:20,894 - drone_ids.engine - ERROR - Detector TelemetryManipulationDetector error: type object 'AlertSeverity' has no attribute 'HIGH'
2026-09-26 14:09:20,895 - drone_ids.engine - ERROR - Detector TelemetryManipulationDetector error: type object 'AlertSeverity' has no attribute 'MEDIUM'
2026-09-26 14:09:21,139 - drone_ids.engine - ERROR - Detector TelemetryManipulationDetector error: type object 'AlertSeverity' has no attribute 'HIGH'
2026-09-26 14:09:21,140 - drone_ids.engine - ERROR - Detector TelemetryManipulationDetector error: type object 'AlertSeverity' has no attribute 'MEDIUM'
2026-09-26 14:09:21,383 - drone_ids.engine - INFO - Stats: msgs=2026, rate=69.1/s, alerts=3, errors=123
2026-09-26 14:09:21,389 - drone_ids.engine - ERROR - Detector TelemetryManipulationDetector error: type object 'AlertSeverity' has no attribute 'HIGH'
2026-09-26 14:09:21,389 - drone_ids.engine - ERROR - Detector TelemetryManipulationDetector error: type object 'AlertSeverity' has no attribute 'MEDIUM'
2026-09-26 14:09:21,638 - drone_ids.engine - ERROR - Detector TelemetryManipulationDetector error: type object 'AlertSeverity' has no attribute 'HIGH'
2026-09-26 14:09:21,638 - drone_ids.engine - ERROR - Detector TelemetryManipulationDetector error: type object 'AlertSeverity' has no attribute 'MEDIUM'
2026-09-26 14:09:21,892 - drone_ids.engine - ERROR - Detector TelemetryManipulationDetector error: type object 'AlertSeverity' has no attribute 'HIGH'
2026-09-26 14:09:21,892 - drone_ids.engine - ERROR - Detector TelemetryManipulationDetector error: type object 'AlertSeverity' has no attribute 'MEDIUM'
2026-09-26 14:09:22,144 - drone_ids.engine - ERROR - Detector TelemetryManipulationDetector error: type object 'AlertSeverity' has no attribute 'HIGH'
2026-09-26 14:09:22,144 - drone_ids.engine - ERROR - Detector TelemetryManipulationDetector error: type object 'AlertSeverity' has no attribute 'MEDIUM'
2026-09-26 14:09:22,392 - drone_ids.engine - ERROR - Detector TelemetryManipulationDetector error: type object 'AlertSeverity' has no attribute 'HIGH'
2026-09-26 14:09:22,392 - drone_ids.engine - ERROR - Detector TelemetryManipulationDetector error: type object 'AlertSeverity' has no attribute 'MEDIUM'
2026-09-26 14:09:22,641 - drone_ids.engine - ERROR - Detector TelemetryManipulationDetector error: type object 'AlertSeverity' has no attribute 'HIGH'
2026-09-26 14:09:22,641 - drone_ids.engine - ERROR - Detector TelemetryManipulationDetector error: type object 'AlertSeverity' has no attribute 'MEDIUM'
2026-09-26 14:09:22,892 - drone_ids.engine - ERROR - Detector TelemetryManipulationDetector error: type object 'AlertSeverity' has no attribute 'HIGH'
2026-09-26 14:09:22,893 - drone_ids.engine - ERROR - Detector TelemetryManipulationDetector error: type object 'AlertSeverity' has no attribute 'MEDIUM'
2026-09-26 14:09:23,143 - drone_ids.engine - ERROR - Detector TelemetryManipulationDetector error: type object 'AlertSeverity' has no attribute 'HIGH'
2026-09-26 14:09:23,144 - drone_ids.engine - ERROR - Detector TelemetryManipulationDetector error: type object 'AlertSeverity' has no attribute 'MEDIUM'
2026-09-26 14:09:23,390 - drone_ids.engine - ERROR - Detector TelemetryManipulationDetector error: type object 'AlertSeverity' has no attribute 'HIGH'
2026-09-26 14:09:23,390 - drone_ids.engine - ERROR - Detector TelemetryManipulationDetector error: type object 'AlertSeverity' has no attribute 'MEDIUM'
2026-09-26 14:09:23,644 - drone_ids.engine - ERROR - Detector TelemetryManipulationDetector error: type object 'AlertSeverity' has no attribute 'HIGH'
2026-09-26 14:09:23,644 - drone_ids.engine - ERROR - Detector TelemetryManipulationDetector error: type object 'AlertSeverity' has no attribute 'MEDIUM'
2026-09-26 14:09:23,887 - drone_ids.engine - ERROR - Detector TelemetryManipulationDetector error: type object 'AlertSeverity' has no attribute 'HIGH'
2026-09-26 14:09:23,887 - drone_ids.engine - ERROR - Detector TelemetryManipulationDetector error: type object 'AlertSeverity' has no attribute 'MEDIUM'
2026-09-26 14:09:24,140 - drone_ids.engine - ERROR - Detector TelemetryManipulationDetector error: type object 'AlertSeverity' has no attribute 'HIGH'
2026-09-26 14:09:24,141 - drone_ids.engine - ERROR - Detector TelemetryManipulationDetector error: type object 'AlertSeverity' has no attribute 'MEDIUM'
2026-09-26 14:09:24,389 - drone_ids.engine - ERROR - Detector TelemetryManipulationDetector error: type object 'AlertSeverity' has no attribute 'HIGH'
2026-09-26 14:09:24,389 - drone_ids.engine - ERROR - Detector TelemetryManipulationDetector error: type object 'AlertSeverity' has no attribute 'MEDIUM'
2026-09-26 14:09:24,645 - drone_ids.engine - ERROR - Detector TelemetryManipulationDetector error: type object 'AlertSeverity' has no attribute 'HIGH'
2026-09-26 14:09:24,645 - drone_ids.engine - ERROR - Detector TelemetryManipulationDetector error: type object 'AlertSeverity' has no attribute 'MEDIUM'
2026-09-26 14:09:24,892 - drone_ids.engine - ERROR - Detector TelemetryManipulationDetector error: type object 'AlertSeverity' has no attribute 'HIGH'
2026-09-26 14:09:24,893 - drone_ids.engine - ERROR - Detector TelemetryManipulationDetector error: type object 'AlertSeverity' has no attribute 'MEDIUM'
2026-09-26 14:09:25,141 - drone_ids.engine - ERROR - Detector TelemetryManipulationDetector error: type object 'AlertSeverity' has no attribute 'HIGH'
2026-09-26 14:09:25,142 - drone_ids.engine - ERROR - Detector TelemetryManipulationDetector error: type object 'AlertSeverity' has no attribute 'MEDIUM'
2026-09-26 14:09:25,394 - drone_ids.engine - ERROR - Detector TelemetryManipulationDetector error: type object 'AlertSeverity' has no attribute 'HIGH'
2026-09-26 14:09:25,394 - drone_ids.engine - ERROR - Detector TelemetryManipulationDetector error: type object 'AlertSeverity' has no attribute 'MEDIUM'
2026-09-26 14:09:25,642 - drone_ids.engine - ERROR - Detector TelemetryManipulationDetector error: type object 'AlertSeverity' has no attribute 'HIGH'
2026-09-26 14:09:25,642 - drone_ids.engine - ERROR - Detector TelemetryManipulationDetector error: type object 'AlertSeverity' has no attribute 'MEDIUM'
2026-09-26 14:09:25,894 - drone_ids.engine - ERROR - Detector TelemetryManipulationDetector error: type object 'AlertSeverity' has no attribute 'HIGH'
2026-09-26 14:09:25,895 - drone_ids.engine - ERROR - Detector TelemetryManipulationDetector error: type object 'AlertSeverity' has no attribute 'MEDIUM'
2026-09-26 14:09:26,141 - drone_ids.engine - ERROR - Detector TelemetryManipulationDetector error: type object 'AlertSeverity' has no attribute 'HIGH'
2026-09-26 14:09:26,142 - drone_ids.engine - ERROR - Detector TelemetryManipulationDetector error: type object 'AlertSeverity' has no attribute 'MEDIUM'
2026-09-26 14:09:26,393 - drone_ids.engine - ERROR - Detector TelemetryManipulationDetector error: type object 'AlertSeverity' has no attribute 'HIGH'
2026-09-26 14:09:26,393 - drone_ids.engine - ERROR - Detector TelemetryManipulationDetector error: type object 'AlertSeverity' has no attribute 'MEDIUM'
2026-09-26 14:09:26,642 - drone_ids.engine - ERROR - Detector TelemetryManipulationDetector error: type object 'AlertSeverity' has no attribute 'HIGH'
2026-09-26 14:09:26,642 - drone_ids.engine - ERROR - Detector TelemetryManipulationDetector error: type object 'AlertSeverity' has no attribute 'MEDIUM'
2026-09-26 14:09:26,896 - drone_ids.engine - ERROR - Detector TelemetryManipulationDetector error: type object 'AlertSeverity' has no attribute 'HIGH'
2026-09-26 14:09:26,896 - drone_ids.engine - ERROR - Detector TelemetryManipulationDetector error: type object 'AlertSeverity' has no attribute 'MEDIUM'
2026-09-26 14:09:27,140 - drone_ids.engine - ERROR - Detector TelemetryManipulationDetector error: type object 'AlertSeverity' has no attribute 'HIGH'
2026-09-26 14:09:27,141 - drone_ids.engine - ERROR - Detector TelemetryManipulationDetector error: type object 'AlertSeverity' has no attribute 'MEDIUM'
2026-09-26 14:09:27,394 - drone_ids.engine - ERROR - Detector TelemetryManipulationDetector error: type object 'AlertSeverity' has no attribute 'HIGH'
2026-09-26 14:09:27,394 - drone_ids.engine - ERROR - Detector TelemetryManipulationDetector error: type object 'AlertSeverity' has no attribute 'MEDIUM'
2026-09-26 14:09:27,638 - drone_ids.engine - ERROR - Detector TelemetryManipulationDetector error: type object 'AlertSeverity' has no attribute 'HIGH'
2026-09-26 14:09:27,638 - drone_ids.engine - ERROR - Detector TelemetryManipulationDetector error: type object 'AlertSeverity' has no attribute 'MEDIUM'
2026-09-26 14:09:27,888 - drone_ids.engine - ERROR - Detector TelemetryManipulationDetector error: type object 'AlertSeverity' has no attribute 'HIGH'
2026-09-26 14:09:27,888 - drone_ids.engine - ERROR - Detector TelemetryManipulationDetector error: type object 'AlertSeverity' has no attribute 'MEDIUM'
2026-09-26 14:09:28,140 - drone_ids.engine - ERROR - Detector TelemetryManipulationDetector error: type object 'AlertSeverity' has no attribute 'HIGH'
2026-09-26 14:09:28,140 - drone_ids.engine - ERROR - Detector TelemetryManipulationDetector error: type object 'AlertSeverity' has no attribute 'MEDIUM'
2026-09-26 14:09:28,392 - drone_ids.engine - ERROR - Detector TelemetryManipulationDetector error: type object 'AlertSeverity' has no attribute 'HIGH'
2026-09-26 14:09:28,392 - drone_ids.engine - ERROR - Detector TelemetryManipulationDetector error: type object 'AlertSeverity' has no attribute 'MEDIUM'
2026-09-26 14:09:28,641 - drone_ids.engine - ERROR - Detector TelemetryManipulationDetector error: type object 'AlertSeverity' has no attribute 'HIGH'
2026-09-26 14:09:28,642 - drone_ids.engine - ERROR - Detector TelemetryManipulationDetector error: type object 'AlertSeverity' has no attribute 'MEDIUM'
2026-09-26 14:09:28,891 - drone_ids.engine - ERROR - Detector TelemetryManipulationDetector error: type object 'AlertSeverity' has no attribute 'HIGH'
2026-09-26 14:09:28,892 - drone_ids.engine - ERROR - Detector TelemetryManipulationDetector error: type object 'AlertSeverity' has no attribute 'MEDIUM'
2026-09-26 14:09:29,139 - drone_ids.engine - ERROR - Detector TelemetryManipulationDetector error: type object 'AlertSeverity' has no attribute 'HIGH'
2026-09-26 14:09:29,139 - drone_ids.engine - ERROR - Detector TelemetryManipulationDetector error: type object 'AlertSeverity' has no attribute 'MEDIUM'
2026-09-26 14:09:29,397 - drone_ids.engine - ERROR - Detector TelemetryManipulationDetector error: type object 'AlertSeverity' has no attribute 'HIGH'
2026-09-26 14:09:29,397 - drone_ids.engine - ERROR - Detector TelemetryManipulationDetector error: type object 'AlertSeverity' has no attribute 'MEDIUM'
2026-09-26 14:09:29,646 - drone_ids.engine - ERROR - Detector TelemetryManipulationDetector error: type object 'AlertSeverity' has no attribute 'HIGH'
2026-09-26 14:09:29,646 - drone_ids.engine - ERROR - Detector TelemetryManipulationDetector error: type object 'AlertSeverity' has no attribute 'MEDIUM'
2026-09-26 14:09:29,895 - drone_ids.engine - ERROR - Detector TelemetryManipulationDetector error: type object 'AlertSeverity' has no attribute 'HIGH'
2026-09-26 14:09:29,895 - drone_ids.engine - ERROR - Detector TelemetryManipulationDetector error: type object 'AlertSeverity' has no attribute 'MEDIUM'
2026-09-26 14:09:30,061 - drone_ids.main - INFO - Status: {'state': 'running', 'detectors': 6, 'stats': {'messages_processed': 2958, 'alerts_generated': 3, 'alerts_by_type': {'gps_impossible_velocity': 1, 'gps_position_jump': 1, 'mavlink_sequence_gap': 1}, 'uptime': 38.005244731903076, 'errors': 193}}
2026-09-26 14:09:30,143 - drone_ids.engine - ERROR - Detector TelemetryManipulationDetector error: type object 'AlertSeverity' has no attribute 'HIGH'
2026-09-26 14:09:30,143 - drone_ids.engine - ERROR - Detector TelemetryManipulationDetector error: type object 'AlertSeverity' has no attribute 'MEDIUM'
2026-09-26 14:09:30,392 - drone_ids.engine - ERROR - Detector TelemetryManipulationDetector error: type object 'AlertSeverity' has no attribute 'HIGH'
2026-09-26 14:09:30,392 - drone_ids.engine - ERROR - Detector TelemetryManipulationDetector error: type object 'AlertSeverity' has no attribute 'MEDIUM'
2026-09-26 14:09:30,643 - drone_ids.engine - ERROR - Detector TelemetryManipulationDetector error: type object 'AlertSeverity' has no attribute 'HIGH'
2026-09-26 14:09:30,644 - drone_ids.engine - ERROR - Detector TelemetryManipulationDetector error: type object 'AlertSeverity' has no attribute 'MEDIUM'
2026-09-26 14:09:30,893 - drone_ids.engine - ERROR - Detector TelemetryManipulationDetector error: type object 'AlertSeverity' has no attribute 'HIGH'
2026-09-26 14:09:30,893 - drone_ids.engine - ERROR - Detector TelemetryManipulationDetector error: type object 'AlertSeverity' has no attribute 'MEDIUM'
2026-09-26 14:09:31,140 - drone_ids.engine - ERROR - Detector TelemetryManipulationDetector error: type object 'AlertSeverity' has no attribute 'HIGH'
2026-09-26 14:09:31,140 - drone_ids.engine - ERROR - Detector TelemetryManipulationDetector error: type object 'AlertSeverity' has no attribute 'MEDIUM'
2026-09-26 14:09:31,394 - drone_ids.engine - ERROR - Detector TelemetryManipulationDetector error: type object 'AlertSeverity' has no attribute 'HIGH'
2026-09-26 14:09:31,395 - drone_ids.engine - ERROR - Detector TelemetryManipulationDetector error: type object 'AlertSeverity' has no attribute 'MEDIUM'
2026-09-26 14:09:31,643 - drone_ids.engine - ERROR - Detector TelemetryManipulationDetector error: type object 'AlertSeverity' has no attribute 'HIGH'
2026-09-26 14:09:31,643 - drone_ids.engine - ERROR - Detector TelemetryManipulationDetector error: type object 'AlertSeverity' has no attribute 'MEDIUM'
2026-09-26 14:09:31,891 - drone_ids.engine - ERROR - Detector TelemetryManipulationDetector error: type object 'AlertSeverity' has no attribute 'HIGH'
2026-09-26 14:09:31,893 - drone_ids.engine - ERROR - Detector TelemetryManipulationDetector error: type object 'AlertSeverity' has no attribute 'MEDIUM'
2026-09-26 14:09:32,142 - drone_ids.engine - ERROR - Detector TelemetryManipulationDetector error: type object 'AlertSeverity' has no attribute 'HIGH'
2026-09-26 14:09:32,144 - drone_ids.engine - ERROR - Detector TelemetryManipulationDetector error: type object 'AlertSeverity' has no attribute 'MEDIUM'
2026-09-26 14:09:32,395 - drone_ids.engine - ERROR - Detector TelemetryManipulationDetector error: type object 'AlertSeverity' has no attribute 'HIGH'
2026-09-26 14:09:32,396 - drone_ids.engine - ERROR - Detector TelemetryManipulationDetector error: type object 'AlertSeverity' has no attribute 'MEDIUM'
2026-09-26 14:09:32,645 - drone_ids.engine - ERROR - Detector TelemetryManipulationDetector error: type object 'AlertSeverity' has no attribute 'HIGH'
2026-09-26 14:09:32,645 - drone_ids.engine - ERROR - Detector TelemetryManipulationDetector error: type object 'AlertSeverity' has no attribute 'MEDIUM'
2026-09-26 14:09:32,896 - drone_ids.engine - ERROR - Detector TelemetryManipulationDetector error: type object 'AlertSeverity' has no attribute 'HIGH'
2026-09-26 14:09:32,896 - drone_ids.engine - ERROR - Detector TelemetryManipulationDetector error: type object 'AlertSeverity' has no attribute 'MEDIUM'
2026-09-26 14:09:33,140 - drone_ids.engine - ERROR - Detector TelemetryManipulationDetector error: type object 'AlertSeverity' has no attribute 'HIGH'
2026-09-26 14:09:33,140 - drone_ids.engine - ERROR - Detector TelemetryManipulationDetector error: type object 'AlertSeverity' has no attribute 'MEDIUM'
2026-09-26 14:09:33,390 - drone_ids.engine - ERROR - Detector TelemetryManipulationDetector error: type object 'AlertSeverity' has no attribute 'HIGH'
2026-09-26 14:09:33,391 - drone_ids.engine - ERROR - Detector TelemetryManipulationDetector error: type object 'AlertSeverity' has no attribute 'MEDIUM'
2026-09-26 14:09:33,642 - drone_ids.engine - ERROR - Detector TelemetryManipulationDetector error: type object 'AlertSeverity' has no attribute 'HIGH'
2026-09-26 14:09:33,642 - drone_ids.engine - ERROR - Detector TelemetryManipulationDetector error: type object 'AlertSeverity' has no attribute 'MEDIUM'
2026-09-26 14:09:33,892 - drone_ids.engine - ERROR - Detector TelemetryManipulationDetector error: type object 'AlertSeverity' has no attribute 'HIGH'
2026-09-26 14:09:33,892 - drone_ids.engine - ERROR - Detector TelemetryManipulationDetector error: type object 'AlertSeverity' has no attribute 'MEDIUM'
2026-09-26 14:09:34,142 - drone_ids.engine - ERROR - Detector TelemetryManipulationDetector error: type object 'AlertSeverity' has no attribute 'HIGH'
2026-09-26 14:09:34,142 - drone_ids.engine - ERROR - Detector TelemetryManipulationDetector error: type object 'AlertSeverity' has no attribute 'MEDIUM'
2026-09-26 14:09:34,393 - drone_ids.engine - ERROR - Detector TelemetryManipulationDetector error: type object 'AlertSeverity' has no attribute 'HIGH'
2026-09-26 14:09:34,393 - drone_ids.engine - ERROR - Detector TelemetryManipulationDetector error: type object 'AlertSeverity' has no attribute 'MEDIUM'
2026-09-26 14:09:34,644 - drone_ids.engine - ERROR - Detector TelemetryManipulationDetector error: type object 'AlertSeverity' has no attribute 'HIGH'
2026-09-26 14:09:34,644 - drone_ids.engine - ERROR - Detector TelemetryManipulationDetector error: type object 'AlertSeverity' has no attribute 'MEDIUM'
2026-09-26 14:09:34,895 - drone_ids.engine - ERROR - Detector TelemetryManipulationDetector error: type object 'AlertSeverity' has no attribute 'HIGH'
2026-09-26 14:09:34,896 - drone_ids.engine - ERROR - Detector TelemetryManipulationDetector error: type object 'AlertSeverity' has no attribute 'MEDIUM'
2026-09-26 14:09:35,146 - drone_ids.engine - ERROR - Detector TelemetryManipulationDetector error: type object 'AlertSeverity' has no attribute 'HIGH'
2026-09-26 14:09:35,147 - drone_ids.engine - ERROR - Detector TelemetryManipulationDetector error: type object 'AlertSeverity' has no attribute 'MEDIUM'
2026-09-26 14:09:35,391 - drone_ids.engine - ERROR - Detector TelemetryManipulationDetector error: type object 'AlertSeverity' has no attribute 'HIGH'
2026-09-26 14:09:35,391 - drone_ids.engine - ERROR - Detector TelemetryManipulationDetector error: type object 'AlertSeverity' has no attribute 'MEDIUM'
2026-09-26 14:09:35,645 - drone_ids.engine - ERROR - Detector TelemetryManipulationDetector error: type object 'AlertSeverity' has no attribute 'HIGH'
2026-09-26 14:09:35,646 - drone_ids.engine - ERROR - Detector TelemetryManipulationDetector error: type object 'AlertSeverity' has no attribute 'MEDIUM'
2026-09-26 14:09:35,894 - drone_ids.engine - ERROR - Detector TelemetryManipulationDetector error: type object 'AlertSeverity' has no attribute 'HIGH'
2026-09-26 14:09:35,894 - drone_ids.engine - ERROR - Detector TelemetryManipulationDetector error: type object 'AlertSeverity' has no attribute 'MEDIUM'
2026-09-26 14:09:36,146 - drone_ids.engine - ERROR - Detector TelemetryManipulationDetector error: type object 'AlertSeverity' has no attribute 'HIGH'
2026-09-26 14:09:36,146 - drone_ids.engine - ERROR - Detector TelemetryManipulationDetector error: type object 'AlertSeverity' has no attribute 'MEDIUM'
2026-09-26 14:09:36,392 - drone_ids.engine - ERROR - Detector TelemetryManipulationDetector error: type object 'AlertSeverity' has no attribute 'HIGH'
2026-09-26 14:09:36,393 - drone_ids.engine - ERROR - Detector TelemetryManipulationDetector error: type object 'AlertSeverity' has no attribute 'MEDIUM'
2026-09-26 14:09:36,643 - drone_ids.engine - ERROR - Detector TelemetryManipulationDetector error: type object 'AlertSeverity' has no attribute 'HIGH'
2026-09-26 14:09:36,643 - drone_ids.engine - ERROR - Detector TelemetryManipulationDetector error: type object 'AlertSeverity' has no attribute 'MEDIUM'
2026-09-26 14:09:36,896 - drone_ids.engine - ERROR - Detector TelemetryManipulationDetector error: type object 'AlertSeverity' has no attribute 'HIGH'
2026-09-26 14:09:36,897 - drone_ids.engine - ERROR - Detector TelemetryManipulationDetector error: type object 'AlertSeverity' has no attribute 'MEDIUM'
2026-09-26 14:09:37,147 - drone_ids.engine - ERROR - Detector TelemetryManipulationDetector error: type object 'AlertSeverity' has no attribute 'HIGH'
2026-09-26 14:09:37,148 - drone_ids.engine - ERROR - Detector TelemetryManipulationDetector error: type object 'AlertSeverity' has no attribute 'MEDIUM'
2026-09-26 14:09:37,392 - drone_ids.engine - ERROR - Detector TelemetryManipulationDetector error: type object 'AlertSeverity' has no attribute 'HIGH'
2026-09-26 14:09:37,394 - drone_ids.engine - ERROR - Detector TelemetryManipulationDetector error: type object 'AlertSeverity' has no attribute 'MEDIUM'
2026-09-26 14:09:37,642 - drone_ids.engine - ERROR - Detector TelemetryManipulationDetector error: type object 'AlertSeverity' has no attribute 'HIGH'
2026-09-26 14:09:37,643 - drone_ids.engine - ERROR - Detector TelemetryManipulationDetector error: type object 'AlertSeverity' has no attribute 'MEDIUM'
2026-09-26 14:09:37,893 - drone_ids.engine - ERROR - Detector TelemetryManipulationDetector error: type object 'AlertSeverity' has no attribute 'HIGH'
2026-09-26 14:09:37,894 - drone_ids.engine - ERROR - Detector TelemetryManipulationDetector error: type object 'AlertSeverity' has no attribute 'MEDIUM'
2026-09-26 14:09:38,141 - drone_ids.engine - ERROR - Detector TelemetryManipulationDetector error: type object 'AlertSeverity' has no attribute 'HIGH'
2026-09-26 14:09:38,141 - drone_ids.engine - ERROR - Detector TelemetryManipulationDetector error: type object 'AlertSeverity' has no attribute 'MEDIUM'
2026-09-26 14:09:38,396 - drone_ids.engine - ERROR - Detector TelemetryManipulationDetector error: type object 'AlertSeverity' has no attribute 'HIGH'
2026-09-26 14:09:38,397 - drone_ids.engine - ERROR - Detector TelemetryManipulationDetector error: type object 'AlertSeverity' has no attribute 'MEDIUM'
2026-09-26 14:09:38,643 - drone_ids.engine - ERROR - Detector TelemetryManipulationDetector error: type object 'AlertSeverity' has no attribute 'HIGH'
2026-09-26 14:09:38,644 - drone_ids.engine - ERROR - Detector TelemetryManipulationDetector error: type object 'AlertSeverity' has no attribute 'MEDIUM'
2026-09-26 14:09:38,899 - drone_ids.engine - ERROR - Detector TelemetryManipulationDetector error: type object 'AlertSeverity' has no attribute 'HIGH'
2026-09-26 14:09:38,899 - drone_ids.engine - ERROR - Detector TelemetryManipulationDetector error: type object 'AlertSeverity' has no attribute 'MEDIUM'
2026-09-26 14:09:39,147 - drone_ids.engine - ERROR - Detector TelemetryManipulationDetector error: type object 'AlertSeverity' has no attribute 'HIGH'
2026-09-26 14:09:39,148 - drone_ids.engine - ERROR - Detector TelemetryManipulationDetector error: type object 'AlertSeverity' has no attribute 'MEDIUM'
2026-09-26 14:09:39,394 - drone_ids.engine - ERROR - Detector TelemetryManipulationDetector error: type object 'AlertSeverity' has no attribute 'HIGH'
2026-09-26 14:09:39,394 - drone_ids.engine - ERROR - Detector TelemetryManipulationDetector error: type object 'AlertSeverity' has no attribute 'MEDIUM'
2026-09-26 14:09:39,647 - drone_ids.engine - ERROR - Detector TelemetryManipulationDetector error: type object 'AlertSeverity' has no attribute 'HIGH'
2026-09-26 14:09:39,647 - drone_ids.engine - ERROR - Detector TelemetryManipulationDetector error: type object 'AlertSeverity' has no attribute 'MEDIUM'
2026-09-26 14:09:39,898 - drone_ids.engine - ERROR - Detector TelemetryManipulationDetector error: type object 'AlertSeverity' has no attribute 'HIGH'
2026-09-26 14:09:39,899 - drone_ids.engine - ERROR - Detector TelemetryManipulationDetector error: type object 'AlertSeverity' has no attribute 'MEDIUM'
2026-09-26 14:09:40,144 - drone_ids.engine - ERROR - Detector TelemetryManipulationDetector error: type object 'AlertSeverity' has no attribute 'HIGH'
2026-09-26 14:09:40,145 - drone_ids.engine - ERROR - Detector TelemetryManipulationDetector error: type object 'AlertSeverity' has no attribute 'MEDIUM'
2026-09-26 14:09:40,398 - drone_ids.engine - ERROR - Detector TelemetryManipulationDetector error: type object 'AlertSeverity' has no attribute 'HIGH'
2026-09-26 14:09:40,398 - drone_ids.engine - ERROR - Detector TelemetryManipulationDetector error: type object 'AlertSeverity' has no attribute 'MEDIUM'
2026-09-26 14:09:40,649 - drone_ids.engine - ERROR - Detector TelemetryManipulationDetector error: type object 'AlertSeverity' has no attribute 'HIGH'
2026-09-26 14:09:40,650 - drone_ids.engine - ERROR - Detector TelemetryManipulationDetector error: type object 'AlertSeverity' has no attribute 'MEDIUM'
2026-09-26 14:09:40,898 - drone_ids.engine - ERROR - Detector TelemetryManipulationDetector error: type object 'AlertSeverity' has no attribute 'HIGH'
2026-09-26 14:09:40,898 - drone_ids.engine - ERROR - Detector TelemetryManipulationDetector error: type object 'AlertSeverity' has no attribute 'MEDIUM'
2026-09-26 14:09:41,144 - drone_ids.engine - ERROR - Detector TelemetryManipulationDetector error: type object 'AlertSeverity' has no attribute 'HIGH'
2026-09-26 14:09:41,145 - drone_ids.engine - ERROR - Detector TelemetryManipulationDetector error: type object 'AlertSeverity' has no attribute 'MEDIUM'
2026-09-26 14:09:41,392 - drone_ids.engine - ERROR - Detector TelemetryManipulationDetector error: type object 'AlertSeverity' has no attribute 'HIGH'
2026-09-26 14:09:41,393 - drone_ids.engine - ERROR - Detector TelemetryManipulationDetector error: type object 'AlertSeverity' has no attribute 'MEDIUM'
2026-09-26 14:09:41,644 - drone_ids.engine - ERROR - Detector TelemetryManipulationDetector error: type object 'AlertSeverity' has no attribute 'HIGH'
2026-09-26 14:09:41,645 - drone_ids.engine - ERROR - Detector TelemetryManipulationDetector error: type object 'AlertSeverity' has no attribute 'MEDIUM'
2026-09-26 14:09:41,895 - drone_ids.engine - ERROR - Detector TelemetryManipulationDetector error: type object 'AlertSeverity' has no attribute 'HIGH'
2026-09-26 14:09:41,896 - drone_ids.engine - ERROR - Detector TelemetryManipulationDetector error: type object 'AlertSeverity' has no attribute 'MEDIUM'
2026-09-26 14:09:42,147 - drone_ids.engine - ERROR - Detector TelemetryManipulationDetector error: type object 'AlertSeverity' has no attribute 'HIGH'
2026-09-26 14:09:42,147 - drone_ids.engine - ERROR - Detector TelemetryManipulationDetector error: type object 'AlertSeverity' has no attribute 'MEDIUM'
2026-09-26 14:09:42,395 - drone_ids.engine - ERROR - Detector TelemetryManipulationDetector error: type object 'AlertSeverity' has no attribute 'HIGH'
2026-09-26 14:09:42,395 - drone_ids.engine - ERROR - Detector TelemetryManipulationDetector error: type object 'AlertSeverity' has no attribute 'MEDIUM'
2026-09-26 14:09:42,645 - drone_ids.engine - ERROR - Detector TelemetryManipulationDetector error: type object 'AlertSeverity' has no attribute 'HIGH'
2026-09-26 14:09:42,646 - drone_ids.engine - ERROR - Detector TelemetryManipulationDetector error: type object 'AlertSeverity' has no attribute 'MEDIUM'
2026-09-26 14:09:42,896 - drone_ids.engine - ERROR - Detector TelemetryManipulationDetector error: type object 'AlertSeverity' has no attribute 'HIGH'
2026-09-26 14:09:42,896 - drone_ids.engine - ERROR - Detector TelemetryManipulationDetector error: type object 'AlertSeverity' has no attribute 'MEDIUM'
2026-09-26 14:09:43,141 - drone_ids.engine - ERROR - Detector TelemetryManipulationDetector error: type object 'AlertSeverity' has no attribute 'HIGH'
2026-09-26 14:09:43,141 - drone_ids.engine - ERROR - Detector TelemetryManipulationDetector error: type object 'AlertSeverity' has no attribute 'MEDIUM'
2026-09-26 14:09:43,396 - drone_ids.engine - ERROR - Detector TelemetryManipulationDetector error: type object 'AlertSeverity' has no attribute 'HIGH'
2026-09-26 14:09:43,397 - drone_ids.engine - ERROR - Detector TelemetryManipulationDetector error: type object 'AlertSeverity' has no attribute 'MEDIUM'
2026-09-26 14:09:43,646 - drone_ids.engine - ERROR - Detector TelemetryManipulationDetector error: type object 'AlertSeverity' has no attribute 'HIGH'
2026-09-26 14:09:43,647 - drone_ids.engine - ERROR - Detector TelemetryManipulationDetector error: type object 'AlertSeverity' has no attribute 'MEDIUM'
2026-09-26 14:09:43,894 - drone_ids.engine - ERROR - Detector TelemetryManipulationDetector error: type object 'AlertSeverity' has no attribute 'HIGH'
2026-09-26 14:09:43,894 - drone_ids.engine - ERROR - Detector TelemetryManipulationDetector error: type object 'AlertSeverity' has no attribute 'MEDIUM'
2026-09-26 14:09:44,146 - drone_ids.engine - ERROR - Detector TelemetryManipulationDetector error: type object 'AlertSeverity' has no attribute 'HIGH'
2026-09-26 14:09:44,146 - drone_ids.engine - ERROR - Detector TelemetryManipulationDetector error: type object 'AlertSeverity' has no attribute 'MEDIUM'
2026-09-26 14:09:44,393 - drone_ids.engine - ERROR - Detector TelemetryManipulationDetector error: type object 'AlertSeverity' has no attribute 'HIGH'
2026-09-26 14:09:44,394 - drone_ids.engine - ERROR - Detector TelemetryManipulationDetector error: type object 'AlertSeverity' has no attribute 'MEDIUM'
2026-09-26 14:09:44,645 - drone_ids.engine - ERROR - Detector TelemetryManipulationDetector error: type object 'AlertSeverity' has no attribute 'HIGH'
2026-09-26 14:09:44,646 - drone_ids.engine - ERROR - Detector TelemetryManipulationDetector error: type object 'AlertSeverity' has no attribute 'MEDIUM'
2026-09-26 14:09:44,898 - drone_ids.engine - ERROR - Detector TelemetryManipulationDetector error: type object 'AlertSeverity' has no attribute 'HIGH'
2026-09-26 14:09:44,898 - drone_ids.engine - ERROR - Detector TelemetryManipulationDetector error: type object 'AlertSeverity' has no attribute 'MEDIUM'
2026-09-26 14:09:45,149 - drone_ids.engine - ERROR - Detector TelemetryManipulationDetector error: type object 'AlertSeverity' has no attribute 'HIGH'
2026-09-26 14:09:45,149 - drone_ids.engine - ERROR - Detector TelemetryManipulationDetector error: type object 'AlertSeverity' has no attribute 'MEDIUM'
2026-09-26 14:09:45,394 - drone_ids.engine - ERROR - Detector TelemetryManipulationDetector error: type object 'AlertSeverity' has no attribute 'HIGH'
2026-09-26 14:09:45,394 - drone_ids.engine - ERROR - Detector TelemetryManipulationDetector error: type object 'AlertSeverity' has no attribute 'MEDIUM'
2026-09-26 14:09:45,646 - drone_ids.engine - ERROR - Detector TelemetryManipulationDetector error: type object 'AlertSeverity' has no attribute 'HIGH'
2026-09-26 14:09:45,646 - drone_ids.engine - ERROR - Detector TelemetryManipulationDetector error: type object 'AlertSeverity' has no attribute 'MEDIUM'
2026-09-26 14:09:45,894 - drone_ids.engine - ERROR - Detector TelemetryManipulationDetector error: type object 'AlertSeverity' has no attribute 'HIGH'
2026-09-26 14:09:45,895 - drone_ids.engine - ERROR - Detector TelemetryManipulationDetector error: type object 'AlertSeverity' has no attribute 'MEDIUM'
2026-09-26 14:09:46,150 - drone_ids.engine - ERROR - Detector TelemetryManipulationDetector error: type object 'AlertSeverity' has no attribute 'HIGH'
2026-09-26 14:09:46,151 - drone_ids.engine - ERROR - Detector TelemetryManipulationDetector error: type object 'AlertSeverity' has no attribute 'MEDIUM'
2026-09-26 14:09:46,395 - drone_ids.engine - ERROR - Detector TelemetryManipulationDetector error: type object 'AlertSeverity' has no attribute 'HIGH'
2026-09-26 14:09:46,395 - drone_ids.engine - ERROR - Detector TelemetryManipulationDetector error: type object 'AlertSeverity' has no attribute 'MEDIUM'
2026-09-26 14:09:46,642 - drone_ids.engine - ERROR - Detector TelemetryManipulationDetector error: type object 'AlertSeverity' has no attribute 'HIGH'
2026-09-26 14:09:46,642 - drone_ids.engine - ERROR - Detector TelemetryManipulationDetector error: type object 'AlertSeverity' has no attribute 'MEDIUM'
2026-09-26 14:09:46,896 - drone_ids.engine - ERROR - Detector TelemetryManipulationDetector error: type object 'AlertSeverity' has no attribute 'HIGH'
2026-09-26 14:09:46,897 - drone_ids.engine - ERROR - Detector TelemetryManipulationDetector error: type object 'AlertSeverity' has no attribute 'MEDIUM'
2026-09-26 14:09:47,147 - drone_ids.engine - ERROR - Detector TelemetryManipulationDetector error: type object 'AlertSeverity' has no attribute 'HIGH'
2026-09-26 14:09:47,147 - drone_ids.engine - ERROR - Detector TelemetryManipulationDetector error: type object 'AlertSeverity' has no attribute 'MEDIUM'
2026-09-26 14:09:47,395 - drone_ids.engine - ERROR - Detector TelemetryManipulationDetector error: type object 'AlertSeverity' has no attribute 'HIGH'
2026-09-26 14:09:47,396 - drone_ids.engine - ERROR - Detector TelemetryManipulationDetector error: type object 'AlertSeverity' has no attribute 'MEDIUM'
2026-09-26 14:09:47,645 - drone_ids.engine - ERROR - Detector TelemetryManipulationDetector error: type object 'AlertSeverity' has no attribute 'HIGH'
2026-09-26 14:09:47,645 - drone_ids.engine - ERROR - Detector TelemetryManipulationDetector error: type object 'AlertSeverity' has no attribute 'MEDIUM'
2026-09-26 14:09:47,893 - drone_ids.engine - ERROR - Detector TelemetryManipulationDetector error: type object 'AlertSeverity' has no attribute 'HIGH'
2026-09-26 14:09:47,893 - drone_ids.engine - ERROR - Detector TelemetryManipulationDetector error: type object 'AlertSeverity' has no attribute 'MEDIUM'
2026-09-26 14:09:48,148 - drone_ids.engine - ERROR - Detector TelemetryManipulationDetector error: type object 'AlertSeverity' has no attribute 'HIGH'
2026-09-26 14:09:48,148 - drone_ids.engine - ERROR - Detector TelemetryManipulationDetector error: type object 'AlertSeverity' has no attribute 'MEDIUM'
2026-09-26 14:09:48,395 - drone_ids.engine - ERROR - Detector TelemetryManipulationDetector error: type object 'AlertSeverity' has no attribute 'HIGH'
2026-09-26 14:09:48,395 - drone_ids.engine - ERROR - Detector TelemetryManipulationDetector error: type object 'AlertSeverity' has no attribute 'MEDIUM'
2026-09-26 14:09:48,641 - drone_ids.engine - ERROR - Detector TelemetryManipulationDetector error: type object 'AlertSeverity' has no attribute 'HIGH'
2026-09-26 14:09:48,641 - drone_ids.engine - ERROR - Detector TelemetryManipulationDetector error: type object 'AlertSeverity' has no attribute 'MEDIUM'
2026-09-26 14:09:48,896 - drone_ids.engine - ERROR - Detector TelemetryManipulationDetector error: type object 'AlertSeverity' has no attribute 'HIGH'
2026-09-26 14:09:48,897 - drone_ids.engine - ERROR - Detector TelemetryManipulationDetector error: type object 'AlertSeverity' has no attribute 'MEDIUM'
2026-09-26 14:09:49,150 - drone_ids.engine - ERROR - Detector TelemetryManipulationDetector error: type object 'AlertSeverity' has no attribute 'HIGH'
2026-09-26 14:09:49,151 - drone_ids.engine - ERROR - Detector TelemetryManipulationDetector error: type object 'AlertSeverity' has no attribute 'MEDIUM'
2026-09-26 14:09:49,401 - drone_ids.engine - ERROR - Detector TelemetryManipulationDetector error: type object 'AlertSeverity' has no attribute 'HIGH'
2026-09-26 14:09:49,402 - drone_ids.engine - ERROR - Detector TelemetryManipulationDetector error: type object 'AlertSeverity' has no attribute 'MEDIUM'
2026-09-26 14:09:49,649 - drone_ids.engine - ERROR - Detector TelemetryManipulationDetector error: type object 'AlertSeverity' has no attribute 'HIGH'
2026-09-26 14:09:49,649 - drone_ids.engine - ERROR - Detector TelemetryManipulationDetector error: type object 'AlertSeverity' has no attribute 'MEDIUM'
2026-09-26 14:09:49,900 - drone_ids.engine - ERROR - Detector TelemetryManipulationDetector error: type object 'AlertSeverity' has no attribute 'HIGH'
2026-09-26 14:09:49,901 - drone_ids.engine - ERROR - Detector TelemetryManipulationDetector error: type object 'AlertSeverity' has no attribute 'MEDIUM'
2026-09-26 14:09:50,146 - drone_ids.engine - ERROR - Detector TelemetryManipulationDetector error: type object 'AlertSeverity' has no attribute 'HIGH'
2026-09-26 14:09:50,146 - drone_ids.engine - ERROR - Detector TelemetryManipulationDetector error: type object 'AlertSeverity' has no attribute 'MEDIUM'
2026-09-26 14:09:50,399 - drone_ids.engine - ERROR - Detector TelemetryManipulationDetector error: type object 'AlertSeverity' has no attribute 'HIGH'
2026-09-26 14:09:50,399 - drone_ids.engine - ERROR - Detector TelemetryManipulationDetector error: type object 'AlertSeverity' has no attribute 'MEDIUM'
2026-09-26 14:09:50,647 - drone_ids.engine - ERROR - Detector TelemetryManipulationDetector error: type object 'AlertSeverity' has no attribute 'HIGH'
2026-09-26 14:09:50,648 - drone_ids.engine - ERROR - Detector TelemetryManipulationDetector error: type object 'AlertSeverity' has no attribute 'MEDIUM'
2026-09-26 14:09:50,896 - drone_ids.engine - ERROR - Detector TelemetryManipulationDetector error: type object 'AlertSeverity' has no attribute 'HIGH'
2026-09-26 14:09:50,897 - drone_ids.engine - ERROR - Detector TelemetryManipulationDetector error: type object 'AlertSeverity' has no attribute 'MEDIUM'
2026-09-26 14:09:51,146 - drone_ids.engine - ERROR - Detector TelemetryManipulationDetector error: type object 'AlertSeverity' has no attribute 'HIGH'
2026-09-26 14:09:51,146 - drone_ids.engine - ERROR - Detector TelemetryManipulationDetector error: type object 'AlertSeverity' has no attribute 'MEDIUM'
2026-09-26 14:09:51,398 - drone_ids.engine - ERROR - Detector TelemetryManipulationDetector error: type object 'AlertSeverity' has no attribute 'HIGH'
2026-09-26 14:09:51,399 - drone_ids.engine - ERROR - Detector TelemetryManipulationDetector error: type object 'AlertSeverity' has no attribute 'MEDIUM'
2026-09-26 14:09:51,413 - drone_ids.engine - INFO - Stats: msgs=5342, rate=90.0/s, alerts=3, errors=365
2026-09-26 14:09:51,649 - drone_ids.engine - ERROR - Detector TelemetryManipulationDetector error: type object 'AlertSeverity' has no attribute 'HIGH'
2026-09-26 14:09:51,650 - drone_ids.engine - ERROR - Detector TelemetryManipulationDetector error: type object 'AlertSeverity' has no attribute 'MEDIUM'
2026-09-26 14:09:51,894 - drone_ids.engine - ERROR - Detector TelemetryManipulationDetector error: type object 'AlertSeverity' has no attribute 'HIGH'
2026-09-26 14:09:51,895 - drone_ids.engine - ERROR - Detector TelemetryManipulationDetector error: type object 'AlertSeverity' has no attribute 'MEDIUM'
2026-09-26 14:09:52,149 - drone_ids.engine - ERROR - Detector TelemetryManipulationDetector error: type object 'AlertSeverity' has no attribute 'HIGH'
2026-09-26 14:09:52,149 - drone_ids.engine - ERROR - Detector TelemetryManipulationDetector error: type object 'AlertSeverity' has no attribute 'MEDIUM'
2026-09-26 14:09:52,398 - drone_ids.engine - ERROR - Detector TelemetryManipulationDetector error: type object 'AlertSeverity' has no attribute 'HIGH'
2026-09-26 14:09:52,399 - drone_ids.engine - ERROR - Detector TelemetryManipulationDetector error: type object 'AlertSeverity' has no attribute 'MEDIUM'
2026-09-26 14:09:52,646 - drone_ids.engine - ERROR - Detector TelemetryManipulationDetector error: type object 'AlertSeverity' has no attribute 'HIGH'
2026-09-26 14:09:52,647 - drone_ids.engine - ERROR - Detector TelemetryManipulationDetector error: type object 'AlertSeverity' has no attribute 'MEDIUM'
2026-09-26 14:09:52,895 - drone_ids.engine - ERROR - Detector TelemetryManipulationDetector error: type object 'AlertSeverity' has no attribute 'HIGH'
2026-09-26 14:09:52,896 - drone_ids.engine - ERROR - Detector TelemetryManipulationDetector error: type object 'AlertSeverity' has no attribute 'MEDIUM'
2026-09-26 14:09:53,148 - drone_ids.engine - ERROR - Detector TelemetryManipulationDetector error: type object 'AlertSeverity' has no attribute 'HIGH'
2026-09-26 14:09:53,149 - drone_ids.engine - ERROR - Detector TelemetryManipulationDetector error: type object 'AlertSeverity' has no attribute 'MEDIUM'
2026-09-26 14:09:53,394 - drone_ids.engine - ERROR - Detector TelemetryManipulationDetector error: type object 'AlertSeverity' has no attribute 'HIGH'
2026-09-26 14:09:53,395 - drone_ids.engine - ERROR - Detector TelemetryManipulationDetector error: type object 'AlertSeverity' has no attribute 'MEDIUM'
2026-09-26 14:09:53,643 - drone_ids.engine - ERROR - Detector TelemetryManipulationDetector error: type object 'AlertSeverity' has no attribute 'HIGH'
2026-09-26 14:09:53,643 - drone_ids.engine - ERROR - Detector TelemetryManipulationDetector error: type object 'AlertSeverity' has no attribute 'MEDIUM'
2026-09-26 14:09:53,897 - drone_ids.engine - ERROR - Detector TelemetryManipulationDetector error: type object 'AlertSeverity' has no attribute 'HIGH'
2026-09-26 14:09:53,898 - drone_ids.engine - ERROR - Detector TelemetryManipulationDetector error: type object 'AlertSeverity' has no attribute 'MEDIUM'
2026-09-26 14:09:54,145 - drone_ids.engine - ERROR - Detector TelemetryManipulationDetector error: type object 'AlertSeverity' has no attribute 'HIGH'
2026-09-26 14:09:54,146 - drone_ids.engine - ERROR - Detector TelemetryManipulationDetector error: type object 'AlertSeverity' has no attribute 'MEDIUM'
2026-09-26 14:09:54,399 - drone_ids.engine - ERROR - Detector TelemetryManipulationDetector error: type object 'AlertSeverity' has no attribute 'HIGH'
2026-09-26 14:09:54,400 - drone_ids.engine - ERROR - Detector TelemetryManipulationDetector error: type object 'AlertSeverity' has no attribute 'MEDIUM'
2026-09-26 14:09:54,645 - drone_ids.engine - ERROR - Detector TelemetryManipulationDetector error: type object 'AlertSeverity' has no attribute 'HIGH'
2026-09-26 14:09:54,645 - drone_ids.engine - ERROR - Detector TelemetryManipulationDetector error: type object 'AlertSeverity' has no attribute 'MEDIUM'
2026-09-26 14:09:54,895 - drone_ids.engine - ERROR - Detector TelemetryManipulationDetector error: type object 'AlertSeverity' has no attribute 'HIGH'
2026-09-26 14:09:54,896 - drone_ids.engine - ERROR - Detector TelemetryManipulationDetector error: type object 'AlertSeverity' has no attribute 'MEDIUM'
2026-09-26 14:09:55,150 - drone_ids.engine - ERROR - Detector TelemetryManipulationDetector error: type object 'AlertSeverity' has no attribute 'HIGH'
2026-09-26 14:09:55,151 - drone_ids.engine - ERROR - Detector TelemetryManipulationDetector error: type object 'AlertSeverity' has no attribute 'MEDIUM'
2026-09-26 14:09:55,395 - drone_ids.engine - ERROR - Detector TelemetryManipulationDetector error: type object 'AlertSeverity' has no attribute 'HIGH'
2026-09-26 14:09:55,395 - drone_ids.engine - ERROR - Detector TelemetryManipulationDetector error: type object 'AlertSeverity' has no attribute 'MEDIUM'
2026-09-26 14:09:55,648 - drone_ids.engine - ERROR - Detector TelemetryManipulationDetector error: type object 'AlertSeverity' has no attribute 'HIGH'
2026-09-26 14:09:55,649 - drone_ids.engine - ERROR - Detector TelemetryManipulationDetector error: type object 'AlertSeverity' has no attribute 'MEDIUM'
2026-09-26 14:09:55,895 - drone_ids.engine - ERROR - Detector TelemetryManipulationDetector error: type object 'AlertSeverity' has no attribute 'HIGH'
2026-09-26 14:09:55,896 - drone_ids.engine - ERROR - Detector TelemetryManipulationDetector error: type object 'AlertSeverity' has no attribute 'MEDIUM'
2026-09-26 14:09:56,149 - drone_ids.engine - ERROR - Detector TelemetryManipulationDetector error: type object 'AlertSeverity' has no attribute 'HIGH'
2026-09-26 14:09:56,149 - drone_ids.engine - ERROR - Detector TelemetryManipulationDetector error: type object 'AlertSeverity' has no attribute 'MEDIUM'
2026-09-26 14:09:56,398 - drone_ids.engine - ERROR - Detector TelemetryManipulationDetector error: type object 'AlertSeverity' has no attribute 'HIGH'
2026-09-26 14:09:56,398 - drone_ids.engine - ERROR - Detector TelemetryManipulationDetector error: type object 'AlertSeverity' has no attribute 'MEDIUM'
2026-09-26 14:09:56,649 - drone_ids.engine - ERROR - Detector TelemetryManipulationDetector error: type object 'AlertSeverity' has no attribute 'HIGH'
2026-09-26 14:09:56,650 - drone_ids.engine - ERROR - Detector TelemetryManipulationDetector error: type object 'AlertSeverity' has no attribute 'MEDIUM'
2026-09-26 14:09:56,896 - drone_ids.engine - ERROR - Detector TelemetryManipulationDetector error: type object 'AlertSeverity' has no attribute 'HIGH'
2026-09-26 14:09:56,897 - drone_ids.engine - ERROR - Detector TelemetryManipulationDetector error: type object 'AlertSeverity' has no attribute 'MEDIUM'
2026-09-26 14:09:57,148 - drone_ids.engine - ERROR - Detector TelemetryManipulationDetector error: type object 'AlertSeverity' has no attribute 'HIGH'
2026-09-26 14:09:57,149 - drone_ids.engine - ERROR - Detector TelemetryManipulationDetector error: type object 'AlertSeverity' has no attribute 'MEDIUM'
2026-09-26 14:09:57,393 - drone_ids.engine - ERROR - Detector TelemetryManipulationDetector error: type object 'AlertSeverity' has no attribute 'HIGH'
2026-09-26 14:09:57,393 - drone_ids.engine - ERROR - Detector TelemetryManipulationDetector error: type object 'AlertSeverity' has no attribute 'MEDIUM'
2026-09-26 14:09:57,645 - drone_ids.engine - ERROR - Detector TelemetryManipulationDetector error: type object 'AlertSeverity' has no attribute 'HIGH'
2026-09-26 14:09:57,646 - drone_ids.engine - ERROR - Detector TelemetryManipulationDetector error: type object 'AlertSeverity' has no attribute 'MEDIUM'
2026-09-26 14:09:57,899 - drone_ids.engine - ERROR - Detector TelemetryManipulationDetector error: type object 'AlertSeverity' has no attribute 'HIGH'
2026-09-26 14:09:57,900 - drone_ids.engine - ERROR - Detector TelemetryManipulationDetector error: type object 'AlertSeverity' has no attribute 'MEDIUM'
2026-09-26 14:09:58,145 - drone_ids.engine - ERROR - Detector TelemetryManipulationDetector error: type object 'AlertSeverity' has no attribute 'HIGH'
2026-09-26 14:09:58,145 - drone_ids.engine - ERROR - Detector TelemetryManipulationDetector error: type object 'AlertSeverity' has no attribute 'MEDIUM'
2026-09-26 14:09:58,394 - drone_ids.engine - ERROR - Detector TelemetryManipulationDetector error: type object 'AlertSeverity' has no attribute 'HIGH'
2026-09-26 14:09:58,394 - drone_ids.engine - ERROR - Detector TelemetryManipulationDetector error: type object 'AlertSeverity' has no attribute 'MEDIUM'
2026-09-26 14:09:58,647 - drone_ids.engine - ERROR - Detector TelemetryManipulationDetector error: type object 'AlertSeverity' has no attribute 'HIGH'
2026-09-26 14:09:58,647 - drone_ids.engine - ERROR - Detector TelemetryManipulationDetector error: type object 'AlertSeverity' has no attribute 'MEDIUM'
2026-09-26 14:09:58,900 - drone_ids.engine - ERROR - Detector TelemetryManipulationDetector error: type object 'AlertSeverity' has no attribute 'HIGH'
2026-09-26 14:09:58,901 - drone_ids.engine - ERROR - Detector TelemetryManipulationDetector error: type object 'AlertSeverity' has no attribute 'MEDIUM'
2026-09-26 14:09:59,150 - drone_ids.engine - ERROR - Detector TelemetryManipulationDetector error: type object 'AlertSeverity' has no attribute 'HIGH'
2026-09-26 14:09:59,150 - drone_ids.engine - ERROR - Detector TelemetryManipulationDetector error: type object 'AlertSeverity' has no attribute 'MEDIUM'
2026-09-26 14:09:59,397 - drone_ids.engine - ERROR - Detector TelemetryManipulationDetector error: type object 'AlertSeverity' has no attribute 'HIGH'
2026-09-26 14:09:59,398 - drone_ids.engine - ERROR - Detector TelemetryManipulationDetector error: type object 'AlertSeverity' has no attribute 'MEDIUM'
2026-09-26 14:09:59,646 - drone_ids.engine - ERROR - Detector TelemetryManipulationDetector error: type object 'AlertSeverity' has no attribute 'HIGH'
2026-09-26 14:09:59,647 - drone_ids.engine - ERROR - Detector TelemetryManipulationDetector error: type object 'AlertSeverity' has no attribute 'MEDIUM'
2026-09-26 14:09:59,898 - drone_ids.engine - ERROR - Detector TelemetryManipulationDetector error: type object 'AlertSeverity' has no attribute 'HIGH'
2026-09-26 14:09:59,898 - drone_ids.engine - ERROR - Detector TelemetryManipulationDetector error: type object 'AlertSeverity' has no attribute 'MEDIUM'
2026-09-26 14:10:00,065 - drone_ids.main - INFO - Status: {'state': 'running', 'detectors': 6, 'stats': {'messages_processed': 6292, 'alerts_generated': 3, 'alerts_by_type': {'gps_impossible_velocity': 1, 'gps_position_jump': 1, 'mavlink_sequence_gap': 1}, 'uptime': 68.00857734680176, 'errors': 433}}
2026-09-26 14:10:00,148 - drone_ids.engine - ERROR - Detector TelemetryManipulationDetector error: type object 'AlertSeverity' has no attribute 'HIGH'
2026-09-26 14:10:00,148 - drone_ids.engine - ERROR - Detector TelemetryManipulationDetector error: type object 'AlertSeverity' has no attribute 'MEDIUM'
2026-09-26 14:10:00,400 - drone_ids.engine - ERROR - Detector TelemetryManipulationDetector error: type object 'AlertSeverity' has no attribute 'HIGH'
2026-09-26 14:10:00,401 - drone_ids.engine - ERROR - Detector TelemetryManipulationDetector error: type object 'AlertSeverity' has no attribute 'MEDIUM'
2026-09-26 14:10:00,643 - drone_ids.engine - ERROR - Detector TelemetryManipulationDetector error: type object 'AlertSeverity' has no attribute 'HIGH'
2026-09-26 14:10:00,643 - drone_ids.engine - ERROR - Detector TelemetryManipulationDetector error: type object 'AlertSeverity' has no attribute 'MEDIUM'
2026-09-26 14:10:00,899 - drone_ids.engine - ERROR - Detector TelemetryManipulationDetector error: type object 'AlertSeverity' has no attribute 'HIGH'
2026-09-26 14:10:00,900 - drone_ids.engine - ERROR - Detector TelemetryManipulationDetector error: type object 'AlertSeverity' has no attribute 'MEDIUM'
2026-09-26 14:10:01,146 - drone_ids.engine - ERROR - Detector TelemetryManipulationDetector error: type object 'AlertSeverity' has no attribute 'HIGH'
2026-09-26 14:10:01,146 - drone_ids.engine - ERROR - Detector TelemetryManipulationDetector error: type object 'AlertSeverity' has no attribute 'MEDIUM'
2026-09-26 14:10:01,398 - drone_ids.engine - ERROR - Detector TelemetryManipulationDetector error: type object 'AlertSeverity' has no attribute 'HIGH'
2026-09-26 14:10:01,398 - drone_ids.engine - ERROR - Detector TelemetryManipulationDetector error: type object 'AlertSeverity' has no attribute 'MEDIUM'
2026-09-26 14:10:01,648 - drone_ids.engine - ERROR - Detector TelemetryManipulationDetector error: type object 'AlertSeverity' has no attribute 'HIGH'
2026-09-26 14:10:01,648 - drone_ids.engine - ERROR - Detector TelemetryManipulationDetector error: type object 'AlertSeverity' has no attribute 'MEDIUM'
2026-09-26 14:10:01,894 - drone_ids.engine - ERROR - Detector TelemetryManipulationDetector error: type object 'AlertSeverity' has no attribute 'HIGH'
2026-09-26 14:10:01,894 - drone_ids.engine - ERROR - Detector TelemetryManipulationDetector error: type object 'AlertSeverity' has no attribute 'MEDIUM'
2026-09-26 14:10:02,147 - drone_ids.engine - ERROR - Detector TelemetryManipulationDetector error: type object 'AlertSeverity' has no attribute 'HIGH'
2026-09-26 14:10:02,147 - drone_ids.engine - ERROR - Detector TelemetryManipulationDetector error: type object 'AlertSeverity' has no attribute 'MEDIUM'
2026-09-26 14:10:02,400 - drone_ids.engine - ERROR - Detector TelemetryManipulationDetector error: type object 'AlertSeverity' has no attribute 'HIGH'
2026-09-26 14:10:02,401 - drone_ids.engine - ERROR - Detector TelemetryManipulationDetector error: type object 'AlertSeverity' has no attribute 'MEDIUM'
2026-09-26 14:10:02,649 - drone_ids.engine - ERROR - Detector TelemetryManipulationDetector error: type object 'AlertSeverity' has no attribute 'HIGH'
2026-09-26 14:10:02,650 - drone_ids.engine - ERROR - Detector TelemetryManipulationDetector error: type object 'AlertSeverity' has no attribute 'MEDIUM'
2026-09-26 14:10:02,896 - drone_ids.engine - ERROR - Detector TelemetryManipulationDetector error: type object 'AlertSeverity' has no attribute 'HIGH'
2026-09-26 14:10:02,897 - drone_ids.engine - ERROR - Detector TelemetryManipulationDetector error: type object 'AlertSeverity' has no attribute 'MEDIUM'
2026-09-26 14:10:03,148 - drone_ids.engine - ERROR - Detector TelemetryManipulationDetector error: type object 'AlertSeverity' has no attribute 'HIGH'
2026-09-26 14:10:03,149 - drone_ids.engine - ERROR - Detector TelemetryManipulationDetector error: type object 'AlertSeverity' has no attribute 'MEDIUM'
2026-09-26 14:10:03,401 - drone_ids.engine - ERROR - Detector TelemetryManipulationDetector error: type object 'AlertSeverity' has no attribute 'HIGH'
2026-09-26 14:10:03,402 - drone_ids.engine - ERROR - Detector TelemetryManipulationDetector error: type object 'AlertSeverity' has no attribute 'MEDIUM'
2026-09-26 14:10:03,648 - drone_ids.engine - ERROR - Detector TelemetryManipulationDetector error: type object 'AlertSeverity' has no attribute 'HIGH'
2026-09-26 14:10:03,648 - drone_ids.engine - ERROR - Detector TelemetryManipulationDetector error: type object 'AlertSeverity' has no attribute 'MEDIUM'
2026-09-26 14:10:03,900 - drone_ids.engine - ERROR - Detector TelemetryManipulationDetector error: type object 'AlertSeverity' has no attribute 'HIGH'
2026-09-26 14:10:03,901 - drone_ids.engine - ERROR - Detector TelemetryManipulationDetector error: type object 'AlertSeverity' has no attribute 'MEDIUM'
2026-09-26 14:10:04,150 - drone_ids.engine - ERROR - Detector TelemetryManipulationDetector error: type object 'AlertSeverity' has no attribute 'HIGH'
2026-09-26 14:10:04,150 - drone_ids.engine - ERROR - Detector TelemetryManipulationDetector error: type object 'AlertSeverity' has no attribute 'MEDIUM'
2026-09-26 14:10:04,394 - drone_ids.engine - ERROR - Detector TelemetryManipulationDetector error: type object 'AlertSeverity' has no attribute 'HIGH'
2026-09-26 14:10:04,394 - drone_ids.engine - ERROR - Detector TelemetryManipulationDetector error: type object 'AlertSeverity' has no attribute 'MEDIUM'
2026-09-26 14:10:04,645 - drone_ids.engine - ERROR - Detector TelemetryManipulationDetector error: type object 'AlertSeverity' has no attribute 'HIGH'
2026-09-26 14:10:04,646 - drone_ids.engine - ERROR - Detector TelemetryManipulationDetector error: type object 'AlertSeverity' has no attribute 'MEDIUM'
2026-09-26 14:10:04,897 - drone_ids.engine - ERROR - Detector TelemetryManipulationDetector error: type object 'AlertSeverity' has no attribute 'HIGH'
2026-09-26 14:10:04,897 - drone_ids.engine - ERROR - Detector TelemetryManipulationDetector error: type object 'AlertSeverity' has no attribute 'MEDIUM'
2026-09-26 14:10:05,146 - drone_ids.engine - ERROR - Detector TelemetryManipulationDetector error: type object 'AlertSeverity' has no attribute 'HIGH'
2026-09-26 14:10:05,146 - drone_ids.engine - ERROR - Detector TelemetryManipulationDetector error: type object 'AlertSeverity' has no attribute 'MEDIUM'
2026-09-26 14:10:05,398 - drone_ids.engine - ERROR - Detector TelemetryManipulationDetector error: type object 'AlertSeverity' has no attribute 'HIGH'
2026-09-26 14:10:05,398 - drone_ids.engine - ERROR - Detector TelemetryManipulationDetector error: type object 'AlertSeverity' has no attribute 'MEDIUM'
2026-09-26 14:10:05,646 - drone_ids.engine - ERROR - Detector TelemetryManipulationDetector error: type object 'AlertSeverity' has no attribute 'HIGH'
2026-09-26 14:10:05,646 - drone_ids.engine - ERROR - Detector TelemetryManipulationDetector error: type object 'AlertSeverity' has no attribute 'MEDIUM'
2026-09-26 14:10:05,897 - drone_ids.engine - ERROR - Detector TelemetryManipulationDetector error: type object 'AlertSeverity' has no attribute 'HIGH'
2026-09-26 14:10:05,898 - drone_ids.engine - ERROR - Detector TelemetryManipulationDetector error: type object 'AlertSeverity' has no attribute 'MEDIUM'
2026-09-26 14:10:06,150 - drone_ids.engine - ERROR - Detector TelemetryManipulationDetector error: type object 'AlertSeverity' has no attribute 'HIGH'
2026-09-26 14:10:06,152 - drone_ids.engine - ERROR - Detector TelemetryManipulationDetector error: type object 'AlertSeverity' has no attribute 'MEDIUM'
2026-09-26 14:10:06,401 - drone_ids.engine - ERROR - Detector TelemetryManipulationDetector error: type object 'AlertSeverity' has no attribute 'HIGH'
2026-09-26 14:10:06,402 - drone_ids.engine - ERROR - Detector TelemetryManipulationDetector error: type object 'AlertSeverity' has no attribute 'MEDIUM'
2026-09-26 14:10:06,649 - drone_ids.engine - ERROR - Detector TelemetryManipulationDetector error: type object 'AlertSeverity' has no attribute 'HIGH'
2026-09-26 14:10:06,650 - drone_ids.engine - ERROR - Detector TelemetryManipulationDetector error: type object 'AlertSeverity' has no attribute 'MEDIUM'
2026-09-26 14:10:06,903 - drone_ids.engine - ERROR - Detector TelemetryManipulationDetector error: type object 'AlertSeverity' has no attribute 'HIGH'
2026-09-26 14:10:06,904 - drone_ids.engine - ERROR - Detector TelemetryManipulationDetector error: type object 'AlertSeverity' has no attribute 'MEDIUM'
2026-09-26 14:10:07,151 - drone_ids.engine - ERROR - Detector TelemetryManipulationDetector error: type object 'AlertSeverity' has no attribute 'HIGH'
2026-09-26 14:10:07,152 - drone_ids.engine - ERROR - Detector TelemetryManipulationDetector error: type object 'AlertSeverity' has no attribute 'MEDIUM'
2026-09-26 14:10:07,398 - drone_ids.engine - ERROR - Detector TelemetryManipulationDetector error: type object 'AlertSeverity' has no attribute 'HIGH'
2026-09-26 14:10:07,399 - drone_ids.engine - ERROR - Detector TelemetryManipulationDetector error: type object 'AlertSeverity' has no attribute 'MEDIUM'
2026-09-26 14:10:07,647 - drone_ids.engine - ERROR - Detector TelemetryManipulationDetector error: type object 'AlertSeverity' has no attribute 'HIGH'
2026-09-26 14:10:07,648 - drone_ids.engine - ERROR - Detector TelemetryManipulationDetector error: type object 'AlertSeverity' has no attribute 'MEDIUM'
2026-09-26 14:10:07,900 - drone_ids.engine - ERROR - Detector TelemetryManipulationDetector error: type object 'AlertSeverity' has no attribute 'HIGH'
2026-09-26 14:10:07,901 - drone_ids.engine - ERROR - Detector TelemetryManipulationDetector error: type object 'AlertSeverity' has no attribute 'MEDIUM'
2026-09-26 14:10:08,149 - drone_ids.engine - ERROR - Detector TelemetryManipulationDetector error: type object 'AlertSeverity' has no attribute 'HIGH'
2026-09-26 14:10:08,150 - drone_ids.engine - ERROR - Detector TelemetryManipulationDetector error: type object 'AlertSeverity' has no attribute 'MEDIUM'
2026-09-26 14:10:08,402 - drone_ids.engine - ERROR - Detector TelemetryManipulationDetector error: type object 'AlertSeverity' has no attribute 'HIGH'
2026-09-26 14:10:08,403 - drone_ids.engine - ERROR - Detector TelemetryManipulationDetector error: type object 'AlertSeverity' has no attribute 'MEDIUM'
2026-09-26 14:10:08,647 - drone_ids.engine - ERROR - Detector TelemetryManipulationDetector error: type object 'AlertSeverity' has no attribute 'HIGH'
2026-09-26 14:10:08,647 - drone_ids.engine - ERROR - Detector TelemetryManipulationDetector error: type object 'AlertSeverity' has no attribute 'MEDIUM'
2026-09-26 14:10:08,899 - drone_ids.engine - ERROR - Detector TelemetryManipulationDetector error: type object 'AlertSeverity' has no attribute 'HIGH'
2026-09-26 14:10:08,899 - drone_ids.engine - ERROR - Detector TelemetryManipulationDetector error: type object 'AlertSeverity' has no attribute 'MEDIUM'
2026-09-26 14:10:09,151 - drone_ids.engine - ERROR - Detector TelemetryManipulationDetector error: type object 'AlertSeverity' has no attribute 'HIGH'
2026-09-26 14:10:09,152 - drone_ids.engine - ERROR - Detector TelemetryManipulationDetector error: type object 'AlertSeverity' has no attribute 'MEDIUM'
2026-09-26 14:10:09,403 - drone_ids.engine - ERROR - Detector TelemetryManipulationDetector error: type object 'AlertSeverity' has no attribute 'HIGH'
2026-09-26 14:10:09,404 - drone_ids.engine - ERROR - Detector TelemetryManipulationDetector error: type object 'AlertSeverity' has no attribute 'MEDIUM'
2026-09-26 14:10:09,651 - drone_ids.engine - ERROR - Detector TelemetryManipulationDetector error: type object 'AlertSeverity' has no attribute 'HIGH'
2026-09-26 14:10:09,652 - drone_ids.engine - ERROR - Detector TelemetryManipulationDetector error: type object 'AlertSeverity' has no attribute 'MEDIUM'
2026-09-26 14:10:09,898 - drone_ids.engine - ERROR - Detector TelemetryManipulationDetector error: type object 'AlertSeverity' has no attribute 'HIGH'
2026-09-26 14:10:09,898 - drone_ids.engine - ERROR - Detector TelemetryManipulationDetector error: type object 'AlertSeverity' has no attribute 'MEDIUM'
2026-09-26 14:10:10,150 - drone_ids.engine - ERROR - Detector TelemetryManipulationDetector error: type object 'AlertSeverity' has no attribute 'HIGH'
2026-09-26 14:10:10,151 - drone_ids.engine - ERROR - Detector TelemetryManipulationDetector error: type object 'AlertSeverity' has no attribute 'MEDIUM'
2026-09-26 14:10:10,398 - drone_ids.engine - ERROR - Detector TelemetryManipulationDetector error: type object 'AlertSeverity' has no attribute 'HIGH'
2026-09-26 14:10:10,399 - drone_ids.engine - ERROR - Detector TelemetryManipulationDetector error: type object 'AlertSeverity' has no attribute 'MEDIUM'
2026-09-26 14:10:10,645 - drone_ids.engine - ERROR - Detector TelemetryManipulationDetector error: type object 'AlertSeverity' has no attribute 'HIGH'
2026-09-26 14:10:10,645 - drone_ids.engine - ERROR - Detector TelemetryManipulationDetector error: type object 'AlertSeverity' has no attribute 'MEDIUM'
2026-09-26 14:10:10,901 - drone_ids.engine - ERROR - Detector TelemetryManipulationDetector error: type object 'AlertSeverity' has no attribute 'HIGH'
2026-09-26 14:10:10,902 - drone_ids.engine - ERROR - Detector TelemetryManipulationDetector error: type object 'AlertSeverity' has no attribute 'MEDIUM'
2026-09-26 14:10:11,148 - drone_ids.engine - ERROR - Detector TelemetryManipulationDetector error: type object 'AlertSeverity' has no attribute 'HIGH'
2026-09-26 14:10:11,149 - drone_ids.engine - ERROR - Detector TelemetryManipulationDetector error: type object 'AlertSeverity' has no attribute 'MEDIUM'
2026-09-26 14:10:11,401 - drone_ids.engine - ERROR - Detector TelemetryManipulationDetector error: type object 'AlertSeverity' has no attribute 'HIGH'
2026-09-26 14:10:11,401 - drone_ids.engine - ERROR - Detector TelemetryManipulationDetector error: type object 'AlertSeverity' has no attribute 'MEDIUM'
2026-09-26 14:10:11,649 - drone_ids.engine - ERROR - Detector TelemetryManipulationDetector error: type object 'AlertSeverity' has no attribute 'HIGH'
2026-09-26 14:10:11,650 - drone_ids.engine - ERROR - Detector TelemetryManipulationDetector error: type object 'AlertSeverity' has no attribute 'MEDIUM'
2026-09-26 14:10:11,898 - drone_ids.engine - ERROR - Detector TelemetryManipulationDetector error: type object 'AlertSeverity' has no attribute 'HIGH'
2026-09-26 14:10:11,898 - drone_ids.engine - ERROR - Detector TelemetryManipulationDetector error: type object 'AlertSeverity' has no attribute 'MEDIUM'
2026-09-26 14:10:12,153 - drone_ids.engine - ERROR - Detector TelemetryManipulationDetector error: type object 'AlertSeverity' has no attribute 'HIGH'
2026-09-26 14:10:12,153 - drone_ids.engine - ERROR - Detector TelemetryManipulationDetector error: type object 'AlertSeverity' has no attribute 'MEDIUM'
2026-09-26 14:10:12,404 - drone_ids.engine - ERROR - Detector TelemetryManipulationDetector error: type object 'AlertSeverity' has no attribute 'HIGH'
2026-09-26 14:10:12,404 - drone_ids.engine - ERROR - Detector TelemetryManipulationDetector error: type object 'AlertSeverity' has no attribute 'MEDIUM'
2026-09-26 14:10:12,648 - drone_ids.engine - ERROR - Detector TelemetryManipulationDetector error: type object 'AlertSeverity' has no attribute 'HIGH'
2026-09-26 14:10:12,648 - drone_ids.engine - ERROR - Detector TelemetryManipulationDetector error: type object 'AlertSeverity' has no attribute 'MEDIUM'
2026-09-26 14:10:12,900 - drone_ids.engine - ERROR - Detector TelemetryManipulationDetector error: type object 'AlertSeverity' has no attribute 'HIGH'
2026-09-26 14:10:12,901 - drone_ids.engine - ERROR - Detector TelemetryManipulationDetector error: type object 'AlertSeverity' has no attribute 'MEDIUM'
2026-09-26 14:10:13,152 - drone_ids.engine - ERROR - Detector TelemetryManipulationDetector error: type object 'AlertSeverity' has no attribute 'HIGH'
2026-09-26 14:10:13,153 - drone_ids.engine - ERROR - Detector TelemetryManipulationDetector error: type object 'AlertSeverity' has no attribute 'MEDIUM'
2026-09-26 14:10:13,397 - drone_ids.engine - ERROR - Detector TelemetryManipulationDetector error: type object 'AlertSeverity' has no attribute 'HIGH'
2026-09-26 14:10:13,398 - drone_ids.engine - ERROR - Detector TelemetryManipulationDetector error: type object 'AlertSeverity' has no attribute 'MEDIUM'
2026-09-26 14:10:13,652 - drone_ids.engine - ERROR - Detector TelemetryManipulationDetector error: type object 'AlertSeverity' has no attribute 'HIGH'
2026-09-26 14:10:13,652 - drone_ids.engine - ERROR - Detector TelemetryManipulationDetector error: type object 'AlertSeverity' has no attribute 'MEDIUM'
2026-09-26 14:10:13,902 - drone_ids.engine - ERROR - Detector TelemetryManipulationDetector error: type object 'AlertSeverity' has no attribute 'HIGH'
2026-09-26 14:10:13,904 - drone_ids.engine - ERROR - Detector TelemetryManipulationDetector error: type object 'AlertSeverity' has no attribute 'MEDIUM'
2026-09-26 14:10:14,152 - drone_ids.engine - ERROR - Detector TelemetryManipulationDetector error: type object 'AlertSeverity' has no attribute 'HIGH'
2026-09-26 14:10:14,153 - drone_ids.engine - ERROR - Detector TelemetryManipulationDetector error: type object 'AlertSeverity' has no attribute 'MEDIUM'
2026-09-26 14:10:14,402 - drone_ids.engine - ERROR - Detector TelemetryManipulationDetector error: type object 'AlertSeverity' has no attribute 'HIGH'
2026-09-26 14:10:14,402 - drone_ids.engine - ERROR - Detector TelemetryManipulationDetector error: type object 'AlertSeverity' has no attribute 'MEDIUM'
2026-09-26 14:10:14,651 - drone_ids.engine - ERROR - Detector TelemetryManipulationDetector error: type object 'AlertSeverity' has no attribute 'HIGH'
2026-09-26 14:10:14,651 - drone_ids.engine - ERROR - Detector TelemetryManipulationDetector error: type object 'AlertSeverity' has no attribute 'MEDIUM'
2026-09-26 14:10:14,899 - drone_ids.engine - ERROR - Detector TelemetryManipulationDetector error: type object 'AlertSeverity' has no attribute 'HIGH'
2026-09-26 14:10:14,900 - drone_ids.engine - ERROR - Detector TelemetryManipulationDetector error: type object 'AlertSeverity' has no attribute 'MEDIUM'
2026-09-26 14:10:15,150 - drone_ids.engine - ERROR - Detector TelemetryManipulationDetector error: type object 'AlertSeverity' has no attribute 'HIGH'
2026-09-26 14:10:15,150 - drone_ids.engine - ERROR - Detector TelemetryManipulationDetector error: type object 'AlertSeverity' has no attribute 'MEDIUM'
2026-09-26 14:10:15,401 - drone_ids.engine - ERROR - Detector TelemetryManipulationDetector error: type object 'AlertSeverity' has no attribute 'HIGH'
2026-09-26 14:10:15,402 - drone_ids.engine - ERROR - Detector TelemetryManipulationDetector error: type object 'AlertSeverity' has no attribute 'MEDIUM'
2026-09-26 14:10:15,653 - drone_ids.engine - ERROR - Detector TelemetryManipulationDetector error: type object 'AlertSeverity' has no attribute 'HIGH'
2026-09-26 14:10:15,653 - drone_ids.engine - ERROR - Detector TelemetryManipulationDetector error: type object 'AlertSeverity' has no attribute 'MEDIUM'
2026-09-26 14:10:15,904 - drone_ids.engine - ERROR - Detector TelemetryManipulationDetector error: type object 'AlertSeverity' has no attribute 'HIGH'
2026-09-26 14:10:15,904 - drone_ids.engine - ERROR - Detector TelemetryManipulationDetector error: type object 'AlertSeverity' has no attribute 'MEDIUM'
2026-09-26 14:10:16,149 - drone_ids.engine - ERROR - Detector TelemetryManipulationDetector error: type object 'AlertSeverity' has no attribute 'HIGH'
2026-09-26 14:10:16,150 - drone_ids.engine - ERROR - Detector TelemetryManipulationDetector error: type object 'AlertSeverity' has no attribute 'MEDIUM'
2026-09-26 14:10:16,402 - drone_ids.engine - ERROR - Detector TelemetryManipulationDetector error: type object 'AlertSeverity' has no attribute 'HIGH'
2026-09-26 14:10:16,405 - drone_ids.engine - ERROR - Detector TelemetryManipulationDetector error: type object 'AlertSeverity' has no attribute 'MEDIUM'
2026-09-26 14:10:16,650 - drone_ids.engine - ERROR - Detector TelemetryManipulationDetector error: type object 'AlertSeverity' has no attribute 'HIGH'
2026-09-26 14:10:16,651 - drone_ids.engine - ERROR - Detector TelemetryManipulationDetector error: type object 'AlertSeverity' has no attribute 'MEDIUM'
2026-09-26 14:10:16,900 - drone_ids.engine - ERROR - Detector TelemetryManipulationDetector error: type object 'AlertSeverity' has no attribute 'HIGH'
2026-09-26 14:10:16,901 - drone_ids.engine - ERROR - Detector TelemetryManipulationDetector error: type object 'AlertSeverity' has no attribute 'MEDIUM'
2026-09-26 14:10:17,152 - drone_ids.engine - ERROR - Detector TelemetryManipulationDetector error: type object 'AlertSeverity' has no attribute 'HIGH'
2026-09-26 14:10:17,153 - drone_ids.engine - ERROR - Detector TelemetryManipulationDetector error: type object 'AlertSeverity' has no attribute 'MEDIUM'
2026-09-26 14:10:17,402 - drone_ids.engine - ERROR - Detector TelemetryManipulationDetector error: type object 'AlertSeverity' has no attribute 'HIGH'
2026-09-26 14:10:17,403 - drone_ids.engine - ERROR - Detector TelemetryManipulationDetector error: type object 'AlertSeverity' has no attribute 'MEDIUM'
2026-09-26 14:10:17,650 - drone_ids.engine - ERROR - Detector TelemetryManipulationDetector error: type object 'AlertSeverity' has no attribute 'HIGH'
2026-09-26 14:10:17,650 - drone_ids.engine - ERROR - Detector TelemetryManipulationDetector error: type object 'AlertSeverity' has no attribute 'MEDIUM'
2026-09-26 14:10:17,903 - drone_ids.engine - ERROR - Detector TelemetryManipulationDetector error: type object 'AlertSeverity' has no attribute 'HIGH'
2026-09-26 14:10:17,904 - drone_ids.engine - ERROR - Detector TelemetryManipulationDetector error: type object 'AlertSeverity' has no attribute 'MEDIUM'
2026-09-26 14:10:18,151 - drone_ids.engine - ERROR - Detector TelemetryManipulationDetector error: type object 'AlertSeverity' has no attribute 'HIGH'
2026-09-26 14:10:18,152 - drone_ids.engine - ERROR - Detector TelemetryManipulationDetector error: type object 'AlertSeverity' has no attribute 'MEDIUM'
2026-09-26 14:13:20,759 - drone_ids.main - INFO - Initializing Drone IDS...
2026-09-26 14:13:20,764 - drone_ids.engine - INFO - Added detector: GPSSpoofingDetector
2026-09-26 14:13:20,764 - drone_ids.main - INFO - Registered: GPSSpoofingDetector
2026-09-26 14:13:20,764 - drone_ids.engine - INFO - Added detector: MAVLinkAnomalyDetector
2026-09-26 14:13:20,764 - drone_ids.main - INFO - Registered: MAVLinkAnomalyDetector
2026-09-26 14:13:20,764 - drone_ids.engine - INFO - Added detector: CommandInjectionDetector
2026-09-26 14:13:20,764 - drone_ids.main - INFO - Registered: CommandInjectionDetector
2026-09-26 14:13:20,764 - drone_ids.engine - INFO - Added detector: TelemetryManipulationDetector
2026-09-26 14:13:20,764 - drone_ids.main - INFO - Registered: TelemetryManipulationDetector
2026-09-26 14:13:20,764 - drone_ids.engine - INFO - Added detector: DoSDetector
2026-09-26 14:13:20,764 - drone_ids.main - INFO - Registered: DoSDetector
2026-09-26 14:13:20,764 - drone_ids.engine - INFO - Added detector: FirmwareIntegrityDetector
2026-09-26 14:13:20,764 - drone_ids.main - INFO - Registered: FirmwareIntegrityDetector
2026-09-26 14:13:20,764 - drone_ids.alert_manager - INFO - Alert Manager started
2026-09-26 14:13:20,764 - drone_ids.main - INFO - Connecting to SITL on UDP 14550...
2026-09-26 14:13:20,764 - drone_ids.mavlink - INFO - Connecting to udp:127.0.0.1:14550...
2026-09-26 14:13:20,764 - drone_ids.mavlink - INFO - Waiting for heartbeat...
2026-09-26 14:13:21,139 - drone_ids.mavlink - INFO - Connected to system 1
2026-09-26 14:13:21,141 - drone_ids.main - INFO - Requested stream 0 at 10Hz
2026-09-26 14:13:21,142 - drone_ids.main - INFO - Requested stream 5 at 10Hz
2026-09-26 14:13:21,142 - drone_ids.main - INFO - Requested stream 2 at 5Hz
2026-09-26 14:13:21,143 - drone_ids.main - INFO - Starting Drone IDS...
2026-09-26 14:13:21,143 - drone_ids.detector.GPSSpoofingDetector - INFO - GPS Spoofing Detector initialized
2026-09-26 14:13:21,143 - drone_ids.engine - INFO - Initialized detector: GPSSpoofingDetector
2026-09-26 14:13:21,144 - drone_ids.detector.MAVLinkAnomalyDetector - INFO - MAVLink Anomaly Detector initialized
2026-09-26 14:13:21,144 - drone_ids.engine - INFO - Initialized detector: MAVLinkAnomalyDetector
2026-09-26 14:13:21,144 - drone_ids.detector.CommandInjectionDetector - INFO - Command Injection Detector initialized
2026-09-26 14:13:21,144 - drone_ids.engine - INFO - Initialized detector: CommandInjectionDetector
2026-09-26 14:13:21,144 - drone_ids.detector.TelemetryManipulationDetector - INFO - Telemetry Manipulation Detector initialized
2026-09-26 14:13:21,145 - drone_ids.engine - INFO - Initialized detector: TelemetryManipulationDetector
2026-09-26 14:13:21,145 - drone_ids.detector.DoSDetector - INFO - DoS Detector initialized
2026-09-26 14:13:21,145 - drone_ids.engine - INFO - Initialized detector: DoSDetector
2026-09-26 14:13:21,145 - drone_ids.detector.FirmwareIntegrityDetector - INFO - Firmware Integrity Detector initialized
2026-09-26 14:13:21,145 - drone_ids.engine - INFO - Initialized detector: FirmwareIntegrityDetector
2026-09-26 14:13:21,146 - drone_ids.engine - INFO - IDS Engine started
2026-09-26 14:13:21,146 - drone_ids.main - INFO - Running indefinitely (Ctrl+C to stop)...
2026-09-26 14:13:30,147 - drone_ids.main - INFO - Status: {'state': 'running', 'detectors': 6, 'stats': {'messages_processed': 853, 'alerts_generated': 0, 'alerts_by_type': {}, 'uptime': 9.002142906188965, 'errors': 0}}
2026-09-26 14:13:39,218 - drone_ids.detector.MAVLinkAnomalyDetector - WARNING - ALERT [WARNING] mavlink_sequence_gap: MAVLink sequence gap: 11 (sys=1, comp=1, type=AHRS)
2026-09-26 14:13:50,573 - drone_ids.engine - INFO - Stats: msgs=2038, rate=69.3/s, alerts=1, errors=0
2026-09-26 14:14:00,150 - drone_ids.main - INFO - Status: {'state': 'running', 'detectors': 6, 'stats': {'messages_processed': 3081, 'alerts_generated': 1, 'alerts_by_type': {'mavlink_sequence_gap': 1}, 'uptime': 39.00534629821777, 'errors': 0}}
2026-09-26 14:14:20,600 - drone_ids.engine - INFO - Stats: msgs=5358, rate=90.1/s, alerts=1, errors=0
2026-09-26 14:14:30,155 - drone_ids.main - INFO - Status: {'state': 'running', 'detectors': 6, 'stats': {'messages_processed': 6415, 'alerts_generated': 1, 'alerts_by_type': {'mavlink_sequence_gap': 1}, 'uptime': 69.00975036621094, 'errors': 0}}
2026-09-26 14:14:50,629 - drone_ids.engine - INFO - Stats: msgs=8692, rate=97.1/s, alerts=1, errors=0
2026-09-26 14:15:00,158 - drone_ids.main - INFO - Status: {'state': 'running', 'detectors': 6, 'stats': {'messages_processed': 9749, 'alerts_generated': 1, 'alerts_by_type': {'mavlink_sequence_gap': 1}, 'uptime': 99.0130295753479, 'errors': 0}}
2026-09-26 14:15:20,660 - drone_ids.engine - INFO - Stats: msgs=12026, rate=100.6/s, alerts=1, errors=0
2026-09-26 14:15:30,162 - drone_ids.main - INFO - Status: {'state': 'running', 'detectors': 6, 'stats': {'messages_processed': 13082, 'alerts_generated': 1, 'alerts_by_type': {'mavlink_sequence_gap': 1}, 'uptime': 129.01655912399292, 'errors': 0}}
2026-09-26 14:15:50,687 - drone_ids.engine - INFO - Stats: msgs=15361, rate=102.7/s, alerts=1, errors=0
2026-09-26 14:16:00,165 - drone_ids.main - INFO - Status: {'state': 'running', 'detectors': 6, 'stats': {'messages_processed': 16415, 'alerts_generated': 1, 'alerts_by_type': {'mavlink_sequence_gap': 1}, 'uptime': 159.02033305168152, 'errors': 0}}
2026-09-26 14:16:20,714 - drone_ids.engine - INFO - Stats: msgs=18695, rate=104.1/s, alerts=1, errors=0
2026-09-26 14:16:30,170 - drone_ids.main - INFO - Status: {'state': 'running', 'detectors': 6, 'stats': {'messages_processed': 19749, 'alerts_generated': 1, 'alerts_by_type': {'mavlink_sequence_gap': 1}, 'uptime': 189.0247461795807, 'errors': 0}}
2026-09-26 14:16:50,742 - drone_ids.engine - INFO - Stats: msgs=22029, rate=105.1/s, alerts=1, errors=0
2026-09-26 14:17:00,174 - drone_ids.main - INFO - Status: {'state': 'running', 'detectors': 6, 'stats': {'messages_processed': 23083, 'alerts_generated': 1, 'alerts_by_type': {'mavlink_sequence_gap': 1}, 'uptime': 219.02873253822327, 'errors': 0}}
2026-09-26 14:17:20,770 - drone_ids.engine - INFO - Stats: msgs=25389, rate=106.0/s, alerts=1, errors=0
2026-09-26 14:17:30,177 - drone_ids.main - INFO - Status: {'state': 'running', 'detectors': 6, 'stats': {'messages_processed': 26417, 'alerts_generated': 1, 'alerts_by_type': {'mavlink_sequence_gap': 1}, 'uptime': 249.03183484077454, 'errors': 0}}
2026-09-26 14:17:50,798 - drone_ids.engine - INFO - Stats: msgs=28724, rate=106.5/s, alerts=1, errors=0
2026-09-26 14:18:00,180 - drone_ids.main - INFO - Status: {'state': 'running', 'detectors': 6, 'stats': {'messages_processed': 29751, 'alerts_generated': 1, 'alerts_by_type': {'mavlink_sequence_gap': 1}, 'uptime': 279.0351791381836, 'errors': 0}}
2026-09-26 14:18:20,860 - drone_ids.detector.MAVLinkAnomalyDetector - INFO - Learning complete. Baselines: {'FLIGHT_INFORMATION': 1.9963594445008037, 'AHRS': 3.999720781640221, 'AHRS2': 3.9997738540483967, 'ATTITUDE': 3.9998225488719545, 'GLOBAL_POSITION_INT': 3.9998981684912747, 'VFR_HUD': 3.999959900750885, 'SERVO_OUTPUT_RAW': 4.000836148941516, 'RC_CHANNELS': 4.000937532741725, 'RAW_IMU': 4.001071671576626, 'SCALED_IMU2': 4.0011644993264355, 'SCALED_IMU3': 4.001264492301417, 'SCALED_PRESSURE': 4.001362055504098, 'SCALED_PRESSURE2': 4.001471686112565, 'SYSTEM_TIME': 4.001720297863766, 'SIMSTATE': 4.001859993595285, 'TERRAIN_REPORT': 4.0021382031731605, 'EKF_STATUS_REPORT': 4.002248809633898, 'VIBRATION': 4.002528679699944, 'BATTERY_STATUS': 4.002670850152161, 'ESC_TELEMETRY_1_TO_4': 4.002770267306205, 'SYS_STATUS': 4.000091913049451, 'POWER_STATUS': 4.000292377908042, 'MEMINFO': 4.000429964337342, 'NAV_CONTROLLER_OUTPUT': 4.000547760096113, 'MISSION_CURRENT': 4.0006691179851455, 'GPS_RAW_INT': 4.0015836485550365, 'HEARTBEAT': 0.9965657490587505, 'TIMESYNC': 0.09996320537017629, 'WIND': 4.0019810995202585, 'LOCAL_POSITION_NED': 4.002394773768989}
2026-09-26 14:18:20,861 - drone_ids.engine - INFO - Stats: msgs=32058, rate=107.0/s, alerts=1, errors=0
2026-09-26 14:18:21,018 - drone_ids.detector.MAVLinkAnomalyDetector - WARNING - ALERT [WARNING] mavlink_rate_anomaly: MAVLink rate anomaly AHRS: 4.2/s (baseline: 4.0/s, z=5.6)
2026-09-26 14:18:22,018 - drone_ids.detector.MAVLinkAnomalyDetector - WARNING - ALERT [WARNING] mavlink_rate_anomaly: MAVLink rate anomaly POWER_STATUS: 4.2/s (baseline: 4.0/s, z=3.3)
2026-09-26 14:18:23,018 - drone_ids.detector.MAVLinkAnomalyDetector - WARNING - ALERT [WARNING] mavlink_rate_anomaly: MAVLink rate anomaly VFR_HUD: 4.2/s (baseline: 4.0/s, z=4.3)
2026-09-26 14:18:24,187 - drone_ids.detector.MAVLinkAnomalyDetector - WARNING - ALERT [WARNING] mavlink_rate_anomaly: MAVLink rate anomaly HEARTBEAT: 1.2/s (baseline: 1.0/s, z=4.6)
2026-09-26 14:18:25,189 - drone_ids.detector.MAVLinkAnomalyDetector - WARNING - ALERT [WARNING] mavlink_rate_anomaly: MAVLink rate anomaly HEARTBEAT: 1.2/s (baseline: 1.0/s, z=4.6)
2026-09-26 14:18:26,263 - drone_ids.detector.MAVLinkAnomalyDetector - WARNING - ALERT [WARNING] mavlink_rate_anomaly: MAVLink rate anomaly AHRS: 4.2/s (baseline: 4.0/s, z=5.4)
2026-09-26 14:18:27,267 - drone_ids.detector.MAVLinkAnomalyDetector - WARNING - ALERT [WARNING] mavlink_rate_anomaly: MAVLink rate anomaly AHRS: 4.2/s (baseline: 4.0/s, z=5.7)
2026-09-26 14:18:28,267 - drone_ids.detector.MAVLinkAnomalyDetector - WARNING - ALERT [WARNING] mavlink_rate_anomaly: MAVLink rate anomaly ATTITUDE: 4.2/s (baseline: 4.0/s, z=5.0)
2026-09-26 14:18:29,267 - drone_ids.detector.MAVLinkAnomalyDetector - WARNING - ALERT [WARNING] mavlink_rate_anomaly: MAVLink rate anomaly VFR_HUD: 4.2/s (baseline: 4.0/s, z=4.1)
2026-09-26 14:18:30,184 - drone_ids.main - INFO - Status: {'state': 'running', 'detectors': 6, 'stats': {'messages_processed': 33085, 'alerts_generated': 10, 'alerts_by_type': {'mavlink_sequence_gap': 1, 'mavlink_rate_anomaly': 9}, 'uptime': 309.03862738609314, 'errors': 0}}
2026-09-26 14:18:30,267 - drone_ids.detector.MAVLinkAnomalyDetector - WARNING - ALERT [WARNING] mavlink_rate_anomaly: MAVLink rate anomaly VFR_HUD: 4.2/s (baseline: 4.0/s, z=4.1)
2026-09-26 14:18:31,267 - drone_ids.detector.MAVLinkAnomalyDetector - WARNING - ALERT [WARNING] mavlink_rate_anomaly: MAVLink rate anomaly ATTITUDE: 4.2/s (baseline: 4.0/s, z=5.0)
2026-09-26 14:18:32,267 - drone_ids.detector.MAVLinkAnomalyDetector - WARNING - ALERT [WARNING] mavlink_rate_anomaly: MAVLink rate anomaly AHRS2: 4.2/s (baseline: 4.0/s, z=5.1)
2026-09-26 14:18:33,267 - drone_ids.detector.MAVLinkAnomalyDetector - WARNING - ALERT [WARNING] mavlink_rate_anomaly: MAVLink rate anomaly AHRS2: 4.2/s (baseline: 4.0/s, z=5.3)
2026-09-26 14:18:34,267 - drone_ids.detector.MAVLinkAnomalyDetector - WARNING - ALERT [WARNING] mavlink_rate_anomaly: MAVLink rate anomaly GLOBAL_POSITION_INT: 4.2/s (baseline: 4.0/s, z=4.6)
2026-09-26 14:18:35,269 - drone_ids.detector.MAVLinkAnomalyDetector - WARNING - ALERT [WARNING] mavlink_rate_anomaly: MAVLink rate anomaly AHRS: 4.2/s (baseline: 4.0/s, z=5.6)
2026-09-26 14:18:36,270 - drone_ids.detector.MAVLinkAnomalyDetector - WARNING - ALERT [WARNING] mavlink_rate_anomaly: MAVLink rate anomaly AHRS: 4.2/s (baseline: 4.0/s, z=5.7)
2026-09-26 14:18:37,270 - drone_ids.detector.MAVLinkAnomalyDetector - WARNING - ALERT [WARNING] mavlink_rate_anomaly: MAVLink rate anomaly AHRS2: 4.2/s (baseline: 4.0/s, z=5.3)
2026-09-26 14:18:38,270 - drone_ids.detector.MAVLinkAnomalyDetector - WARNING - ALERT [WARNING] mavlink_rate_anomaly: MAVLink rate anomaly ATTITUDE: 4.2/s (baseline: 4.0/s, z=5.0)
2026-09-26 14:18:39,270 - drone_ids.detector.MAVLinkAnomalyDetector - WARNING - ALERT [WARNING] mavlink_rate_anomaly: MAVLink rate anomaly SYS_STATUS: 4.2/s (baseline: 4.0/s, z=3.9)
2026-09-26 14:18:40,271 - drone_ids.detector.MAVLinkAnomalyDetector - WARNING - ALERT [WARNING] mavlink_rate_anomaly: MAVLink rate anomaly AHRS2: 4.2/s (baseline: 4.0/s, z=5.3)
2026-09-26 14:18:41,271 - drone_ids.detector.MAVLinkAnomalyDetector - WARNING - ALERT [WARNING] mavlink_rate_anomaly: MAVLink rate anomaly SYS_STATUS: 4.2/s (baseline: 4.0/s, z=3.8)
2026-09-26 14:18:42,517 - drone_ids.detector.MAVLinkAnomalyDetector - WARNING - ALERT [WARNING] mavlink_rate_anomaly: MAVLink rate anomaly AHRS: 4.2/s (baseline: 4.0/s, z=5.7)
2026-09-26 14:18:43,521 - drone_ids.detector.MAVLinkAnomalyDetector - WARNING - ALERT [WARNING] mavlink_rate_anomaly: MAVLink rate anomaly AHRS: 4.2/s (baseline: 4.0/s, z=5.7)
2026-09-26 14:18:44,521 - drone_ids.detector.MAVLinkAnomalyDetector - WARNING - ALERT [WARNING] mavlink_rate_anomaly: MAVLink rate anomaly AHRS: 4.2/s (baseline: 4.0/s, z=5.6)
2026-09-26 14:18:45,522 - drone_ids.detector.MAVLinkAnomalyDetector - WARNING - ALERT [WARNING] mavlink_rate_anomaly: MAVLink rate anomaly POWER_STATUS: 4.2/s (baseline: 4.0/s, z=3.4)
2026-09-26 14:18:46,524 - drone_ids.detector.MAVLinkAnomalyDetector - WARNING - ALERT [WARNING] mavlink_rate_anomaly: MAVLink rate anomaly POWER_STATUS: 4.2/s (baseline: 4.0/s, z=3.4)
2026-09-26 14:18:47,525 - drone_ids.detector.MAVLinkAnomalyDetector - WARNING - ALERT [WARNING] mavlink_rate_anomaly: MAVLink rate anomaly SYS_STATUS: 4.2/s (baseline: 4.0/s, z=3.9)
2026-09-26 14:18:48,769 - drone_ids.detector.MAVLinkAnomalyDetector - WARNING - ALERT [WARNING] mavlink_rate_anomaly: MAVLink rate anomaly AHRS: 4.2/s (baseline: 4.0/s, z=5.7)
2026-09-26 14:18:49,769 - drone_ids.detector.MAVLinkAnomalyDetector - WARNING - ALERT [WARNING] mavlink_rate_anomaly: MAVLink rate anomaly GLOBAL_POSITION_INT: 4.2/s (baseline: 4.0/s, z=4.4)
2026-09-26 14:18:50,770 - drone_ids.detector.MAVLinkAnomalyDetector - WARNING - ALERT [WARNING] mavlink_rate_anomaly: MAVLink rate anomaly SYS_STATUS: 4.2/s (baseline: 4.0/s, z=4.0)
2026-09-26 14:18:50,955 - drone_ids.engine - INFO - Stats: msgs=35392, rate=107.3/s, alerts=31, errors=0
2026-09-26 14:18:51,770 - drone_ids.detector.MAVLinkAnomalyDetector - WARNING - ALERT [WARNING] mavlink_rate_anomaly: MAVLink rate anomaly AHRS2: 4.2/s (baseline: 4.0/s, z=5.1)
2026-09-26 14:18:52,771 - drone_ids.detector.MAVLinkAnomalyDetector - WARNING - ALERT [WARNING] mavlink_rate_anomaly: MAVLink rate anomaly ATTITUDE: 4.2/s (baseline: 4.0/s, z=4.8)
2026-09-26 14:18:53,772 - drone_ids.detector.MAVLinkAnomalyDetector - WARNING - ALERT [WARNING] mavlink_rate_anomaly: MAVLink rate anomaly AHRS: 4.2/s (baseline: 4.0/s, z=5.7)
2026-09-26 14:18:54,773 - drone_ids.detector.MAVLinkAnomalyDetector - WARNING - ALERT [WARNING] mavlink_rate_anomaly: MAVLink rate anomaly GLOBAL_POSITION_INT: 4.2/s (baseline: 4.0/s, z=4.6)
2026-09-26 14:18:55,773 - drone_ids.detector.MAVLinkAnomalyDetector - WARNING - ALERT [WARNING] mavlink_rate_anomaly: MAVLink rate anomaly POWER_STATUS: 4.2/s (baseline: 4.0/s, z=3.5)
2026-09-26 14:18:56,774 - drone_ids.detector.MAVLinkAnomalyDetector - WARNING - ALERT [WARNING] mavlink_rate_anomaly: MAVLink rate anomaly MEMINFO: 4.2/s (baseline: 4.0/s, z=3.1)
2026-09-26 14:18:57,774 - drone_ids.detector.MAVLinkAnomalyDetector - WARNING - ALERT [WARNING] mavlink_rate_anomaly: MAVLink rate anomaly AHRS2: 4.2/s (baseline: 4.0/s, z=5.3)
2026-09-26 14:18:59,019 - drone_ids.detector.MAVLinkAnomalyDetector - WARNING - ALERT [WARNING] mavlink_rate_anomaly: MAVLink rate anomaly AHRS: 4.2/s (baseline: 4.0/s, z=5.7)
2026-09-26 14:19:00,020 - drone_ids.detector.MAVLinkAnomalyDetector - WARNING - ALERT [WARNING] mavlink_rate_anomaly: MAVLink rate anomaly AHRS: 4.2/s (baseline: 4.0/s, z=5.4)
2026-09-26 14:19:00,187 - drone_ids.main - INFO - Status: {'state': 'running', 'detectors': 6, 'stats': {'messages_processed': 36419, 'alerts_generated': 40, 'alerts_by_type': {'mavlink_sequence_gap': 1, 'mavlink_rate_anomaly': 39}, 'uptime': 339.04168796539307, 'errors': 0}}
2026-09-26 14:19:01,022 - drone_ids.detector.MAVLinkAnomalyDetector - WARNING - ALERT [WARNING] mavlink_rate_anomaly: MAVLink rate anomaly AHRS: 4.2/s (baseline: 4.0/s, z=5.7)
2026-09-26 14:19:02,022 - drone_ids.detector.MAVLinkAnomalyDetector - WARNING - ALERT [WARNING] mavlink_rate_anomaly: MAVLink rate anomaly ATTITUDE: 4.2/s (baseline: 4.0/s, z=5.0)
2026-09-26 14:19:03,024 - drone_ids.detector.MAVLinkAnomalyDetector - WARNING - ALERT [WARNING] mavlink_rate_anomaly: MAVLink rate anomaly AHRS: 4.2/s (baseline: 4.0/s, z=5.6)
2026-09-26 14:19:04,025 - drone_ids.detector.MAVLinkAnomalyDetector - WARNING - ALERT [WARNING] mavlink_rate_anomaly: MAVLink rate anomaly AHRS2: 4.2/s (baseline: 4.0/s, z=5.3)
2026-09-26 14:19:05,025 - drone_ids.detector.MAVLinkAnomalyDetector - WARNING - ALERT [WARNING] mavlink_rate_anomaly: MAVLink rate anomaly GLOBAL_POSITION_INT: 4.2/s (baseline: 4.0/s, z=4.6)
2026-09-26 14:19:06,194 - drone_ids.detector.MAVLinkAnomalyDetector - WARNING - ALERT [WARNING] mavlink_rate_anomaly: MAVLink rate anomaly HEARTBEAT: 1.3/s (baseline: 1.0/s, z=4.6)
2026-09-26 14:19:07,273 - drone_ids.detector.MAVLinkAnomalyDetector - WARNING - ALERT [WARNING] mavlink_rate_anomaly: MAVLink rate anomaly AHRS: 4.2/s (baseline: 4.0/s, z=5.7)
2026-09-26 14:19:08,520 - drone_ids.detector.MAVLinkAnomalyDetector - WARNING - ALERT [WARNING] mavlink_rate_anomaly: MAVLink rate anomaly AHRS: 4.2/s (baseline: 4.0/s, z=5.4)
2026-09-26 14:19:09,525 - drone_ids.detector.MAVLinkAnomalyDetector - WARNING - ALERT [WARNING] mavlink_rate_anomaly: MAVLink rate anomaly AHRS: 4.2/s (baseline: 4.0/s, z=5.6)
2026-09-26 14:19:10,525 - drone_ids.detector.MAVLinkAnomalyDetector - WARNING - ALERT [WARNING] mavlink_rate_anomaly: MAVLink rate anomaly SYS_STATUS: 4.2/s (baseline: 4.0/s, z=3.8)
2026-09-26 14:19:11,525 - drone_ids.detector.MAVLinkAnomalyDetector - WARNING - ALERT [WARNING] mavlink_rate_anomaly: MAVLink rate anomaly ATTITUDE: 4.2/s (baseline: 4.0/s, z=5.0)
2026-09-26 14:19:12,526 - drone_ids.detector.MAVLinkAnomalyDetector - WARNING - ALERT [WARNING] mavlink_rate_anomaly: MAVLink rate anomaly SYS_STATUS: 4.2/s (baseline: 4.0/s, z=3.9)
2026-09-26 14:19:13,526 - drone_ids.detector.MAVLinkAnomalyDetector - WARNING - ALERT [WARNING] mavlink_rate_anomaly: MAVLink rate anomaly GLOBAL_POSITION_INT: 4.2/s (baseline: 4.0/s, z=4.5)
2026-09-26 14:19:14,526 - drone_ids.detector.MAVLinkAnomalyDetector - WARNING - ALERT [WARNING] mavlink_rate_anomaly: MAVLink rate anomaly MEMINFO: 4.2/s (baseline: 4.0/s, z=3.2)
2026-09-26 14:19:15,527 - drone_ids.detector.MAVLinkAnomalyDetector - WARNING - ALERT [WARNING] mavlink_rate_anomaly: MAVLink rate anomaly GLOBAL_POSITION_INT: 4.2/s (baseline: 4.0/s, z=4.5)
2026-09-26 14:19:16,529 - drone_ids.detector.MAVLinkAnomalyDetector - WARNING - ALERT [WARNING] mavlink_rate_anomaly: MAVLink rate anomaly SYS_STATUS: 4.2/s (baseline: 4.0/s, z=3.9)
2026-09-26 14:19:17,772 - drone_ids.detector.MAVLinkAnomalyDetector - WARNING - ALERT [WARNING] mavlink_rate_anomaly: MAVLink rate anomaly AHRS: 4.2/s (baseline: 4.0/s, z=5.4)
2026-09-26 14:19:18,773 - drone_ids.detector.MAVLinkAnomalyDetector - WARNING - ALERT [WARNING] mavlink_rate_anomaly: MAVLink rate anomaly AHRS2: 4.2/s (baseline: 4.0/s, z=5.1)
2026-09-26 14:19:20,022 - drone_ids.detector.MAVLinkAnomalyDetector - WARNING - ALERT [WARNING] mavlink_rate_anomaly: MAVLink rate anomaly AHRS: 4.2/s (baseline: 4.0/s, z=5.4)
2026-09-26 14:19:20,986 - drone_ids.engine - INFO - Stats: msgs=38726, rate=107.6/s, alerts=59, errors=0
2026-09-26 14:19:21,026 - drone_ids.detector.MAVLinkAnomalyDetector - WARNING - ALERT [WARNING] mavlink_rate_anomaly: MAVLink rate anomaly AHRS: 4.2/s (baseline: 4.0/s, z=5.6)
2026-09-26 14:19:22,026 - drone_ids.detector.MAVLinkAnomalyDetector - WARNING - ALERT [WARNING] mavlink_rate_anomaly: MAVLink rate anomaly AHRS: 4.2/s (baseline: 4.0/s, z=5.6)
2026-09-26 14:19:23,027 - drone_ids.detector.MAVLinkAnomalyDetector - WARNING - ALERT [WARNING] mavlink_rate_anomaly: MAVLink rate anomaly POWER_STATUS: 4.2/s (baseline: 4.0/s, z=3.5)
2026-09-26 14:19:24,200 - drone_ids.detector.MAVLinkAnomalyDetector - WARNING - ALERT [WARNING] mavlink_rate_anomaly: MAVLink rate anomaly HEARTBEAT: 1.2/s (baseline: 1.0/s, z=4.6)
2026-09-26 14:19:25,274 - drone_ids.detector.MAVLinkAnomalyDetector - WARNING - ALERT [WARNING] mavlink_rate_anomaly: MAVLink rate anomaly AHRS: 4.2/s (baseline: 4.0/s, z=5.6)
2026-09-26 14:19:26,276 - drone_ids.detector.MAVLinkAnomalyDetector - WARNING - ALERT [WARNING] mavlink_rate_anomaly: MAVLink rate anomaly AHRS: 4.2/s (baseline: 4.0/s, z=5.6)
2026-09-26 14:19:27,276 - drone_ids.detector.MAVLinkAnomalyDetector - WARNING - ALERT [WARNING] mavlink_rate_anomaly: MAVLink rate anomaly ATTITUDE: 4.2/s (baseline: 4.0/s, z=4.8)
2026-09-26 14:19:28,276 - drone_ids.detector.MAVLinkAnomalyDetector - WARNING - ALERT [WARNING] mavlink_rate_anomaly: MAVLink rate anomaly AHRS2: 4.2/s (baseline: 4.0/s, z=5.3)
2026-09-26 14:19:29,277 - drone_ids.detector.MAVLinkAnomalyDetector - WARNING - ALERT [WARNING] mavlink_rate_anomaly: MAVLink rate anomaly AHRS: 4.2/s (baseline: 4.0/s, z=5.7)
2026-09-26 14:19:30,190 - drone_ids.main - INFO - Status: {'state': 'running', 'detectors': 6, 'stats': {'messages_processed': 39753, 'alerts_generated': 68, 'alerts_by_type': {'mavlink_sequence_gap': 1, 'mavlink_rate_anomaly': 67}, 'uptime': 369.04525351524353, 'errors': 0}}
2026-09-26 14:19:30,278 - drone_ids.detector.MAVLinkAnomalyDetector - WARNING - ALERT [WARNING] mavlink_rate_anomaly: MAVLink rate anomaly AHRS: 4.2/s (baseline: 4.0/s, z=5.6)
2026-09-26 14:19:31,525 - drone_ids.detector.MAVLinkAnomalyDetector - WARNING - ALERT [WARNING] mavlink_rate_anomaly: MAVLink rate anomaly AHRS: 4.2/s (baseline: 4.0/s, z=5.7)
2026-09-26 14:19:32,526 - drone_ids.detector.MAVLinkAnomalyDetector - WARNING - ALERT [WARNING] mavlink_rate_anomaly: MAVLink rate anomaly AHRS: 4.2/s (baseline: 4.0/s, z=5.7)
2026-09-26 14:19:33,528 - drone_ids.detector.MAVLinkAnomalyDetector - WARNING - ALERT [WARNING] mavlink_rate_anomaly: MAVLink rate anomaly AHRS: 4.2/s (baseline: 4.0/s, z=5.6)
2026-09-26 14:19:34,530 - drone_ids.detector.MAVLinkAnomalyDetector - WARNING - ALERT [WARNING] mavlink_rate_anomaly: MAVLink rate anomaly ATTITUDE: 4.2/s (baseline: 4.0/s, z=4.9)
2026-09-26 14:19:35,776 - drone_ids.detector.MAVLinkAnomalyDetector - WARNING - ALERT [WARNING] mavlink_rate_anomaly: MAVLink rate anomaly AHRS: 4.2/s (baseline: 4.0/s, z=5.5)
2026-09-26 14:19:36,778 - drone_ids.detector.MAVLinkAnomalyDetector - WARNING - ALERT [WARNING] mavlink_rate_anomaly: MAVLink rate anomaly AHRS: 4.2/s (baseline: 4.0/s, z=5.7)
2026-09-26 14:19:37,779 - drone_ids.detector.MAVLinkAnomalyDetector - WARNING - ALERT [WARNING] mavlink_rate_anomaly: MAVLink rate anomaly VFR_HUD: 4.2/s (baseline: 4.0/s, z=4.3)
2026-09-26 14:19:38,779 - drone_ids.detector.MAVLinkAnomalyDetector - WARNING - ALERT [WARNING] mavlink_rate_anomaly: MAVLink rate anomaly AHRS2: 4.2/s (baseline: 4.0/s, z=5.3)
2026-09-26 14:19:39,780 - drone_ids.detector.MAVLinkAnomalyDetector - WARNING - ALERT [WARNING] mavlink_rate_anomaly: MAVLink rate anomaly AHRS2: 4.2/s (baseline: 4.0/s, z=5.3)
2026-09-26 14:19:40,780 - drone_ids.detector.MAVLinkAnomalyDetector - WARNING - ALERT [WARNING] mavlink_rate_anomaly: MAVLink rate anomaly GLOBAL_POSITION_INT: 4.2/s (baseline: 4.0/s, z=4.6)
2026-09-26 14:19:41,781 - drone_ids.detector.MAVLinkAnomalyDetector - WARNING - ALERT [WARNING] mavlink_rate_anomaly: MAVLink rate anomaly ATTITUDE: 4.2/s (baseline: 4.0/s, z=4.9)
2026-09-26 14:19:42,781 - drone_ids.detector.MAVLinkAnomalyDetector - WARNING - ALERT [WARNING] mavlink_rate_anomaly: MAVLink rate anomaly POWER_STATUS: 4.2/s (baseline: 4.0/s, z=3.3)
2026-09-26 14:19:43,783 - drone_ids.detector.MAVLinkAnomalyDetector - WARNING - ALERT [WARNING] mavlink_rate_anomaly: MAVLink rate anomaly POWER_STATUS: 4.2/s (baseline: 4.0/s, z=3.5)
2026-09-26 14:19:45,028 - drone_ids.detector.MAVLinkAnomalyDetector - WARNING - ALERT [WARNING] mavlink_rate_anomaly: MAVLink rate anomaly AHRS: 4.2/s (baseline: 4.0/s, z=5.4)
2026-09-26 14:19:46,030 - drone_ids.detector.MAVLinkAnomalyDetector - WARNING - ALERT [WARNING] mavlink_rate_anomaly: MAVLink rate anomaly AHRS: 4.2/s (baseline: 4.0/s, z=5.6)
2026-09-26 14:19:47,198 - drone_ids.detector.MAVLinkAnomalyDetector - WARNING - ALERT [WARNING] mavlink_rate_anomaly: MAVLink rate anomaly HEARTBEAT: 1.2/s (baseline: 1.0/s, z=3.7)
2026-09-26 14:19:48,203 - drone_ids.detector.MAVLinkAnomalyDetector - WARNING - ALERT [WARNING] mavlink_rate_anomaly: MAVLink rate anomaly HEARTBEAT: 1.2/s (baseline: 1.0/s, z=4.6)
2026-09-26 14:19:49,278 - drone_ids.detector.MAVLinkAnomalyDetector - WARNING - ALERT [WARNING] mavlink_rate_anomaly: MAVLink rate anomaly AHRS: 4.2/s (baseline: 4.0/s, z=5.4)
2026-09-26 14:19:50,278 - drone_ids.detector.MAVLinkAnomalyDetector - WARNING - ALERT [WARNING] mavlink_rate_anomaly: MAVLink rate anomaly AHRS2: 4.2/s (baseline: 4.0/s, z=5.1)
2026-09-26 14:19:51,017 - drone_ids.engine - INFO - Stats: msgs=42060, rate=107.9/s, alerts=88, errors=0
2026-09-26 14:19:51,280 - drone_ids.detector.MAVLinkAnomalyDetector - WARNING - ALERT [WARNING] mavlink_rate_anomaly: MAVLink rate anomaly AHRS: 4.2/s (baseline: 4.0/s, z=5.7)
2026-09-26 14:19:52,281 - drone_ids.detector.MAVLinkAnomalyDetector - WARNING - ALERT [WARNING] mavlink_rate_anomaly: MAVLink rate anomaly POWER_STATUS: 4.2/s (baseline: 4.0/s, z=3.4)
2026-09-26 14:19:53,282 - drone_ids.detector.MAVLinkAnomalyDetector - WARNING - ALERT [WARNING] mavlink_rate_anomaly: MAVLink rate anomaly SYS_STATUS: 4.2/s (baseline: 4.0/s, z=3.8)
2026-09-26 14:19:54,530 - drone_ids.detector.MAVLinkAnomalyDetector - WARNING - ALERT [WARNING] mavlink_rate_anomaly: MAVLink rate anomaly AHRS: 4.2/s (baseline: 4.0/s, z=5.7)
2026-09-26 14:19:55,778 - drone_ids.detector.MAVLinkAnomalyDetector - WARNING - ALERT [WARNING] mavlink_rate_anomaly: MAVLink rate anomaly AHRS: 4.2/s (baseline: 4.0/s, z=5.7)
2026-09-26 14:19:56,780 - drone_ids.detector.MAVLinkAnomalyDetector - WARNING - ALERT [WARNING] mavlink_rate_anomaly: MAVLink rate anomaly AHRS: 4.2/s (baseline: 4.0/s, z=5.7)
2026-09-26 14:19:57,780 - drone_ids.detector.MAVLinkAnomalyDetector - WARNING - ALERT [WARNING] mavlink_rate_anomaly: MAVLink rate anomaly POWER_STATUS: 4.2/s (baseline: 4.0/s, z=3.4)
2026-09-26 14:19:58,782 - drone_ids.detector.MAVLinkAnomalyDetector - WARNING - ALERT [WARNING] mavlink_rate_anomaly: MAVLink rate anomaly AHRS: 4.2/s (baseline: 4.0/s, z=5.6)
2026-09-26 14:19:59,783 - drone_ids.detector.MAVLinkAnomalyDetector - WARNING - ALERT [WARNING] mavlink_rate_anomaly: MAVLink rate anomaly SYS_STATUS: 4.2/s (baseline: 4.0/s, z=3.9)
2026-09-26 14:20:00,194 - drone_ids.main - INFO - Status: {'state': 'running', 'detectors': 6, 'stats': {'messages_processed': 43087, 'alerts_generated': 97, 'alerts_by_type': {'mavlink_sequence_gap': 1, 'mavlink_rate_anomaly': 96}, 'uptime': 399.04844093322754, 'errors': 0}}
2026-09-26 14:20:00,783 - drone_ids.detector.MAVLinkAnomalyDetector - WARNING - ALERT [WARNING] mavlink_rate_anomaly: MAVLink rate anomaly GLOBAL_POSITION_INT: 4.2/s (baseline: 4.0/s, z=4.6)
2026-09-26 14:20:01,784 - drone_ids.detector.MAVLinkAnomalyDetector - WARNING - ALERT [WARNING] mavlink_rate_anomaly: MAVLink rate anomaly GLOBAL_POSITION_INT: 4.2/s (baseline: 4.0/s, z=4.7)
2026-09-26 14:20:02,785 - drone_ids.detector.MAVLinkAnomalyDetector - WARNING - ALERT [WARNING] mavlink_rate_anomaly: MAVLink rate anomaly NAV_CONTROLLER_OUTPUT: 4.2/s (baseline: 4.0/s, z=3.2)
2026-09-26 14:20:03,785 - drone_ids.detector.MAVLinkAnomalyDetector - WARNING - ALERT [WARNING] mavlink_rate_anomaly: MAVLink rate anomaly POWER_STATUS: 4.2/s (baseline: 4.0/s, z=3.5)
2026-09-26 14:20:04,785 - drone_ids.detector.MAVLinkAnomalyDetector - WARNING - ALERT [WARNING] mavlink_rate_anomaly: MAVLink rate anomaly VFR_HUD: 4.2/s (baseline: 4.0/s, z=4.2)
2026-09-26 14:20:05,785 - drone_ids.detector.MAVLinkAnomalyDetector - WARNING - ALERT [WARNING] mavlink_rate_anomaly: MAVLink rate anomaly SYS_STATUS: 4.2/s (baseline: 4.0/s, z=4.0)
2026-09-26 14:20:07,034 - drone_ids.detector.MAVLinkAnomalyDetector - WARNING - ALERT [WARNING] mavlink_rate_anomaly: MAVLink rate anomaly AHRS: 4.2/s (baseline: 4.0/s, z=5.6)
2026-09-26 14:20:08,034 - drone_ids.detector.MAVLinkAnomalyDetector - WARNING - ALERT [WARNING] mavlink_rate_anomaly: MAVLink rate anomaly GLOBAL_POSITION_INT: 4.2/s (baseline: 4.0/s, z=4.4)
2026-09-26 14:20:09,034 - drone_ids.detector.MAVLinkAnomalyDetector - WARNING - ALERT [WARNING] mavlink_rate_anomaly: MAVLink rate anomaly AHRS: 4.2/s (baseline: 4.0/s, z=5.6)
2026-09-26 14:20:10,034 - drone_ids.detector.MAVLinkAnomalyDetector - WARNING - ALERT [WARNING] mavlink_rate_anomaly: MAVLink rate anomaly VFR_HUD: 4.2/s (baseline: 4.0/s, z=4.1)
2026-09-26 14:20:11,035 - drone_ids.detector.MAVLinkAnomalyDetector - WARNING - ALERT [WARNING] mavlink_rate_anomaly: MAVLink rate anomaly VFR_HUD: 4.2/s (baseline: 4.0/s, z=4.3)
2026-09-26 14:20:12,205 - drone_ids.detector.MAVLinkAnomalyDetector - WARNING - ALERT [WARNING] mavlink_rate_anomaly: MAVLink rate anomaly HEARTBEAT: 1.2/s (baseline: 1.0/s, z=4.6)
2026-09-26 14:20:13,207 - drone_ids.detector.MAVLinkAnomalyDetector - WARNING - ALERT [WARNING] mavlink_rate_anomaly: MAVLink rate anomaly HEARTBEAT: 1.2/s (baseline: 1.0/s, z=4.5)
2026-09-26 14:20:14,280 - drone_ids.detector.MAVLinkAnomalyDetector - WARNING - ALERT [WARNING] mavlink_rate_anomaly: MAVLink rate anomaly AHRS: 4.2/s (baseline: 4.0/s, z=5.5)
2026-09-26 14:20:15,285 - drone_ids.detector.MAVLinkAnomalyDetector - WARNING - ALERT [WARNING] mavlink_rate_anomaly: MAVLink rate anomaly AHRS: 4.2/s (baseline: 4.0/s, z=5.6)
2026-09-26 14:20:16,285 - drone_ids.detector.MAVLinkAnomalyDetector - WARNING - ALERT [WARNING] mavlink_rate_anomaly: MAVLink rate anomaly MEMINFO: 4.2/s (baseline: 4.0/s, z=3.3)
2026-09-26 14:20:17,286 - drone_ids.detector.MAVLinkAnomalyDetector - WARNING - ALERT [WARNING] mavlink_rate_anomaly: MAVLink rate anomaly GLOBAL_POSITION_INT: 4.2/s (baseline: 4.0/s, z=4.6)
2026-09-26 14:20:18,286 - drone_ids.detector.MAVLinkAnomalyDetector - WARNING - ALERT [WARNING] mavlink_rate_anomaly: MAVLink rate anomaly ATTITUDE: 4.2/s (baseline: 4.0/s, z=5.0)
2026-09-26 14:20:19,286 - drone_ids.detector.MAVLinkAnomalyDetector - WARNING - ALERT [WARNING] mavlink_rate_anomaly: MAVLink rate anomaly NAV_CONTROLLER_OUTPUT: 4.2/s (baseline: 4.0/s, z=3.1)
2026-09-26 14:20:20,287 - drone_ids.detector.MAVLinkAnomalyDetector - WARNING - ALERT [WARNING] mavlink_rate_anomaly: MAVLink rate anomaly GLOBAL_POSITION_INT: 4.2/s (baseline: 4.0/s, z=4.4)
2026-09-26 14:20:21,046 - drone_ids.engine - INFO - Stats: msgs=45413, rate=108.2/s, alerts=117, errors=0
2026-09-26 14:20:21,287 - drone_ids.detector.MAVLinkAnomalyDetector - WARNING - ALERT [WARNING] mavlink_rate_anomaly: MAVLink rate anomaly VFR_HUD: 4.2/s (baseline: 4.0/s, z=4.3)
2026-09-26 14:20:22,288 - drone_ids.detector.MAVLinkAnomalyDetector - WARNING - ALERT [WARNING] mavlink_rate_anomaly: MAVLink rate anomaly GLOBAL_POSITION_INT: 4.2/s (baseline: 4.0/s, z=4.5)
2026-09-26 14:20:23,289 - drone_ids.detector.MAVLinkAnomalyDetector - WARNING - ALERT [WARNING] mavlink_rate_anomaly: MAVLink rate anomaly POWER_STATUS: 4.2/s (baseline: 4.0/s, z=3.3)
2026-09-26 14:20:24,290 - drone_ids.detector.MAVLinkAnomalyDetector - WARNING - ALERT [WARNING] mavlink_rate_anomaly: MAVLink rate anomaly VFR_HUD: 4.2/s (baseline: 4.0/s, z=4.2)
2026-09-26 14:20:25,530 - drone_ids.detector.MAVLinkAnomalyDetector - WARNING - ALERT [WARNING] mavlink_rate_anomaly: MAVLink rate anomaly AHRS: 4.2/s (baseline: 4.0/s, z=5.5)
2026-09-26 14:20:26,536 - drone_ids.detector.MAVLinkAnomalyDetector - WARNING - ALERT [WARNING] mavlink_rate_anomaly: MAVLink rate anomaly AHRS: 4.2/s (baseline: 4.0/s, z=5.4)
2026-09-26 14:20:27,536 - drone_ids.detector.MAVLinkAnomalyDetector - WARNING - ALERT [WARNING] mavlink_rate_anomaly: MAVLink rate anomaly GLOBAL_POSITION_INT: 4.2/s (baseline: 4.0/s, z=4.5)
2026-09-26 14:20:28,537 - drone_ids.detector.MAVLinkAnomalyDetector - WARNING - ALERT [WARNING] mavlink_rate_anomaly: MAVLink rate anomaly AHRS: 4.2/s (baseline: 4.0/s, z=5.6)
2026-09-26 14:20:29,537 - drone_ids.detector.MAVLinkAnomalyDetector - WARNING - ALERT [WARNING] mavlink_rate_anomaly: MAVLink rate anomaly SYS_STATUS: 4.2/s (baseline: 4.0/s, z=3.7)
2026-09-26 14:20:30,197 - drone_ids.main - INFO - Status: {'state': 'running', 'detectors': 6, 'stats': {'messages_processed': 46421, 'alerts_generated': 126, 'alerts_by_type': {'mavlink_sequence_gap': 1, 'mavlink_rate_anomaly': 125}, 'uptime': 429.05158853530884, 'errors': 0}}
2026-09-26 14:20:30,538 - drone_ids.detector.MAVLinkAnomalyDetector - WARNING - ALERT [WARNING] mavlink_rate_anomaly: MAVLink rate anomaly POWER_STATUS: 4.2/s (baseline: 4.0/s, z=3.5)
2026-09-26 14:20:31,783 - drone_ids.detector.MAVLinkAnomalyDetector - WARNING - ALERT [WARNING] mavlink_rate_anomaly: MAVLink rate anomaly AHRS: 4.2/s (baseline: 4.0/s, z=5.5)
2026-09-26 14:20:32,787 - drone_ids.detector.MAVLinkAnomalyDetector - WARNING - ALERT [WARNING] mavlink_rate_anomaly: MAVLink rate anomaly AHRS: 4.2/s (baseline: 4.0/s, z=5.7)
2026-09-26 14:20:33,787 - drone_ids.detector.MAVLinkAnomalyDetector - WARNING - ALERT [WARNING] mavlink_rate_anomaly: MAVLink rate anomaly AHRS: 4.2/s (baseline: 4.0/s, z=5.7)
2026-09-26 14:20:34,787 - drone_ids.detector.MAVLinkAnomalyDetector - WARNING - ALERT [WARNING] mavlink_rate_anomaly: MAVLink rate anomaly VFR_HUD: 4.2/s (baseline: 4.0/s, z=4.4)
2026-09-26 14:20:36,033 - drone_ids.detector.MAVLinkAnomalyDetector - WARNING - ALERT [WARNING] mavlink_rate_anomaly: MAVLink rate anomaly AHRS: 4.2/s (baseline: 4.0/s, z=5.4)
2026-09-26 14:20:37,037 - drone_ids.detector.MAVLinkAnomalyDetector - WARNING - ALERT [WARNING] mavlink_rate_anomaly: MAVLink rate anomaly AHRS: 4.2/s (baseline: 4.0/s, z=5.6)
2026-09-26 14:20:38,037 - drone_ids.detector.MAVLinkAnomalyDetector - WARNING - ALERT [WARNING] mavlink_rate_anomaly: MAVLink rate anomaly ATTITUDE: 4.2/s (baseline: 4.0/s, z=4.7)
2026-09-26 14:20:39,208 - drone_ids.detector.MAVLinkAnomalyDetector - WARNING - ALERT [WARNING] mavlink_rate_anomaly: MAVLink rate anomaly HEARTBEAT: 1.2/s (baseline: 1.0/s, z=3.7)
2026-09-26 14:20:40,288 - drone_ids.detector.MAVLinkAnomalyDetector - WARNING - ALERT [WARNING] mavlink_rate_anomaly: MAVLink rate anomaly AHRS: 4.2/s (baseline: 4.0/s, z=5.6)
2026-09-26 14:20:41,288 - drone_ids.detector.MAVLinkAnomalyDetector - WARNING - ALERT [WARNING] mavlink_rate_anomaly: MAVLink rate anomaly AHRS2: 4.2/s (baseline: 4.0/s, z=5.3)
2026-09-26 15:15:02,338 - drone_ids.main - INFO - Initializing Drone IDS...
2026-09-26 15:15:02,343 - drone_ids.engine - INFO - Added detector: GPSSpoofingDetector
2026-09-26 15:15:02,343 - drone_ids.main - INFO - Registered: GPSSpoofingDetector
2026-09-26 15:15:02,343 - drone_ids.engine - INFO - Added detector: MAVLinkAnomalyDetector
2026-09-26 15:15:02,343 - drone_ids.main - INFO - Registered: MAVLinkAnomalyDetector
2026-09-26 15:15:02,343 - drone_ids.engine - INFO - Added detector: CommandInjectionDetector
2026-09-26 15:15:02,343 - drone_ids.main - INFO - Registered: CommandInjectionDetector
2026-09-26 15:15:02,343 - drone_ids.engine - INFO - Added detector: TelemetryManipulationDetector
2026-09-26 15:15:02,343 - drone_ids.main - INFO - Registered: TelemetryManipulationDetector
2026-09-26 15:15:02,343 - drone_ids.engine - INFO - Added detector: DoSDetector
2026-09-26 15:15:02,343 - drone_ids.main - INFO - Registered: DoSDetector
2026-09-26 15:15:02,343 - drone_ids.engine - INFO - Added detector: FirmwareIntegrityDetector
2026-09-26 15:15:02,343 - drone_ids.main - INFO - Registered: FirmwareIntegrityDetector
2026-09-26 15:15:02,344 - drone_ids.alert_manager - INFO - Alert Manager started
2026-09-26 15:15:02,344 - drone_ids.main - INFO - Connecting to SITL on UDP 14550...
2026-09-26 15:15:02,344 - drone_ids.mavlink - INFO - Connecting to udp:127.0.0.1:14550...
2026-09-26 15:15:02,344 - drone_ids.mavlink - INFO - Waiting for heartbeat...
2026-09-26 15:15:02,698 - drone_ids.mavlink - INFO - Connected to system 1
2026-09-26 15:15:02,700 - drone_ids.main - INFO - Requested stream 0 at 10Hz
2026-09-26 15:15:02,700 - drone_ids.main - INFO - Requested stream 5 at 10Hz
2026-09-26 15:15:02,700 - drone_ids.main - INFO - Requested stream 2 at 5Hz
2026-09-26 15:15:02,700 - drone_ids.main - INFO - Starting Drone IDS...
2026-09-26 15:15:02,700 - drone_ids.detector.GPSSpoofingDetector - INFO - GPS Spoofing Detector initialized
2026-09-26 15:15:02,700 - drone_ids.engine - INFO - Initialized detector: GPSSpoofingDetector
2026-09-26 15:15:02,701 - drone_ids.detector.MAVLinkAnomalyDetector - INFO - MAVLink Anomaly Detector initialized
2026-09-26 15:15:02,701 - drone_ids.engine - INFO - Initialized detector: MAVLinkAnomalyDetector
2026-09-26 15:15:02,701 - drone_ids.detector.CommandInjectionDetector - INFO - Command Injection Detector initialized
2026-09-26 15:15:02,701 - drone_ids.engine - INFO - Initialized detector: CommandInjectionDetector
2026-09-26 15:15:02,701 - drone_ids.detector.TelemetryManipulationDetector - INFO - Telemetry Manipulation Detector initialized
2026-09-26 15:15:02,701 - drone_ids.engine - INFO - Initialized detector: TelemetryManipulationDetector
2026-09-26 15:15:02,701 - drone_ids.detector.DoSDetector - INFO - DoS Detector initialized
2026-09-26 15:15:02,701 - drone_ids.engine - INFO - Initialized detector: DoSDetector
2026-09-26 15:15:02,701 - drone_ids.detector.FirmwareIntegrityDetector - INFO - Firmware Integrity Detector initialized
2026-09-26 15:15:02,701 - drone_ids.engine - INFO - Initialized detector: FirmwareIntegrityDetector
2026-09-26 15:15:02,701 - drone_ids.engine - INFO - IDS Engine started
2026-09-26 15:15:02,702 - drone_ids.main - INFO - Running indefinitely (Ctrl+C to stop)...
2026-09-26 15:15:17,702 - drone_ids.detector.MAVLinkAnomalyDetector - WARNING - ALERT [WARNING] mavlink_sequence_gap: MAVLink sequence gap: 149 (sys=1, comp=1, type=FLIGHT_INFORMATION)
2026-09-26 15:15:30,705 - drone_ids.main - INFO - Status: {'state': 'running', 'detectors': 6, 'stats': {'messages_processed': 1689, 'alerts_generated': 1, 'alerts_by_type': {'mavlink_sequence_gap': 1}, 'uptime': 28.003602743148804, 'errors': 0}}
2026-09-26 15:15:32,129 - drone_ids.engine - INFO - Stats: msgs=1854, rate=63.0/s, alerts=1, errors=0
2026-09-26 15:16:00,708 - drone_ids.main - INFO - Status: {'state': 'running', 'detectors': 6, 'stats': {'messages_processed': 5023, 'alerts_generated': 1, 'alerts_by_type': {'mavlink_sequence_gap': 1}, 'uptime': 58.006940841674805, 'errors': 0}}
2026-09-26 15:16:02,159 - drone_ids.engine - INFO - Stats: msgs=5188, rate=87.3/s, alerts=1, errors=0
2026-09-26 15:16:30,711 - drone_ids.main - INFO - Status: {'state': 'running', 'detectors': 6, 'stats': {'messages_processed': 8356, 'alerts_generated': 1, 'alerts_by_type': {'mavlink_sequence_gap': 1}, 'uptime': 88.00989389419556, 'errors': 0}}
2026-09-26 15:16:32,192 - drone_ids.engine - INFO - Stats: msgs=8522, rate=95.2/s, alerts=1, errors=0
2026-09-26 15:17:00,714 - drone_ids.main - INFO - Status: {'state': 'running', 'detectors': 6, 'stats': {'messages_processed': 11690, 'alerts_generated': 1, 'alerts_by_type': {'mavlink_sequence_gap': 1}, 'uptime': 118.01280760765076, 'errors': 0}}
2026-09-26 15:17:02,219 - drone_ids.engine - INFO - Stats: msgs=11857, rate=99.2/s, alerts=1, errors=0
2026-09-26 15:17:04,266 - drone_ids.main - INFO - Signal 2, shutting down...
2026-09-26 15:17:04,714 - drone_ids.main - INFO - Shutting down...
2026-09-26 15:17:04,714 - drone_ids.detector.GPSSpoofingDetector - INFO - GPS Spoofing Detector shutdown
2026-09-26 15:17:04,715 - drone_ids.detector.MAVLinkAnomalyDetector - INFO - MAVLink Anomaly Detector shutdown
2026-09-26 15:17:04,715 - drone_ids.detector.CommandInjectionDetector - INFO - Command Injection Detector shutdown
2026-09-26 15:17:04,715 - drone_ids.detector.TelemetryManipulationDetector - INFO - Telemetry Manipulation Detector shutdown
2026-09-26 15:17:04,715 - drone_ids.detector.DoSDetector - INFO - DoS Detector shutdown
2026-09-26 15:17:04,715 - drone_ids.detector.FirmwareIntegrityDetector - INFO - Firmware Integrity Detector shutdown
2026-09-26 15:17:04,721 - drone_ids.engine - INFO - IDS Engine stopped
2026-09-26 15:17:05,717 - drone_ids.alert_manager - INFO - Alert Manager stopped
2026-09-26 15:17:05,756 - drone_ids.mavlink - INFO - Disconnected
2026-09-26 15:17:05,756 - drone_ids.main - INFO - Shutdown complete
